# 3ds Max Wavefront OBJ Exporter v0.99 - (c)2007 guruware
# File Created: 26.03.2025 21:10:58

mtllib LlantaDerDel.mtl

#
# object DrawCall_0185
#

v  5.2905 -1.6434 1.3957
v  5.5151 -0.5570 1.3960
v  5.3357 -0.5390 1.5577
v  5.1187 -1.5886 1.5575
v  5.5091 0.5524 1.3946
v  5.3299 0.5328 1.5564
v  5.1016 1.5800 1.5534
v  5.2728 1.6363 1.3916
v  5.1051 -0.5159 1.6243
v  4.8979 -1.5181 1.6241
v  5.0996 0.5074 1.6230
v  4.8816 1.5073 1.6202
v  4.8302 -0.4885 1.6204
v  4.6347 -1.4340 1.6202
v  4.8250 0.4770 1.6192
v  4.6193 1.4204 1.6166
v  3.3322 4.2793 1.3745
v  3.2268 4.1333 1.5369
v  4.0266 3.4205 1.5435
v  4.1600 3.5414 1.3813
v  4.6607 2.5567 1.5491
v  4.8164 2.6473 1.3871
v  3.0915 3.9452 1.6044
v  3.8551 3.2646 1.6108
v  4.4606 2.4399 1.6161
v  2.9303 3.7206 1.6016
v  3.6508 3.0784 1.6076
v  4.2221 2.3003 1.6126
v  0.2673 -5.3375 1.3644
v  1.3691 -5.2156 1.3721
v  1.3303 -5.0396 1.5346
v  0.2658 -5.1574 1.5272
v  2.4215 -4.8671 1.3792
v  2.3470 -4.7029 1.5415
v  3.2716 -4.1620 1.5474
v  3.3785 -4.3072 1.3853
v  1.2808 -4.8131 1.6023
v  0.2644 -4.9256 1.5951
v  2.2515 -4.4916 1.6088
v  3.1343 -3.9752 1.6145
v  1.2218 -4.5429 1.5996
v  0.2629 -4.6490 1.5929
v  2.1378 -4.2396 1.6058
v  2.9707 -3.7523 1.6111
v  4.6884 -2.5700 1.5556
v  4.8451 -2.6594 1.3938
v  4.0636 -3.4405 1.5522
v  4.1983 -3.5604 1.3903
v  4.4871 -2.4552 1.6223
v  3.8905 -3.2863 1.6191
v  4.2470 -2.3182 1.6185
v  3.6842 -3.1024 1.6154
v  -4.7956 -1.6978 1.3237
v  -4.3392 -2.7089 1.3282
v  -4.1845 -2.6179 1.4922
v  -4.6253 -1.6411 1.4879
v  -3.6828 -3.6029 1.3340
v  -3.5503 -3.4816 1.4978
v  -2.7505 -4.1945 1.5044
v  -2.8550 -4.3408 1.3408
v  -3.9848 -2.5009 1.5618
v  -4.4057 -1.5682 1.5576
v  -3.3793 -3.3255 1.5671
v  -2.6157 -4.0062 1.5734
v  -3.7462 -2.3613 1.5614
v  -4.1434 -1.4814 1.5575
v  -3.1749 -3.1394 1.5664
v  -2.4545 -3.7816 1.5724
v  -0.7999 -5.0511 1.5194
v  -0.8358 -5.2275 1.3563
v  -1.8202 -4.7254 1.5117
v  -1.8919 -4.8903 1.3484
v  -0.7531 -4.8241 1.5878
v  -1.7274 -4.5131 1.5804
v  -0.6972 -4.5533 1.5859
v  -1.6163 -4.2599 1.5789
v  -2.9014 4.2457 1.3299
v  -3.7212 3.4989 1.3250
v  -3.5874 3.3794 1.4891
v  -2.7953 4.1009 1.4939
v  -4.3679 2.5978 1.3215
v  -4.2122 2.5089 1.4857
v  -4.6425 1.5274 1.4839
v  -4.8133 1.5819 1.3196
v  -3.4146 3.2254 1.5588
v  -2.6585 3.9142 1.5634
v  -4.0112 2.3942 1.5556
v  -4.4221 1.4571 1.5538
v  -3.2083 3.0414 1.5586
v  -2.4948 3.6914 1.5629
v  -3.7712 2.2572 1.5555
v  -4.1588 1.3731 1.5539
v  -4.8537 -0.5939 1.4850
v  -5.0319 -0.6139 1.3207
v  -4.8595 0.4779 1.4836
v  -5.0379 0.4955 1.3193
v  -4.6237 -0.5684 1.5548
v  -4.6293 0.4550 1.5535
v  -4.3491 -0.5380 1.5549
v  -4.3543 0.4275 1.5536
v  2.3691 4.8288 1.3669
v  2.2964 4.6642 1.5296
v  1.3130 5.1659 1.3589
v  1.2761 4.9899 1.5219
v  0.2104 5.0962 1.5142
v  0.2099 5.2760 1.3509
v  2.2032 4.4521 1.5975
v  1.2290 4.7631 1.5901
v  0.2115 4.8646 1.5827
v  2.0922 4.1989 1.5951
v  1.1730 4.4923 1.5881
v  0.2130 4.5881 1.5812
v  -1.8708 4.6418 1.4999
v  -1.9443 4.8055 1.3361
v  -0.8540 4.9785 1.5067
v  -0.8919 5.1540 1.3432
v  -1.7757 4.4307 1.5691
v  -0.8049 4.7522 1.5756
v  -1.6619 4.1787 1.5683
v  -0.7460 4.4820 1.5744
v  5.3021 -1.6485 -2.6969
v  5.1313 -1.5940 -2.8612
v  5.3483 -0.5444 -2.8610
v  5.5267 -0.5621 -2.6966
v  5.3425 0.5274 -2.8623
v  5.5207 0.5473 -2.6981
v  5.1142 1.5745 -2.8652
v  5.2844 1.6313 -2.7011
v  4.9109 -1.5237 -2.9312
v  5.1181 -0.5215 -2.9309
v  5.1126 0.5018 -2.9322
v  4.8946 1.5017 -2.9350
v  4.6477 -1.4396 -2.9457
v  4.8431 -0.4941 -2.9310
v  4.8379 0.4714 -2.9322
v  4.6322 1.4148 -2.9348
v  3.3438 4.2742 -2.7182
v  4.1716 3.5363 -2.7114
v  4.0391 3.4150 -2.8752
v  3.2394 4.1279 -2.8818
v  4.8280 2.6423 -2.7056
v  4.6733 2.5513 -2.8696
v  3.8681 3.2590 -2.9445
v  3.1045 3.9396 -2.9508
v  4.4736 2.4343 -2.9392
v  3.6637 3.0728 -2.9438
v  2.9433 3.7150 -2.9642
v  4.2350 2.2947 -2.9388
v  0.2789 -5.3425 -2.7283
v  0.2784 -5.1628 -2.8915
v  1.3429 -5.0450 -2.8841
v  1.3807 -5.2206 -2.7205
v  2.3596 -4.7083 -2.8772
v  2.4332 -4.8721 -2.7135
v  3.2842 -4.1674 -2.8713
v  3.3902 -4.3122 -2.7073
v  0.2773 -4.9312 -2.9601
v  1.2937 -4.8187 -2.9530
v  2.2645 -4.4972 -2.9464
v  3.1473 -3.9808 -2.9408
v  0.2759 -4.6546 -2.9730
v  1.2348 -4.5485 -2.9518
v  2.1507 -4.2452 -2.9456
v  2.9837 -3.7579 -2.9403
v  4.8567 -2.6644 -2.6989
v  4.7010 -2.5755 -2.8631
v  4.2100 -3.5654 -2.7024
v  4.0762 -3.4460 -2.8665
v  4.5000 -2.4608 -2.9330
v  3.9035 -3.2919 -2.9362
v  4.2600 -2.3238 -2.9329
v  3.6971 -3.1080 -2.9360
v  -4.7839 -1.7028 -2.7689
v  -4.6128 -1.6465 -2.9308
v  -4.1719 -2.6233 -2.9265
v  -4.3276 -2.7139 -2.7644
v  -3.5377 -3.4870 -2.9209
v  -3.6711 -3.6079 -2.7586
v  -2.7380 -4.1999 -2.9143
v  -2.8433 -4.3458 -2.7518
v  -4.3928 -1.5738 -2.9976
v  -3.9718 -2.5065 -2.9934
v  -3.3663 -3.3311 -2.9881
v  -2.6027 -4.0118 -2.9818
v  -4.1304 -1.4870 -3.0084
v  -3.7333 -2.3669 -2.9900
v  -3.1620 -3.1450 -2.9850
v  -2.4415 -3.7872 -2.9790
v  -0.8242 -5.2325 -2.7363
v  -0.7873 -5.0565 -2.8993
v  -1.8803 -4.8954 -2.7443
v  -1.8076 -4.7308 -2.9070
v  -0.7402 -4.8297 -2.9675
v  -1.7144 -4.5187 -2.9748
v  -0.6842 -4.5589 -2.9655
v  -1.6034 -4.2654 -2.9724
v  -2.8897 4.2406 -2.7627
v  -2.7828 4.0954 -2.9248
v  -3.5748 3.3740 -2.9296
v  -3.7095 3.4938 -2.7677
v  -4.1996 2.5035 -2.9330
v  -4.3562 2.5928 -2.7712
v  -4.6299 1.5220 -2.9348
v  -4.8016 1.5769 -2.7731
v  -2.6455 3.9086 -2.9918
v  -3.4017 3.2198 -2.9964
v  -3.9982 2.3886 -2.9997
v  -4.4091 1.4515 -3.0014
v  -2.4818 3.6858 -3.0029
v  -3.1954 3.0358 -2.9928
v  -3.7582 2.2516 -2.9958
v  -4.1459 1.3675 -2.9975
v  -5.0203 -0.6189 -2.7720
v  -4.8411 -0.5994 -2.9337
v  -5.0263 0.4905 -2.7734
v  -4.8469 0.4724 -2.9351
v  -4.6108 -0.5740 -3.0004
v  -4.6163 0.4494 -3.0017
v  -4.3361 -0.5436 -2.9966
v  -4.3414 0.4219 -2.9978
v  2.3090 4.6588 -2.8891
v  2.3808 4.8238 -2.7257
v  1.2887 4.9845 -2.8968
v  1.3247 5.1609 -2.7337
v  0.2230 5.0908 -2.9045
v  0.2216 5.2709 -2.7417
v  2.2162 4.4465 -2.9578
v  1.2420 4.7575 -2.9651
v  0.2244 4.8590 -2.9725
v  2.1051 4.1933 -2.9563
v  1.1860 4.4867 -2.9633
v  0.2259 4.5825 -2.9703
v  -1.9327 4.8005 -2.7565
v  -1.8582 4.6363 -2.9189
v  -0.8803 5.1490 -2.7495
v  -0.8415 4.9730 -2.9120
v  -1.7627 4.4251 -2.9862
v  -0.7919 4.7466 -2.9796
v  -1.6490 4.1731 -2.9831
v  -0.7330 4.4764 -2.9770
v  1.0424 0.4334 -0.7483
v  1.0881 0.4605 -0.6191
v  1.0875 0.5894 -0.6193
v  1.0415 0.6157 -0.7486
v  1.1987 0.6545 -0.6185
v  1.1988 0.7078 -0.7476
v  1.3106 0.5906 -0.6177
v  1.3571 0.6174 -0.7463
v  1.3113 0.4617 -0.6175
v  1.3581 0.4351 -0.7461
v  1.2001 0.3966 -0.6182
v  1.2007 0.3431 -0.7471
v  1.0096 0.4132 -1.0867
v  1.0086 0.4136 -0.7313
v  1.0074 0.6352 -0.7316
v  1.0084 0.6347 -1.0870
v  1.1985 0.7470 -0.7303
v  1.1995 0.7465 -1.0857
v  1.3908 0.6372 -0.7288
v  1.3918 0.6368 -1.0842
v  1.3920 0.4157 -0.7285
v  1.3930 0.4153 -1.0839
v  1.2009 0.3039 -0.7297
v  1.2019 0.3034 -1.0852
v  1.0484 -0.6738 -0.7469
v  1.0941 -0.6467 -0.6177
v  1.0934 -0.5178 -0.6179
v  1.0474 -0.4915 -0.7472
v  1.2047 -0.4527 -0.6171
v  1.2047 -0.3995 -0.7462
v  1.3166 -0.5166 -0.6163
v  1.3630 -0.4898 -0.7449
v  1.3173 -0.6455 -0.6161
v  1.3640 -0.6721 -0.7447
v  1.2061 -0.7106 -0.6168
v  1.2067 -0.7642 -0.7457
v  1.0156 -0.6940 -1.0853
v  1.0146 -0.6936 -0.7299
v  1.0134 -0.4721 -0.7301
v  1.0144 -0.4725 -1.0856
v  1.2045 -0.3602 -0.7289
v  1.2055 -0.3607 -1.0843
v  1.3968 -0.4700 -0.7274
v  1.3978 -0.4704 -1.0828
v  1.3980 -0.6915 -0.7271
v  1.3990 -0.6920 -1.0825
v  1.2069 -0.8033 -0.7283
v  1.2079 -0.8038 -1.0838
v  0.0933 -1.2326 -0.7531
v  0.1390 -1.2055 -0.6238
v  0.1383 -1.0766 -0.6240
v  0.0923 -1.0503 -0.7533
v  0.2495 -1.0115 -0.6233
v  0.2496 -0.9582 -0.7523
v  0.3615 -1.0754 -0.6224
v  0.4079 -1.0486 -0.7510
v  0.3621 -1.2043 -0.6222
v  0.4089 -1.2309 -0.7508
v  0.2509 -1.2694 -0.6230
v  0.2516 -1.3230 -0.7518
v  0.0604 -1.2528 -1.0914
v  0.0594 -1.2524 -0.7360
v  0.0582 -1.0308 -0.7363
v  0.0592 -1.0313 -1.0917
v  0.2493 -0.9190 -0.7351
v  0.2504 -0.9195 -1.0905
v  0.4417 -1.0288 -0.7335
v  0.4427 -1.0292 -1.0890
v  0.4429 -1.2503 -0.7333
v  0.4439 -1.2507 -1.0887
v  0.2518 -1.3621 -0.7345
v  0.2528 -1.3626 -1.0899
v  -0.8738 0.4231 -0.7620
v  -0.8281 0.4502 -0.6328
v  -0.8288 0.5791 -0.6329
v  -0.8748 0.6054 -0.7622
v  -0.7176 0.6442 -0.6322
v  -0.7175 0.6974 -0.7612
v  -0.6056 0.5803 -0.6314
v  -0.5592 0.6071 -0.7600
v  -0.6050 0.4514 -0.6312
v  -0.5582 0.4248 -0.7598
v  -0.7162 0.3863 -0.6319
v  -0.7155 0.3327 -0.7608
v  -0.9067 0.4029 -1.1004
v  -0.9077 0.4033 -0.7449
v  -0.9089 0.6248 -0.7452
v  -0.9079 0.6244 -1.1007
v  -0.7178 0.7367 -0.7440
v  -0.7167 0.7362 -1.0994
v  -0.5254 0.6269 -0.7425
v  -0.5244 0.6265 -1.0979
v  -0.5243 0.4054 -0.7422
v  -0.5232 0.4049 -1.0976
v  -0.7154 0.2936 -0.7434
v  -0.7143 0.2931 -1.0989
v  0.0813 0.9818 -0.7559
v  0.1270 1.0090 -0.6266
v  0.1263 1.1379 -0.6268
v  0.0803 1.1642 -0.7561
v  0.2376 1.2030 -0.6261
v  0.2376 1.2562 -0.7551
v  0.3495 1.1391 -0.6252
v  0.3959 1.1659 -0.7539
v  0.3502 1.0102 -0.6250
v  0.3969 0.9835 -0.7536
v  0.2390 0.9451 -0.6258
v  0.2396 0.8915 -0.7546
v  0.0485 0.9616 -1.0942
v  0.0475 0.9621 -0.7388
v  0.0463 1.1836 -0.7391
v  0.0473 1.1832 -1.0945
v  0.2374 1.2954 -0.7378
v  0.2384 1.2950 -1.0933
v  0.4297 1.1857 -0.7363
v  0.4307 1.1853 -1.0918
v  0.4309 0.9641 -0.7361
v  0.4319 0.9637 -1.0915
v  0.2398 0.8523 -0.7373
v  0.2408 0.8519 -1.0927
v  -0.5523 -0.6825 -0.7584
v  -0.5990 -0.6558 -0.6298
v  -0.7102 -0.7209 -0.6305
v  -0.7096 -0.7745 -0.7594
v  -0.8221 -0.6570 -0.6314
v  -0.8679 -0.6842 -0.7606
v  -0.8228 -0.5281 -0.6315
v  -0.8688 -0.5018 -0.7608
v  -0.7116 -0.4630 -0.6308
v  -0.7115 -0.4098 -0.7598
v  -0.5997 -0.5269 -0.6299
v  -0.5532 -0.5001 -0.7586
v  -0.5173 -0.7023 -1.0962
v  -0.5183 -0.7019 -0.7408
v  -0.7094 -0.8137 -0.7420
v  -0.7084 -0.8141 -1.0975
v  -0.9017 -0.7039 -0.7435
v  -0.9007 -0.7044 -1.0990
v  -0.9029 -0.4824 -0.7438
v  -0.9019 -0.4828 -1.0992
v  -0.7118 -0.3706 -0.7426
v  -0.7108 -0.3710 -1.0980
v  -0.5195 -0.4803 -0.7411
v  -0.5185 -0.4807 -1.0965
v  -0.7876 -2.5782 -2.2675
v  -0.7882 -2.5779 -2.0507
v  -1.6817 -1.9874 -2.0578
v  -1.6811 -1.9877 -2.2746
v  -2.2814 -1.0996 -2.0632
v  -2.2808 -1.0999 -2.2800
v  -2.4959 -0.0498 -2.0660
v  -2.4953 -0.0500 -2.2828
v  -2.2927 1.0024 -2.0659
v  -2.2921 1.0021 -2.2827
v  -1.7027 1.8966 -2.0627
v  -1.7021 1.8963 -2.2796
v  -0.8156 2.4967 -2.0571
v  -0.8150 2.4964 -2.2739
v  0.2334 2.7114 -2.0499
v  0.2341 2.7112 -2.2667
v  1.2847 2.5080 -2.0421
v  1.2854 2.5078 -2.2590
v  2.1782 1.9175 -2.0350
v  2.1789 1.9172 -2.2518
v  2.7779 1.0297 -2.0296
v  2.7786 1.0294 -2.2465
v  2.9925 -0.0202 -2.0268
v  2.9931 -0.0204 -2.2436
v  2.7893 -1.0723 -2.0270
v  2.7899 -1.0726 -2.2438
v  2.1992 -1.9665 -2.0301
v  2.1999 -1.9667 -2.2469
v  1.3121 -2.5666 -2.0357
v  1.3128 -2.5669 -2.2525
v  0.2631 -2.7813 -2.0429
v  0.2637 -2.7816 -2.2597
# 416 vertices

vn 0.8734 -0.2787 0.3994
vn 0.9123 -0.0906 0.3993
vn 0.4931 -0.0486 0.8686
vn 0.4718 -0.1513 0.8686
vn 0.9113 0.1015 0.3991
vn 0.4925 0.0562 0.8685
vn 0.4701 0.1585 0.8682
vn 0.8703 0.2892 0.3987
vn 0.1414 -0.0136 0.9899
vn 0.1350 -0.0441 0.9899
vn 0.1412 0.0176 0.9898
vn 0.1345 0.0480 0.9897
vn -0.0141 0.0019 0.9999
vn -0.0138 0.0033 0.9999
vn -0.0141 0.0005 0.9999
vn -0.0137 -0.0009 0.9999
vn 0.5337 0.7468 0.3969
vn 0.2864 0.4079 0.8669
vn 0.3648 0.3384 0.8674
vn 0.6773 0.6190 0.3976
vn 0.4269 0.2540 0.8679
vn 0.7912 0.4642 0.3982
vn 0.0799 0.1222 0.9893
vn 0.1032 0.1015 0.9895
vn 0.1216 0.0764 0.9896
vn -0.0112 -0.0044 0.9999
vn -0.0123 -0.0035 0.9999
vn -0.0132 -0.0023 0.9999
vn 0.0022 -0.9179 0.3968
vn 0.1932 -0.8970 0.3975
vn 0.1007 -0.4882 0.8669
vn -0.0034 -0.4994 0.8663
vn 0.3757 -0.8368 0.3982
vn 0.2002 -0.4554 0.8675
vn 0.2908 -0.4026 0.8680
vn 0.5418 -0.7400 0.3987
vn 0.0247 -0.1443 0.9892
vn -0.0063 -0.1476 0.9890
vn 0.0543 -0.1345 0.9894
vn 0.0812 -0.1188 0.9896
vn -0.0086 0.0081 0.9999
vn -0.0072 0.0082 0.9999
vn -0.0100 0.0076 0.9999
vn -0.0113 0.0069 0.9999
vn 0.4296 -0.2472 0.8685
vn 0.7961 -0.4547 0.3993
vn 0.3684 -0.3322 0.8683
vn 0.6839 -0.6107 0.3991
vn 0.1225 -0.0726 0.9898
vn 0.1043 -0.0979 0.9897
vn -0.0132 0.0047 0.9999
vn -0.0123 0.0058 0.9999
vn -0.8738 -0.2875 0.3923
vn -0.7950 -0.4623 0.3928
vn -0.4378 -0.2511 0.8633
vn -0.4807 -0.1559 0.8629
vn -0.6815 -0.6170 0.3935
vn -0.3760 -0.3353 0.8638
vn -0.2980 -0.4049 0.8644
vn -0.5384 -0.7447 0.3943
vn -0.1355 -0.0738 0.9880
vn -0.1483 -0.0455 0.9879
vn -0.1171 -0.0989 0.9882
vn -0.0939 -0.1196 0.9884
vn -0.0011 0.0048 1.0000
vn -0.0005 0.0034 1.0000
vn -0.0020 0.0060 1.0000
vn -0.0031 0.0069 1.0000
vn -0.1076 -0.4889 0.8657
vn -0.1889 -0.8986 0.3960
vn -0.2072 -0.4569 0.8650
vn -0.3718 -0.8400 0.3951
vn -0.0372 -0.1445 0.9888
vn -0.0669 -0.1350 0.9886
vn -0.0057 0.0081 1.0000
vn -0.0043 0.0076 1.0000
vn -0.5464 0.7399 0.3924
vn -0.6882 0.6106 0.3920
vn -0.3796 0.3334 0.8630
vn -0.3023 0.4039 0.8634
vn -0.7999 0.4547 0.3917
vn -0.4404 0.2485 0.8627
vn -0.4823 0.1528 0.8626
vn -0.8768 0.2791 0.3916
vn -0.1182 0.1001 0.9879
vn -0.0952 0.1211 0.9881
vn -0.1363 0.0749 0.9878
vn -0.1488 0.0464 0.9878
vn -0.0019 -0.0034 1.0000
vn -0.0030 -0.0044 1.0000
vn -0.0011 -0.0022 1.0000
vn -0.0006 -0.0009 1.0000
vn -0.4964 -0.1059 0.8616
vn -0.8998 -0.1951 0.3902
vn -0.9208 -0.0045 0.3900
vn -0.5079 -0.0017 0.8614
vn -0.5034 0.0506 0.8625
vn -0.9156 0.0914 0.3916
vn -0.1532 -0.0307 0.9877
vn -0.1567 0.0004 0.9877
vn -0.1551 0.0160 0.9878
vn -0.0003 0.0027 1.0000
vn -0.0002 0.0013 1.0000
vn -0.0003 0.0005 1.0000
vn 0.3667 0.8418 0.3960
vn 0.1953 0.4597 0.8663
vn 0.1836 0.9000 0.3953
vn 0.0954 0.4914 0.8657
vn -0.0088 0.5015 0.8651
vn -0.0077 0.9189 0.3945
vn 0.0528 0.1376 0.9891
vn 0.0231 0.1471 0.9889
vn -0.0079 0.1501 0.9886
vn -0.0099 -0.0052 0.9999
vn -0.0086 -0.0056 0.9999
vn -0.0071 -0.0057 1.0000
vn -0.2121 0.4568 0.8639
vn -0.3808 0.8370 0.3930
vn -0.1128 0.4899 0.8645
vn -0.1986 0.8975 0.3937
vn -0.0684 0.1368 0.9882
vn -0.0388 0.1466 0.9884
vn -0.0043 -0.0051 1.0000
vn -0.0056 -0.0056 1.0000
vn 0.8768 -0.2791 -0.3916
vn 0.4823 -0.1528 -0.8626
vn 0.5034 -0.0506 -0.8626
vn 0.9156 -0.0914 -0.3917
vn 0.5029 0.0538 -0.8627
vn 0.9145 0.1003 -0.3919
vn 0.4807 0.1559 -0.8629
vn 0.8737 0.2875 -0.3923
vn 0.1718 -0.0537 -0.9837
vn 0.1576 -0.0135 -0.9874
vn 0.1550 0.0151 -0.9878
vn 0.1483 0.0455 -0.9879
vn 0.0419 -0.0123 -0.9990
vn 0.0010 0.0070 -1.0000
vn 0.0002 -0.0020 -1.0000
vn 0.0005 -0.0034 -1.0000
vn 0.5384 0.7447 -0.3943
vn 0.6816 0.6170 -0.3935
vn 0.3760 0.3353 -0.8638
vn 0.2980 0.4050 -0.8644
vn 0.7949 0.4623 -0.3928
vn 0.4377 0.2511 -0.8633
vn 0.1206 0.0984 -0.9878
vn 0.1079 0.1392 -0.9844
vn 0.1355 0.0738 -0.9880
vn 0.0071 -0.0115 -0.9999
vn 0.0284 0.0283 -0.9992
vn 0.0011 -0.0048 -1.0000
vn 0.0077 -0.9189 -0.3945
vn 0.0088 -0.5016 -0.8651
vn 0.1129 -0.4899 -0.8645
vn 0.1986 -0.8975 -0.3937
vn 0.2121 -0.4568 -0.8639
vn 0.3808 -0.8370 -0.3930
vn 0.3024 -0.4039 -0.8634
vn 0.5464 -0.7399 -0.3924
vn 0.0080 -0.1742 -0.9847
vn 0.0419 -0.1482 -0.9881
vn 0.0684 -0.1368 -0.9882
vn 0.0952 -0.1211 -0.9881
vn 0.0073 -0.0376 -0.9993
vn 0.0130 0.0072 -0.9999
vn 0.0043 0.0051 -1.0000
vn 0.0030 0.0044 -1.0000
vn 0.7999 -0.4547 -0.3917
vn 0.4404 -0.2485 -0.8627
vn 0.6882 -0.6106 -0.3920
vn 0.3796 -0.3334 -0.8630
vn 0.1369 -0.0783 -0.9875
vn 0.1182 -0.1001 -0.9879
vn -0.0027 -0.0043 -1.0000
vn 0.0019 0.0034 -1.0000
vn -0.8703 -0.2892 -0.3987
vn -0.4701 -0.1585 -0.8682
vn -0.4269 -0.2540 -0.8679
vn -0.7912 -0.4642 -0.3982
vn -0.3648 -0.3384 -0.8674
vn -0.6773 -0.6190 -0.3976
vn -0.2864 -0.4080 -0.8669
vn -0.5337 -0.7468 -0.3968
vn -0.1574 -0.0556 -0.9860
vn -0.1222 -0.0798 -0.9893
vn -0.1032 -0.1015 -0.9895
vn -0.0799 -0.1222 -0.9893
vn -0.0274 -0.0127 -0.9995
vn 0.0169 -0.0042 -0.9998
vn 0.0123 0.0034 -0.9999
vn 0.0112 0.0044 -0.9999
vn -0.1836 -0.9000 -0.3953
vn -0.0954 -0.4914 -0.8657
vn -0.3667 -0.8418 -0.3961
vn -0.1953 -0.4597 -0.8663
vn -0.0262 -0.1487 -0.9885
vn -0.0528 -0.1376 -0.9891
vn 0.0012 0.0071 -1.0000
vn 0.0099 0.0052 -0.9999
vn -0.5417 0.7400 -0.3987
vn -0.2908 0.4026 -0.8679
vn -0.3684 0.3322 -0.8683
vn -0.6839 0.6107 -0.3991
vn -0.4296 0.2472 -0.8685
vn -0.7961 0.4547 -0.3993
vn -0.4718 0.1513 -0.8686
vn -0.8734 0.2788 -0.3994
vn -0.0955 0.1382 -0.9858
vn -0.1077 0.0974 -0.9894
vn -0.1225 0.0726 -0.9898
vn -0.1350 0.0441 -0.9899
vn -0.0144 0.0281 -0.9995
vn 0.0074 -0.0115 -0.9999
vn 0.0132 -0.0047 -0.9999
vn 0.0137 -0.0033 -0.9999
vn -0.8964 -0.1966 -0.3972
vn -0.4860 -0.1084 -0.8672
vn -0.9177 -0.0055 -0.3973
vn -0.9123 0.0906 -0.3993
vn -0.4931 0.0486 -0.8686
vn -0.4977 -0.0038 -0.8673
vn -0.1445 -0.0283 -0.9891
vn -0.1414 0.0136 -0.9899
vn -0.1429 -0.0020 -0.9897
vn 0.0123 0.0152 -0.9998
vn 0.0140 -0.0019 -0.9999
vn 0.0141 -0.0012 -0.9999
vn 0.2072 0.4569 -0.8651
vn 0.3718 0.8400 -0.3951
vn 0.1076 0.4889 -0.8657
vn 0.1889 0.8986 -0.3959
vn 0.0034 0.4995 -0.8663
vn -0.0022 0.9179 -0.3967
vn 0.0653 0.1381 -0.9883
vn 0.0372 0.1445 -0.9888
vn 0.0063 0.1477 -0.9890
vn -0.0025 -0.0045 -1.0000
vn 0.0057 -0.0080 -1.0000
vn 0.0072 -0.0082 -0.9999
vn -0.3757 0.8368 -0.3982
vn -0.2002 0.4554 -0.8675
vn -0.1932 0.8970 -0.3975
vn -0.1007 0.4881 -0.8669
vn -0.0528 0.1376 -0.9891
vn -0.0247 0.1443 -0.9892
vn 0.0169 -0.0044 -0.9998
vn 0.0086 -0.0080 -0.9999
vn -0.7997 -0.4647 0.3802
vn -0.5727 -0.3311 0.7499
vn -0.5762 0.3268 0.7491
vn -0.8046 0.4570 0.3791
vn -0.0079 0.6595 0.7517
vn -0.0087 0.9243 0.3815
vn 0.5647 0.3333 0.7550
vn 0.7958 0.4677 0.3847
vn 0.5682 -0.3254 0.7559
vn 0.8008 -0.4580 0.3859
vn -0.0008 -0.6576 0.7533
vn 0.0013 -0.9234 0.3838
vn -1.0000 -0.0054 -0.0028
vn -0.5049 0.8632 -0.0025
vn 0.4956 0.8685 0.0004
vn 0.4956 0.8685 0.0003
vn 0.4956 0.8686 0.0004
vn 1.0000 0.0054 0.0028
vn 1.0000 0.0054 0.0029
vn 0.5049 -0.8631 0.0025
vn -0.4956 -0.8686 -0.0003
vn -0.4956 -0.8685 -0.0003
vn -0.0072 0.0012 1.0000
vn -0.0072 0.0011 1.0000
vn -0.0072 0.0013 1.0000
vn -0.0071 0.0013 1.0000
vn -0.5726 -0.3312 0.7499
vn -0.5763 0.3268 0.7491
vn -0.8047 0.4570 0.3790
vn -0.0078 0.6594 0.7518
vn 0.5646 0.3334 0.7550
vn 0.5682 -0.3253 0.7559
vn 0.8008 -0.4581 0.3857
vn -0.0008 -0.6577 0.7533
vn 0.4956 0.8686 0.0003
vn 1.0000 0.0055 0.0029
vn 0.5049 -0.8632 0.0025
vn 0.5050 -0.8631 0.0025
vn -0.4956 -0.8685 -0.0004
vn -0.0071 0.0012 1.0000
vn 0.5646 0.3333 0.7550
vn 0.5681 -0.3254 0.7559
vn 0.8008 -0.4581 0.3858
vn -1.0000 -0.0055 -0.0028
vn -0.5049 0.8631 -0.0025
vn 0.4957 0.8685 0.0003
vn 1.0000 0.0055 0.0028
vn -0.7996 -0.4647 0.3803
vn -0.5762 0.3268 0.7492
vn -0.8046 0.4570 0.3792
vn 0.5647 0.3334 0.7550
vn 0.7958 0.4677 0.3846
vn -0.0008 -0.6576 0.7534
vn 0.4957 0.8685 0.0004
vn -0.0087 0.9243 0.3816
vn 0.5646 0.3333 0.7551
vn 0.7957 0.4677 0.3848
vn 0.8008 -0.4581 0.3859
vn -0.5050 0.8631 -0.0025
vn 0.8008 -0.4582 0.3858
vn 0.0012 -0.9234 0.3839
vn -0.7997 -0.4647 0.3803
vn -0.0079 0.6595 0.7516
vn 0.7958 0.4678 0.3846
vn -1.0000 -0.0054 -0.0029
vn -0.5514 -0.8343 -0.0006
vn -0.7033 -0.7109 -0.0012
vn -0.7038 -0.7104 -0.0012
vn -0.9218 -0.3876 -0.0021
vn -0.9220 -0.3872 -0.0021
vn -0.9259 0.3776 -0.0032
vn -0.9261 0.3773 -0.0032
vn -0.7109 0.7033 -0.0029
vn -0.7114 0.7028 -0.0029
vn -0.3874 0.9219 -0.0022
vn -0.3883 0.9215 -0.0022
vn -0.0048 1.0000 -0.0012
vn -0.0059 1.0000 -0.0012
vn 0.3784 0.9256 -0.0000
vn 0.3775 0.9260 -0.0000
vn 0.7038 0.7104 0.0012
vn 0.7033 0.7109 0.0012
vn 0.9220 0.3872 0.0022
vn 0.9218 0.3876 0.0022
vn 0.9261 -0.3773 0.0031
vn 0.9259 -0.3776 0.0031
vn 0.7114 -0.7028 0.0029
vn 0.7109 -0.7033 0.0029
vn 0.3883 -0.9215 0.0022
vn 0.3874 -0.9219 0.0022
vn 0.0059 -1.0000 0.0012
vn 0.0048 -1.0000 0.0012
vn -0.1900 -0.9818 0.0006
vn 0.0071 -0.0012 -1.0000
vn 0.0071 -0.0013 -1.0000
vn 0.0072 -0.0012 -1.0000
# 344 vertex normals

vt 0.0408 0.3921 0.0000
vt 0.0406 0.3916 0.0000
vt 0.0401 0.3919 0.0000
vt 0.0404 0.3924 0.0000
vt 0.0403 0.3911 0.0000
vt 0.0399 0.3914 0.0000
vt 0.0396 0.3909 0.0000
vt 0.0401 0.3907 0.0000
vt 0.0397 0.3921 0.0000
vt 0.0399 0.3926 0.0000
vt 0.0394 0.3916 0.0000
vt 0.0391 0.3912 0.0000
vt 0.0391 0.3924 0.0000
vt 0.0393 0.3929 0.0000
vt 0.0388 0.3920 0.0000
vt 0.0386 0.3915 0.0000
vt 0.0393 0.3892 0.0000
vt 0.0388 0.3895 0.0000
vt 0.0391 0.3899 0.0000
vt 0.0395 0.3897 0.0000
vt 0.0394 0.3904 0.0000
vt 0.0398 0.3902 0.0000
vt 0.0384 0.3897 0.0000
vt 0.0386 0.3902 0.0000
vt 0.0389 0.3907 0.0000
vt 0.0378 0.3900 0.0000
vt 0.0381 0.3905 0.0000
vt 0.0383 0.3910 0.0000
vt 0.0424 0.3950 0.0000
vt 0.0421 0.3945 0.0000
vt 0.0417 0.3948 0.0000
vt 0.0419 0.3953 0.0000
vt 0.0419 0.3940 0.0000
vt 0.0414 0.3943 0.0000
vt 0.0412 0.3938 0.0000
vt 0.0416 0.3936 0.0000
vt 0.0412 0.3950 0.0000
vt 0.0415 0.3955 0.0000
vt 0.0409 0.3945 0.0000
vt 0.0407 0.3941 0.0000
vt 0.0406 0.3953 0.0000
vt 0.0409 0.3958 0.0000
vt 0.0404 0.3949 0.0000
vt 0.0401 0.3944 0.0000
vt 0.0406 0.3928 0.0000
vt 0.0411 0.3926 0.0000
vt 0.0409 0.3933 0.0000
vt 0.0414 0.3931 0.0000
vt 0.0402 0.3931 0.0000
vt 0.0404 0.3936 0.0000
vt 0.0396 0.3934 0.0000
vt 0.0399 0.3939 0.0000
vt 0.0439 0.3979 0.0000
vt 0.0437 0.3974 0.0000
vt 0.0432 0.3977 0.0000
vt 0.0435 0.3981 0.0000
vt 0.0434 0.3969 0.0000
vt 0.0430 0.3972 0.0000
vt 0.0427 0.3967 0.0000
vt 0.0432 0.3964 0.0000
vt 0.0428 0.3979 0.0000
vt 0.0430 0.3984 0.0000
vt 0.0425 0.3974 0.0000
vt 0.0422 0.3970 0.0000
vt 0.0422 0.3982 0.0000
vt 0.0424 0.3987 0.0000
vt 0.0419 0.3978 0.0000
vt 0.0417 0.3973 0.0000
vt 0.0422 0.3957 0.0000
vt 0.0426 0.3955 0.0000
vt 0.0424 0.3962 0.0000
vt 0.0429 0.3960 0.0000
vt 0.0417 0.3960 0.0000
vt 0.0420 0.3965 0.0000
vt 0.0412 0.3963 0.0000
vt 0.0414 0.3968 0.0000
vt 0.0377 0.3863 0.0000
vt 0.0375 0.3858 0.0000
vt 0.0370 0.3861 0.0000
vt 0.0373 0.3866 0.0000
vt 0.0372 0.3853 0.0000
vt 0.0368 0.3856 0.0000
vt 0.0365 0.3851 0.0000
vt 0.0370 0.3849 0.0000
vt 0.0366 0.3863 0.0000
vt 0.0368 0.3868 0.0000
vt 0.0363 0.3859 0.0000
vt 0.0360 0.3854 0.0000
vt 0.0360 0.3866 0.0000
vt 0.0362 0.3871 0.0000
vt 0.0357 0.3862 0.0000
vt 0.0355 0.3857 0.0000
vt 0.0437 0.3986 0.0000
vt 0.0442 0.3984 0.0000
vt 0.0365 0.3839 0.0000
vt 0.0360 0.3841 0.0000
vt 0.0363 0.3846 0.0000
vt 0.0367 0.3844 0.0000
vt 0.0433 0.3989 0.0000
vt 0.0355 0.3844 0.0000
vt 0.0358 0.3849 0.0000
vt 0.0427 0.3992 0.0000
vt 0.0350 0.3847 0.0000
vt 0.0352 0.3852 0.0000
vt 0.0390 0.3887 0.0000
vt 0.0386 0.3890 0.0000
vt 0.0388 0.3882 0.0000
vt 0.0383 0.3885 0.0000
vt 0.0381 0.3880 0.0000
vt 0.0385 0.3878 0.0000
vt 0.0381 0.3892 0.0000
vt 0.0378 0.3888 0.0000
vt 0.0376 0.3883 0.0000
vt 0.0375 0.3895 0.0000
vt 0.0373 0.3891 0.0000
vt 0.0370 0.3886 0.0000
vt 0.0375 0.3870 0.0000
vt 0.0380 0.3868 0.0000
vt 0.0378 0.3875 0.0000
vt 0.0383 0.3873 0.0000
vt 0.0371 0.3873 0.0000
vt 0.0373 0.3878 0.0000
vt 0.0365 0.3876 0.0000
vt 0.0368 0.3881 0.0000
vt 0.0484 0.3880 0.0000
vt 0.0489 0.3877 0.0000
vt 0.0486 0.3872 0.0000
vt 0.0481 0.3875 0.0000
vt 0.0483 0.3867 0.0000
vt 0.0479 0.3870 0.0000
vt 0.0481 0.3863 0.0000
vt 0.0476 0.3865 0.0000
vt 0.0493 0.3875 0.0000
vt 0.0491 0.3870 0.0000
vt 0.0488 0.3865 0.0000
vt 0.0486 0.3860 0.0000
vt 0.0499 0.3871 0.0000
vt 0.0496 0.3867 0.0000
vt 0.0494 0.3862 0.0000
vt 0.0491 0.3857 0.0000
vt 0.0469 0.3851 0.0000
vt 0.0471 0.3856 0.0000
vt 0.0476 0.3853 0.0000
vt 0.0473 0.3848 0.0000
vt 0.0474 0.3860 0.0000
vt 0.0478 0.3858 0.0000
vt 0.0480 0.3850 0.0000
vt 0.0478 0.3846 0.0000
vt 0.0483 0.3855 0.0000
vt 0.0486 0.3847 0.0000
vt 0.0484 0.3842 0.0000
vt 0.0489 0.3852 0.0000
vt 0.0500 0.3909 0.0000
vt 0.0504 0.3906 0.0000
vt 0.0502 0.3901 0.0000
vt 0.0497 0.3904 0.0000
vt 0.0499 0.3896 0.0000
vt 0.0494 0.3899 0.0000
vt 0.0496 0.3892 0.0000
vt 0.0492 0.3894 0.0000
vt 0.0509 0.3904 0.0000
vt 0.0506 0.3899 0.0000
vt 0.0504 0.3894 0.0000
vt 0.0501 0.3889 0.0000
vt 0.0514 0.3900 0.0000
vt 0.0512 0.3896 0.0000
vt 0.0509 0.3891 0.0000
vt 0.0507 0.3886 0.0000
vt 0.0487 0.3884 0.0000
vt 0.0491 0.3882 0.0000
vt 0.0489 0.3889 0.0000
vt 0.0494 0.3887 0.0000
vt 0.0496 0.3879 0.0000
vt 0.0499 0.3884 0.0000
vt 0.0502 0.3876 0.0000
vt 0.0504 0.3881 0.0000
vt 0.0515 0.3938 0.0000
vt 0.0520 0.3935 0.0000
vt 0.0517 0.3930 0.0000
vt 0.0513 0.3933 0.0000
vt 0.0514 0.3925 0.0000
vt 0.0510 0.3928 0.0000
vt 0.0512 0.3921 0.0000
vt 0.0507 0.3923 0.0000
vt 0.0524 0.3932 0.0000
vt 0.0522 0.3928 0.0000
vt 0.0519 0.3923 0.0000
vt 0.0517 0.3918 0.0000
vt 0.0530 0.3929 0.0000
vt 0.0527 0.3925 0.0000
vt 0.0525 0.3920 0.0000
vt 0.0522 0.3915 0.0000
vt 0.0502 0.3913 0.0000
vt 0.0507 0.3911 0.0000
vt 0.0505 0.3918 0.0000
vt 0.0509 0.3916 0.0000
vt 0.0511 0.3908 0.0000
vt 0.0514 0.3913 0.0000
vt 0.0517 0.3905 0.0000
vt 0.0520 0.3910 0.0000
vt 0.0453 0.3822 0.0000
vt 0.0458 0.3819 0.0000
vt 0.0455 0.3814 0.0000
vt 0.0451 0.3817 0.0000
vt 0.0452 0.3810 0.0000
vt 0.0448 0.3812 0.0000
vt 0.0450 0.3805 0.0000
vt 0.0445 0.3807 0.0000
vt 0.0462 0.3817 0.0000
vt 0.0460 0.3812 0.0000
vt 0.0457 0.3807 0.0000
vt 0.0455 0.3802 0.0000
vt 0.0468 0.3814 0.0000
vt 0.0465 0.3809 0.0000
vt 0.0463 0.3804 0.0000
vt 0.0460 0.3799 0.0000
vt 0.0518 0.3942 0.0000
vt 0.0522 0.3940 0.0000
vt 0.0440 0.3798 0.0000
vt 0.0443 0.3802 0.0000
vt 0.0447 0.3800 0.0000
vt 0.0445 0.3795 0.0000
vt 0.0527 0.3937 0.0000
vt 0.0452 0.3797 0.0000
vt 0.0449 0.3792 0.0000
vt 0.0533 0.3934 0.0000
vt 0.0458 0.3794 0.0000
vt 0.0455 0.3789 0.0000
vt 0.0471 0.3843 0.0000
vt 0.0466 0.3846 0.0000
vt 0.0468 0.3839 0.0000
vt 0.0463 0.3841 0.0000
vt 0.0465 0.3834 0.0000
vt 0.0461 0.3836 0.0000
vt 0.0475 0.3841 0.0000
vt 0.0473 0.3836 0.0000
vt 0.0470 0.3831 0.0000
vt 0.0481 0.3838 0.0000
vt 0.0478 0.3833 0.0000
vt 0.0476 0.3828 0.0000
vt 0.0456 0.3827 0.0000
vt 0.0460 0.3824 0.0000
vt 0.0458 0.3831 0.0000
vt 0.0463 0.3829 0.0000
vt 0.0465 0.3821 0.0000
vt 0.0468 0.3826 0.0000
vt 0.0471 0.3818 0.0000
vt 0.0473 0.3823 0.0000
vt 0.0469 0.2420 0.0000
vt 0.0466 0.2412 0.0000
vt 0.0460 0.2412 0.0000
vt 0.0457 0.2420 0.0000
vt 0.0457 0.2405 0.0000
vt 0.0451 0.2405 0.0000
vt 0.0460 0.2398 0.0000
vt 0.0457 0.2390 0.0000
vt 0.0466 0.2398 0.0000
vt 0.0469 0.2390 0.0000
vt 0.0469 0.2405 0.0000
vt 0.0475 0.2405 0.0000
vt 0.0449 0.2421 0.0000
vt 0.0479 0.2421 0.0000
vt 0.0479 0.2416 0.0000
vt 0.0449 0.2416 0.0000
vt 0.0479 0.2411 0.0000
vt 0.0449 0.2411 0.0000
vt 0.0479 0.2407 0.0000
vt 0.0449 0.2407 0.0000
vt 0.0479 0.2402 0.0000
vt 0.0449 0.2402 0.0000
vt 0.0479 0.2397 0.0000
vt 0.0449 0.2397 0.0000
vt 0.0479 0.2392 0.0000
vt 0.0449 0.2392 0.0000
vt 0.0457 0.2387 0.0000
vt 0.0449 0.2406 0.0000
vt 0.0457 0.2425 0.0000
vt 0.0472 0.2425 0.0000
vt 0.0479 0.2406 0.0000
vt 0.0472 0.2387 0.0000
vt 0.0401 0.3863 0.0000
vt 0.0489 0.3863 0.0000
vt 0.0489 0.3866 0.0000
vt 0.0401 0.3866 0.0000
vt 0.0489 0.3869 0.0000
vt 0.0401 0.3869 0.0000
vt 0.0489 0.3873 0.0000
vt 0.0401 0.3873 0.0000
vt 0.0489 0.3876 0.0000
vt 0.0401 0.3876 0.0000
vt 0.0489 0.3879 0.0000
vt 0.0401 0.3879 0.0000
vt 0.0489 0.3882 0.0000
vt 0.0401 0.3882 0.0000
vt 0.0489 0.3885 0.0000
vt 0.0401 0.3885 0.0000
vt 0.0489 0.3888 0.0000
vt 0.0401 0.3888 0.0000
vt 0.0489 0.3892 0.0000
vt 0.0401 0.3892 0.0000
vt 0.0489 0.3895 0.0000
vt 0.0401 0.3895 0.0000
vt 0.0489 0.3898 0.0000
vt 0.0401 0.3898 0.0000
vt 0.0489 0.3901 0.0000
vt 0.0401 0.3901 0.0000
vt 0.0489 0.3904 0.0000
vt 0.0401 0.3904 0.0000
vt 0.0489 0.3908 0.0000
vt 0.0401 0.3908 0.0000
vt 0.0489 0.3911 0.0000
vt 0.0401 0.3911 0.0000
vt 0.0489 0.3914 0.0000
vt 0.0401 0.3914 0.0000
vt 0.0447 0.2357 0.0000
vt 0.0457 0.2357 0.0000
vt 0.0452 0.2353 0.0000
vt 0.0443 0.2425 0.0000
vt 0.0461 0.2425 0.0000
vt 0.0464 0.2411 0.0000
vt 0.0440 0.2411 0.0000
vt 0.0443 0.2384 0.0000
vt 0.0443 0.2392 0.0000
vt 0.0443 0.2400 0.0000
vt 0.0440 0.2379 0.0000
vt 0.0464 0.2379 0.0000
vt 0.0461 0.2366 0.0000
vt 0.0443 0.2366 0.0000
vt 0.0465 0.2395 0.0000
vt 0.0439 0.2395 0.0000
vt 0.0452 0.2437 0.0000
vt 0.0457 0.2434 0.0000
vt 0.0447 0.2434 0.0000
vt 0.0447 0.2372 0.0000
vt 0.0445 0.2377 0.0000
vt 0.0445 0.2407 0.0000
vt 0.0447 0.2412 0.0000
vt 0.0453 0.2372 0.0000
vt 0.0450 0.2370 0.0000
vt 0.0450 0.2413 0.0000
vt 0.0453 0.2412 0.0000
vt 0.0457 0.2392 0.0000
vt 0.0457 0.2384 0.0000
vt 0.0457 0.2400 0.0000
vt 0.0455 0.2377 0.0000
vt 0.0455 0.2407 0.0000
# 346 texture coords

o DrawCall_0185
g DrawCall_0185
usemtl 24fe1dbe_dds
s 1
f 1/1/1 2/2/2 3/3/3 
f 1/1/1 3/3/3 4/4/4 
f 2/2/2 5/5/5 6/6/6 
f 2/2/2 6/6/6 3/3/3 
f 7/7/7 6/6/6 5/5/5 
f 7/7/7 5/5/5 8/8/8 
f 4/4/4 3/3/3 9/9/9 
f 4/4/4 9/9/9 10/10/10 
f 3/3/3 6/6/6 11/11/11 
f 3/3/3 11/11/11 9/9/9 
f 12/12/12 11/11/11 6/6/6 
f 12/12/12 6/6/6 7/7/7 
f 9/9/9 13/13/13 14/14/14 
f 9/9/9 14/14/14 10/10/10 
f 11/11/11 15/15/15 13/13/13 
f 11/11/11 13/13/13 9/9/9 
f 16/16/16 15/15/15 11/11/11 
f 16/16/16 11/11/11 12/12/12 
f 17/17/17 18/18/18 19/19/19 
f 17/17/17 19/19/19 20/20/20 
f 20/20/20 19/19/19 21/21/21 
f 20/20/20 21/21/21 22/22/22 
f 7/7/7 8/8/8 22/22/22 
f 7/7/7 22/22/22 21/21/21 
f 18/18/18 23/23/23 24/24/24 
f 18/18/18 24/24/24 19/19/19 
f 19/19/19 24/24/24 25/25/25 
f 19/19/19 25/25/25 21/21/21 
f 12/12/12 7/7/7 21/21/21 
f 12/12/12 21/21/21 25/25/25 
f 24/24/24 23/23/23 26/26/26 
f 24/24/24 26/26/26 27/27/27 
f 25/25/25 24/24/24 27/27/27 
f 25/25/25 27/27/27 28/28/28 
f 16/16/16 12/12/12 25/25/25 
f 16/16/16 25/25/25 28/28/28 
f 29/29/29 30/30/30 31/31/31 
f 29/29/29 31/31/31 32/32/32 
f 30/30/30 33/33/33 34/34/34 
f 30/30/30 34/34/34 31/31/31 
f 35/35/35 34/34/34 33/33/33 
f 35/35/35 33/33/33 36/36/36 
f 32/32/32 31/31/31 37/37/37 
f 32/32/32 37/37/37 38/38/38 
f 31/31/31 34/34/34 39/39/39 
f 31/31/31 39/39/39 37/37/37 
f 40/40/40 39/39/39 34/34/34 
f 40/40/40 34/34/34 35/35/35 
f 37/37/37 41/41/41 42/42/42 
f 37/37/37 42/42/42 38/38/38 
f 39/39/39 43/43/43 41/41/41 
f 39/39/39 41/41/41 37/37/37 
f 44/44/44 43/43/43 39/39/39 
f 44/44/44 39/39/39 40/40/40 
f 1/1/1 4/4/4 45/45/45 
f 1/1/1 45/45/45 46/46/46 
f 46/46/46 45/45/45 47/47/47 
f 46/46/46 47/47/47 48/48/48 
f 35/35/35 36/36/36 48/48/48 
f 35/35/35 48/48/48 47/47/47 
f 4/4/4 10/10/10 49/49/49 
f 4/4/4 49/49/49 45/45/45 
f 45/45/45 49/49/49 50/50/50 
f 45/45/45 50/50/50 47/47/47 
f 40/40/40 35/35/35 47/47/47 
f 40/40/40 47/47/47 50/50/50 
f 49/49/49 10/10/10 14/14/14 
f 49/49/49 14/14/14 51/51/51 
f 50/50/50 49/49/49 51/51/51 
f 50/50/50 51/51/51 52/52/52 
f 44/44/44 40/40/40 50/50/50 
f 44/44/44 50/50/50 52/52/52 
f 53/53/53 54/54/54 55/55/55 
f 53/53/53 55/55/55 56/56/56 
f 54/54/54 57/57/57 58/58/58 
f 54/54/54 58/58/58 55/55/55 
f 59/59/59 58/58/58 57/57/57 
f 59/59/59 57/57/57 60/60/60 
f 56/56/56 55/55/55 61/61/61 
f 56/56/56 61/61/61 62/62/62 
f 55/55/55 58/58/58 63/63/63 
f 55/55/55 63/63/63 61/61/61 
f 64/64/64 63/63/63 58/58/58 
f 64/64/64 58/58/58 59/59/59 
f 61/61/61 65/65/65 66/66/66 
f 61/61/61 66/66/66 62/62/62 
f 63/63/63 67/67/67 65/65/65 
f 63/63/63 65/65/65 61/61/61 
f 68/68/68 67/67/67 63/63/63 
f 68/68/68 63/63/63 64/64/64 
f 29/29/29 32/32/32 69/69/69 
f 29/29/29 69/69/69 70/70/70 
f 70/70/70 69/69/69 71/71/71 
f 70/70/70 71/71/71 72/72/72 
f 59/59/59 60/60/60 72/72/72 
f 59/59/59 72/72/72 71/71/71 
f 32/32/32 38/38/38 73/73/73 
f 32/32/32 73/73/73 69/69/69 
f 69/69/69 73/73/73 74/74/74 
f 69/69/69 74/74/74 71/71/71 
f 64/64/64 59/59/59 71/71/71 
f 64/64/64 71/71/71 74/74/74 
f 73/73/73 38/38/38 42/42/42 
f 73/73/73 42/42/42 75/75/75 
f 74/74/74 73/73/73 75/75/75 
f 74/74/74 75/75/75 76/76/76 
f 68/68/68 64/64/64 74/74/74 
f 68/68/68 74/74/74 76/76/76 
f 77/77/77 78/78/78 79/79/79 
f 77/77/77 79/79/79 80/80/80 
f 78/78/78 81/81/81 82/82/82 
f 78/78/78 82/82/82 79/79/79 
f 83/83/83 82/82/82 81/81/81 
f 83/83/83 81/81/81 84/84/84 
f 80/80/80 79/79/79 85/85/85 
f 80/80/80 85/85/85 86/86/86 
f 79/79/79 82/82/82 87/87/87 
f 79/79/79 87/87/87 85/85/85 
f 88/88/88 87/87/87 82/82/82 
f 88/88/88 82/82/82 83/83/83 
f 85/85/85 89/89/89 90/90/90 
f 85/85/85 90/90/90 86/86/86 
f 87/87/87 91/91/91 89/89/89 
f 87/87/87 89/89/89 85/85/85 
f 92/92/92 91/91/91 87/87/87 
f 92/92/92 87/87/87 88/88/88 
f 53/53/53 56/56/56 93/93/93 
f 53/53/53 93/93/93 94/94/94 
f 94/95/95 93/96/96 95/97/97 
f 94/95/95 95/97/97 96/98/98 
f 83/83/83 84/84/84 96/98/98 
f 83/83/83 96/98/98 95/97/97 
f 56/56/56 62/62/62 97/99/99 
f 56/56/56 97/99/99 93/93/93 
f 93/96/96 97/100/100 98/101/101 
f 93/96/96 98/101/101 95/97/97 
f 88/88/88 83/83/83 95/97/97 
f 88/88/88 95/97/97 98/101/101 
f 97/99/99 62/62/62 66/66/66 
f 97/99/99 66/66/66 99/102/102 
f 98/101/101 97/100/100 99/103/103 
f 98/101/101 99/103/103 100/104/104 
f 92/92/92 88/88/88 98/101/101 
f 92/92/92 98/101/101 100/104/104 
f 17/17/17 101/105/105 102/106/106 
f 17/17/17 102/106/106 18/18/18 
f 101/105/105 103/107/107 104/108/108 
f 101/105/105 104/108/108 102/106/106 
f 105/109/109 104/108/108 103/107/107 
f 105/109/109 103/107/107 106/110/110 
f 18/18/18 102/106/106 107/111/111 
f 18/18/18 107/111/111 23/23/23 
f 102/106/106 104/108/108 108/112/112 
f 102/106/106 108/112/112 107/111/111 
f 109/113/113 108/112/112 104/108/108 
f 109/113/113 104/108/108 105/109/109 
f 107/111/111 110/114/114 26/26/26 
f 107/111/111 26/26/26 23/23/23 
f 108/112/112 111/115/115 110/114/114 
f 108/112/112 110/114/114 107/111/111 
f 112/116/116 111/115/115 108/112/112 
f 112/116/116 108/112/112 109/113/113 
f 77/77/77 80/80/80 113/117/117 
f 77/77/77 113/117/117 114/118/118 
f 114/118/118 113/117/117 115/119/119 
f 114/118/118 115/119/119 116/120/120 
f 105/109/109 106/110/110 116/120/120 
f 105/109/109 116/120/120 115/119/119 
f 80/80/80 86/86/86 117/121/121 
f 80/80/80 117/121/121 113/117/117 
f 113/117/117 117/121/121 118/122/122 
f 113/117/117 118/122/122 115/119/119 
f 109/113/113 105/109/109 115/119/119 
f 109/113/113 115/119/119 118/122/122 
f 117/121/121 86/86/86 90/90/90 
f 117/121/121 90/90/90 119/123/123 
f 118/122/122 117/121/121 119/123/123 
f 118/122/122 119/123/123 120/124/124 
f 112/116/116 109/113/113 118/122/122 
f 112/116/116 118/122/122 120/124/124 
f 121/125/125 122/126/126 123/127/127 
f 121/125/125 123/127/127 124/128/128 
f 124/128/128 123/127/127 125/129/129 
f 124/128/128 125/129/129 126/130/130 
f 127/131/131 128/132/132 126/130/130 
f 127/131/131 126/130/130 125/129/129 
f 122/126/126 129/133/133 130/134/134 
f 122/126/126 130/134/134 123/127/127 
f 123/127/127 130/134/134 131/135/135 
f 123/127/127 131/135/135 125/129/129 
f 132/136/136 127/131/131 125/129/129 
f 132/136/136 125/129/129 131/135/135 
f 130/134/134 129/133/133 133/137/137 
f 130/134/134 133/137/137 134/138/138 
f 131/135/135 130/134/134 134/138/138 
f 131/135/135 134/138/138 135/139/139 
f 136/140/140 132/136/136 131/135/135 
f 136/140/140 131/135/135 135/139/139 
f 137/141/141 138/142/142 139/143/143 
f 137/141/141 139/143/143 140/144/144 
f 138/142/142 141/145/145 142/146/146 
f 138/142/142 142/146/146 139/143/143 
f 127/131/131 142/146/146 141/145/145 
f 127/131/131 141/145/145 128/132/132 
f 140/144/144 139/143/143 143/147/147 
f 140/144/144 143/147/147 144/148/148 
f 139/143/143 142/146/146 145/149/149 
f 139/143/143 145/149/149 143/147/147 
f 132/136/136 145/149/149 142/146/146 
f 132/136/136 142/146/146 127/131/131 
f 143/147/147 146/150/150 147/151/151 
f 143/147/147 147/151/151 144/148/148 
f 145/149/149 148/152/152 146/150/150 
f 145/149/149 146/150/150 143/147/147 
f 136/140/140 148/152/152 145/149/149 
f 136/140/140 145/149/149 132/136/136 
f 149/153/153 150/154/154 151/155/155 
f 149/153/153 151/155/155 152/156/156 
f 152/156/156 151/155/155 153/157/157 
f 152/156/156 153/157/157 154/158/158 
f 155/159/159 156/160/160 154/158/158 
f 155/159/159 154/158/158 153/157/157 
f 150/154/154 157/161/161 158/162/162 
f 150/154/154 158/162/162 151/155/155 
f 151/155/155 158/162/162 159/163/163 
f 151/155/155 159/163/163 153/157/157 
f 160/164/164 155/159/159 153/157/157 
f 160/164/164 153/157/157 159/163/163 
f 158/162/162 157/161/161 161/165/165 
f 158/162/162 161/165/165 162/166/166 
f 159/163/163 158/162/162 162/166/166 
f 159/163/163 162/166/166 163/167/167 
f 164/168/168 160/164/164 159/163/163 
f 164/168/168 159/163/163 163/167/167 
f 121/125/125 165/169/169 166/170/170 
f 121/125/125 166/170/170 122/126/126 
f 165/169/169 167/171/171 168/172/172 
f 165/169/169 168/172/172 166/170/170 
f 155/159/159 168/172/172 167/171/171 
f 155/159/159 167/171/171 156/160/160 
f 122/126/126 166/170/170 169/173/173 
f 122/126/126 169/173/173 129/133/133 
f 166/170/170 168/172/172 170/174/174 
f 166/170/170 170/174/174 169/173/173 
f 160/164/164 170/174/174 168/172/172 
f 160/164/164 168/172/172 155/159/159 
f 169/173/173 171/175/175 133/137/137 
f 169/173/173 133/137/137 129/133/133 
f 170/174/174 172/176/176 171/175/175 
f 170/174/174 171/175/175 169/173/173 
f 164/168/168 172/176/176 170/174/174 
f 164/168/168 170/174/174 160/164/164 
f 173/177/177 174/178/178 175/179/179 
f 173/177/177 175/179/179 176/180/180 
f 176/180/180 175/179/179 177/181/181 
f 176/180/180 177/181/181 178/182/182 
f 179/183/183 180/184/184 178/182/182 
f 179/183/183 178/182/182 177/181/181 
f 174/178/178 181/185/185 182/186/186 
f 174/178/178 182/186/186 175/179/179 
f 175/179/179 182/186/186 183/187/187 
f 175/179/179 183/187/187 177/181/181 
f 184/188/188 179/183/183 177/181/181 
f 184/188/188 177/181/181 183/187/187 
f 182/186/186 181/185/185 185/189/189 
f 182/186/186 185/189/189 186/190/190 
f 183/187/187 182/186/186 186/190/190 
f 183/187/187 186/190/190 187/191/191 
f 188/192/192 184/188/188 183/187/187 
f 188/192/192 183/187/187 187/191/191 
f 149/153/153 189/193/193 190/194/194 
f 149/153/153 190/194/194 150/154/154 
f 189/193/193 191/195/195 192/196/196 
f 189/193/193 192/196/196 190/194/194 
f 179/183/183 192/196/196 191/195/195 
f 179/183/183 191/195/195 180/184/184 
f 150/154/154 190/194/194 193/197/197 
f 150/154/154 193/197/197 157/161/161 
f 190/194/194 192/196/196 194/198/198 
f 190/194/194 194/198/198 193/197/197 
f 184/188/188 194/198/198 192/196/196 
f 184/188/188 192/196/196 179/183/183 
f 193/197/197 195/199/199 161/165/165 
f 193/197/197 161/165/165 157/161/161 
f 194/198/198 196/200/200 195/199/199 
f 194/198/198 195/199/199 193/197/197 
f 188/192/192 196/200/200 194/198/198 
f 188/192/192 194/198/198 184/188/188 
f 197/201/201 198/202/202 199/203/203 
f 197/201/201 199/203/203 200/204/204 
f 200/204/204 199/203/203 201/205/205 
f 200/204/204 201/205/205 202/206/206 
f 203/207/207 204/208/208 202/206/206 
f 203/207/207 202/206/206 201/205/205 
f 198/202/202 205/209/209 206/210/210 
f 198/202/202 206/210/210 199/203/203 
f 199/203/203 206/210/210 207/211/211 
f 199/203/203 207/211/211 201/205/205 
f 208/212/212 203/207/207 201/205/205 
f 208/212/212 201/205/205 207/211/211 
f 206/210/210 205/209/209 209/213/213 
f 206/210/210 209/213/213 210/214/214 
f 207/211/211 206/210/210 210/214/214 
f 207/211/211 210/214/214 211/215/215 
f 212/216/216 208/212/212 207/211/211 
f 212/216/216 207/211/211 211/215/215 
f 173/177/177 213/217/217 214/218/218 
f 173/177/177 214/218/218 174/178/178 
f 213/219/219 215/220/220 216/221/221 
f 213/219/219 216/221/221 214/222/222 
f 203/207/207 216/221/221 215/220/220 
f 203/207/207 215/220/220 204/208/208 
f 174/178/178 214/218/218 217/223/223 
f 174/178/178 217/223/223 181/185/185 
f 214/222/222 216/221/221 218/224/224 
f 214/222/222 218/224/224 217/225/225 
f 208/212/212 218/224/224 216/221/221 
f 208/212/212 216/221/221 203/207/207 
f 217/223/223 219/226/226 185/189/189 
f 217/223/223 185/189/189 181/185/185 
f 218/224/224 220/227/227 219/228/228 
f 218/224/224 219/228/228 217/225/225 
f 212/216/216 220/227/227 218/224/224 
f 212/216/216 218/224/224 208/212/212 
f 137/141/141 140/144/144 221/229/229 
f 137/141/141 221/229/229 222/230/230 
f 222/230/230 221/229/229 223/231/231 
f 222/230/230 223/231/231 224/232/232 
f 225/233/233 226/234/234 224/232/232 
f 225/233/233 224/232/232 223/231/231 
f 140/144/144 144/148/148 227/235/235 
f 140/144/144 227/235/235 221/229/229 
f 221/229/229 227/235/235 228/236/236 
f 221/229/229 228/236/236 223/231/231 
f 229/237/237 225/233/233 223/231/231 
f 229/237/237 223/231/231 228/236/236 
f 227/235/235 144/148/148 147/151/151 
f 227/235/235 147/151/151 230/238/238 
f 228/236/236 227/235/235 230/238/238 
f 228/236/236 230/238/238 231/239/239 
f 232/240/240 229/237/237 228/236/236 
f 232/240/240 228/236/236 231/239/239 
f 197/201/201 233/241/241 234/242/242 
f 197/201/201 234/242/242 198/202/202 
f 233/241/241 235/243/243 236/244/244 
f 233/241/241 236/244/244 234/242/242 
f 225/233/233 236/244/244 235/243/243 
f 225/233/233 235/243/243 226/234/234 
f 198/202/202 234/242/242 237/245/245 
f 198/202/202 237/245/245 205/209/209 
f 234/242/242 236/244/244 238/246/246 
f 234/242/242 238/246/246 237/245/245 
f 229/237/237 238/246/246 236/244/244 
f 229/237/237 236/244/244 225/233/233 
f 237/245/245 239/247/247 209/213/213 
f 237/245/245 209/213/213 205/209/209 
f 238/246/246 240/248/248 239/247/247 
f 238/246/246 239/247/247 237/245/245 
f 232/240/240 240/248/248 238/246/246 
f 232/240/240 238/246/246 229/237/237 
f 2/2/2 1/1/1 121/125/125 
f 2/2/2 121/125/125 124/128/128 
f 5/5/5 2/2/2 124/128/128 
f 5/5/5 124/128/128 126/130/130 
f 8/8/8 5/5/5 126/130/130 
f 8/8/8 126/130/130 128/132/132 
f 20/20/20 138/142/142 137/141/141 
f 20/20/20 137/141/141 17/17/17 
f 22/22/22 141/145/145 138/142/142 
f 22/22/22 138/142/142 20/20/20 
f 8/8/8 128/132/132 141/145/145 
f 8/8/8 141/145/145 22/22/22 
f 30/30/30 29/29/29 149/153/153 
f 30/30/30 149/153/153 152/156/156 
f 33/33/33 30/30/30 152/156/156 
f 33/33/33 152/156/156 154/158/158 
f 36/36/36 33/33/33 154/158/158 
f 36/36/36 154/158/158 156/160/160 
f 46/46/46 165/169/169 121/125/125 
f 46/46/46 121/125/125 1/1/1 
f 48/48/48 167/171/171 165/169/169 
f 48/48/48 165/169/169 46/46/46 
f 36/36/36 156/160/160 167/171/171 
f 36/36/36 167/171/171 48/48/48 
f 54/54/54 53/53/53 173/177/177 
f 54/54/54 173/177/177 176/180/180 
f 57/57/57 54/54/54 176/180/180 
f 57/57/57 176/180/180 178/182/182 
f 60/60/60 57/57/57 178/182/182 
f 60/60/60 178/182/182 180/184/184 
f 70/70/70 189/193/193 149/153/153 
f 70/70/70 149/153/153 29/29/29 
f 72/72/72 191/195/195 189/193/193 
f 72/72/72 189/193/193 70/70/70 
f 60/60/60 180/184/184 191/195/195 
f 60/60/60 191/195/195 72/72/72 
f 78/78/78 77/77/77 197/201/201 
f 78/78/78 197/201/201 200/204/204 
f 81/81/81 78/78/78 200/204/204 
f 81/81/81 200/204/204 202/206/206 
f 84/84/84 81/81/81 202/206/206 
f 84/84/84 202/206/206 204/208/208 
f 94/94/94 213/217/217 173/177/177 
f 94/94/94 173/177/177 53/53/53 
f 96/98/98 215/220/220 213/219/219 
f 96/98/98 213/219/219 94/95/95 
f 84/84/84 204/208/208 215/220/220 
f 84/84/84 215/220/220 96/98/98 
f 101/105/105 17/17/17 137/141/141 
f 101/105/105 137/141/141 222/230/230 
f 103/107/107 101/105/105 222/230/230 
f 103/107/107 222/230/230 224/232/232 
f 106/110/110 103/107/107 224/232/232 
f 106/110/110 224/232/232 226/234/234 
f 114/118/118 233/241/241 197/201/201 
f 114/118/118 197/201/201 77/77/77 
f 116/120/120 235/243/243 233/241/241 
f 116/120/120 233/241/241 114/118/118 
f 106/110/110 226/234/234 235/243/243 
f 106/110/110 235/243/243 116/120/120 
f 241/249/249 242/250/250 243/251/251 
f 241/249/249 243/251/251 244/252/252 
f 244/252/252 243/251/251 245/253/253 
f 244/252/252 245/253/253 246/254/254 
f 246/254/254 245/253/253 247/255/255 
f 246/254/254 247/255/255 248/256/256 
f 248/256/256 247/255/255 249/257/257 
f 248/256/256 249/257/257 250/258/258 
f 250/258/258 249/257/257 251/259/259 
f 250/258/258 251/259/259 252/260/260 
f 252/260/260 251/259/259 242/250/250 
f 252/260/260 242/250/250 241/249/249 
f 251/259/259 249/257/257 247/255/255 
f 251/259/259 247/255/255 245/253/253 
f 251/259/259 245/253/253 243/251/251 
f 251/259/259 243/251/251 242/250/250 
f 253/261/261 254/262/261 255/263/261 
f 253/261/261 255/263/261 256/264/261 
f 256/264/262 255/263/262 257/265/262 
f 256/264/262 257/265/262 258/266/262 
f 258/266/263 257/265/264 259/267/264 
f 258/266/263 259/267/264 260/268/265 
f 260/268/266 259/267/267 261/269/266 
f 260/268/266 261/269/266 262/270/266 
f 262/270/268 261/269/268 263/271/268 
f 262/270/268 263/271/268 264/272/268 
f 264/272/269 263/271/269 254/273/269 
f 264/272/269 254/273/269 253/274/270 
f 259/275/271 257/276/272 255/277/271 
f 259/275/271 255/277/271 254/278/273 
f 263/279/273 261/280/274 259/275/271 
f 263/279/273 259/275/271 254/278/273 
f 265/249/249 266/250/275 267/251/276 
f 265/249/249 267/251/276 268/252/277 
f 268/252/277 267/251/276 269/253/278 
f 268/252/277 269/253/278 270/254/254 
f 270/254/254 269/253/278 271/255/279 
f 270/254/254 271/255/279 272/256/256 
f 272/256/256 271/255/279 273/257/280 
f 272/256/256 273/257/280 274/258/281 
f 274/258/281 273/257/280 275/259/282 
f 274/258/281 275/259/282 276/260/260 
f 276/260/260 275/259/282 266/250/275 
f 276/260/260 266/250/275 265/249/249 
f 267/251/276 271/255/279 269/253/278 
f 277/261/261 278/262/261 279/263/261 
f 277/261/261 279/263/261 280/264/261 
f 280/264/262 279/263/262 281/265/262 
f 280/264/262 281/265/262 282/266/262 
f 282/266/264 281/265/265 283/267/283 
f 282/266/264 283/267/283 284/268/264 
f 284/268/266 283/267/266 285/269/266 
f 284/268/266 285/269/266 286/270/284 
f 286/270/285 285/269/286 287/271/286 
f 286/270/285 287/271/286 288/272/285 
f 288/272/287 287/271/287 278/273/287 
f 288/272/287 278/273/287 277/274/287 
f 283/275/271 281/276/288 279/277/288 
f 283/275/271 279/277/288 278/278/288 
f 287/279/271 285/280/273 283/275/271 
f 287/279/271 283/275/271 278/278/288 
f 289/249/249 290/250/250 291/251/251 
f 289/249/249 291/251/251 292/252/252 
f 292/252/252 291/251/251 293/253/253 
f 292/252/252 293/253/253 294/254/254 
f 294/254/254 293/253/253 295/255/289 
f 294/254/254 295/255/289 296/256/256 
f 296/256/256 295/255/289 297/257/290 
f 296/256/256 297/257/290 298/258/291 
f 298/258/291 297/257/290 299/259/282 
f 298/258/291 299/259/282 300/260/260 
f 300/260/260 299/259/282 290/250/250 
f 300/260/260 290/250/250 289/249/249 
f 291/251/251 295/255/289 293/253/253 
f 301/261/292 302/262/261 303/263/261 
f 301/261/292 303/263/261 304/264/292 
f 304/264/293 303/263/293 305/265/293 
f 304/264/293 305/265/293 306/266/262 
f 306/266/263 305/265/263 307/267/263 
f 306/266/263 307/267/263 308/268/294 
f 308/268/266 307/267/295 309/269/295 
f 308/268/266 309/269/295 310/270/266 
f 310/270/286 309/269/268 311/271/286 
f 310/270/286 311/271/286 312/272/286 
f 312/272/269 311/271/287 302/273/269 
f 312/272/269 302/273/269 301/274/269 
f 307/275/271 305/276/273 303/277/271 
f 307/275/271 303/277/271 302/278/271 
f 311/279/271 309/280/288 307/275/271 
f 311/279/271 307/275/271 302/278/271 
f 313/249/296 314/250/250 315/251/297 
f 313/249/296 315/251/297 316/252/298 
f 316/252/298 315/251/297 317/253/253 
f 316/252/298 317/253/253 318/254/254 
f 318/254/254 317/253/253 319/255/299 
f 318/254/254 319/255/299 320/256/300 
f 320/256/300 319/255/299 321/257/280 
f 320/256/300 321/257/280 322/258/291 
f 322/258/291 321/257/280 323/259/301 
f 322/258/291 323/259/301 324/260/260 
f 324/260/260 323/259/301 314/250/250 
f 324/260/260 314/250/250 313/249/296 
f 315/251/297 319/255/299 317/253/253 
f 325/261/261 326/262/261 327/263/261 
f 325/261/261 327/263/261 328/264/261 
f 328/264/262 327/263/262 329/265/262 
f 328/264/262 329/265/262 330/266/262 
f 330/266/263 329/265/263 331/267/263 
f 330/266/263 331/267/263 332/268/302 
f 332/268/266 331/267/266 333/269/266 
f 332/268/266 333/269/266 334/270/267 
f 334/270/286 333/269/286 335/271/286 
f 334/270/286 335/271/286 336/272/268 
f 336/272/269 335/271/287 326/273/269 
f 336/272/269 326/273/269 325/274/269 
f 331/275/288 329/276/288 327/277/288 
f 331/275/288 327/277/288 326/278/288 
f 335/279/288 333/280/288 331/275/288 
f 335/279/288 331/275/288 326/278/288 
f 337/249/296 338/250/250 339/251/251 
f 337/249/296 339/251/251 340/252/298 
f 340/252/298 339/251/251 341/253/253 
f 340/252/298 341/253/253 342/254/303 
f 342/254/303 341/253/253 343/255/304 
f 342/254/303 343/255/304 344/256/305 
f 344/256/305 343/255/304 345/257/257 
f 344/256/305 345/257/257 346/258/306 
f 346/258/306 345/257/257 347/259/301 
f 346/258/306 347/259/301 348/260/260 
f 348/260/260 347/259/301 338/250/250 
f 348/260/260 338/250/250 337/249/296 
f 339/251/251 343/255/304 341/253/253 
f 349/261/261 350/262/261 351/263/261 
f 349/261/261 351/263/261 352/264/261 
f 352/264/262 351/263/307 353/265/293 
f 352/264/262 353/265/293 354/266/262 
f 354/266/264 353/265/264 355/267/264 
f 354/266/264 355/267/264 356/268/294 
f 356/268/266 355/267/266 357/269/266 
f 356/268/266 357/269/266 358/270/266 
f 358/270/286 357/269/286 359/271/286 
f 358/270/286 359/271/286 360/272/268 
f 360/272/287 359/271/287 350/273/287 
f 360/272/287 350/273/287 349/274/287 
f 355/275/271 353/276/272 351/277/271 
f 355/275/271 351/277/271 350/278/271 
f 359/279/271 357/280/273 355/275/271 
f 359/279/271 355/275/271 350/278/271 
f 361/249/308 362/250/280 363/251/259 
f 361/249/308 363/251/259 364/252/309 
f 364/252/309 363/251/259 365/253/250 
f 364/252/309 365/253/250 366/254/310 
f 366/254/310 365/253/250 367/255/276 
f 366/254/310 367/255/276 368/256/252 
f 368/256/252 367/255/276 369/257/311 
f 368/256/252 369/257/311 370/258/303 
f 370/258/303 369/257/311 371/259/279 
f 370/258/303 371/259/279 372/260/312 
f 372/260/312 371/259/279 362/250/280 
f 372/260/312 362/250/280 361/249/308 
f 371/259/279 369/257/311 367/255/276 
f 373/261/268 374/262/285 375/263/285 
f 373/261/268 375/263/285 376/264/286 
f 376/264/287 375/263/269 377/265/270 
f 376/264/287 377/265/270 378/266/287 
f 378/266/313 377/265/313 379/267/313 
f 378/266/313 379/267/313 380/268/313 
f 380/268/307 379/267/293 381/269/307 
f 380/268/307 381/269/307 382/270/307 
f 382/270/283 381/269/283 383/271/283 
f 382/270/283 383/271/283 384/272/264 
f 384/272/266 383/271/266 374/273/266 
f 384/272/266 374/273/266 373/274/266 
f 379/275/271 377/276/271 375/277/271 
f 379/275/271 375/277/271 374/278/271 
f 383/279/271 381/280/271 379/275/271 
f 383/279/271 379/275/271 374/278/271 
f 385/281/314 386/282/314 387/283/315 
f 385/281/314 387/283/315 388/284/316 
f 388/284/316 387/283/315 389/285/317 
f 388/284/316 389/285/317 390/286/318 
f 390/286/318 389/285/317 391/287/261 
f 390/286/318 391/287/261 392/288/261 
f 392/288/261 391/287/261 393/289/319 
f 392/288/261 393/289/319 394/290/320 
f 394/290/320 393/289/319 395/291/321 
f 394/290/320 395/291/321 396/292/322 
f 396/292/322 395/291/321 397/293/323 
f 396/292/322 397/293/323 398/294/324 
f 398/294/324 397/293/323 399/295/325 
f 398/294/324 399/295/325 400/296/326 
f 400/296/326 399/295/325 401/297/327 
f 400/296/326 401/297/327 402/298/328 
f 402/298/328 401/297/327 403/299/329 
f 402/298/328 403/299/329 404/300/330 
f 404/300/330 403/299/329 405/301/331 
f 404/300/330 405/301/331 406/302/332 
f 406/302/332 405/301/331 407/303/267 
f 406/302/332 407/303/267 408/304/267 
f 408/304/267 407/303/267 409/305/333 
f 408/304/267 409/305/333 410/306/334 
f 410/306/334 409/305/333 411/307/335 
f 410/306/334 411/307/335 412/308/336 
f 412/308/336 411/307/335 413/309/337 
f 412/308/336 413/309/337 414/310/338 
f 414/310/338 413/309/337 415/311/339 
f 414/310/338 415/311/339 416/312/340 
f 416/312/340 415/311/339 386/313/341 
f 416/312/340 386/313/341 385/314/341 
f 402/315/342 398/316/342 400/317/343 
f 412/318/342 388/319/342 390/320/344 
f 412/318/342 390/320/344 410/321/342 
f 401/322/288 399/323/274 397/324/288 
f 406/325/342 394/326/342 396/327/342 
f 406/325/342 396/327/342 404/328/342 
f 404/328/342 396/327/342 398/316/342 
f 404/328/342 398/316/342 402/315/342 
f 392/329/342 408/330/342 410/321/342 
f 392/329/342 410/321/342 390/320/344 
f 416/331/342 385/332/342 414/333/342 
f 385/332/342 388/319/342 412/318/342 
f 385/332/342 412/318/342 414/333/342 
f 392/329/342 394/326/342 406/325/342 
f 392/329/342 406/325/342 408/330/342 
f 405/334/288 403/335/288 395/336/288 
f 405/334/288 395/336/288 393/337/288 
f 403/335/288 401/322/288 397/324/288 
f 403/335/288 397/324/288 395/336/288 
f 409/338/288 407/339/288 391/340/288 
f 409/338/288 391/340/288 389/341/288 
f 407/339/288 405/334/288 393/337/288 
f 407/339/288 393/337/288 391/340/288 
f 415/342/271 413/343/288 386/344/271 
f 411/345/288 409/338/288 389/341/288 
f 411/345/288 389/341/288 387/346/288 
f 413/343/288 411/345/288 387/346/288 
f 413/343/288 387/346/288 386/344/271 
f 338/250/250 345/257/257 343/255/304 
f 338/250/250 343/255/304 339/251/251 
f 347/259/301 345/257/257 338/250/250 
f 314/250/250 321/257/280 319/255/299 
f 314/250/250 319/255/299 315/251/297 
f 323/259/301 321/257/280 314/250/250 
f 371/259/279 367/255/276 365/253/250 
f 371/259/279 365/253/250 362/250/280 
f 362/250/280 365/253/250 363/251/259 
f 290/250/250 297/257/290 295/255/289 
f 290/250/250 295/255/289 291/251/251 
f 299/259/282 297/257/290 290/250/250 
f 266/250/275 273/257/280 271/255/279 
f 266/250/275 271/255/279 267/251/276 
f 275/259/282 273/257/280 266/250/275 
# 672 faces

#
# object DrawCall_0317
#

v  3.6508 3.0784 1.6076
v  2.9303 3.7206 1.6017
v  2.9059 3.6871 1.7016
v  3.6199 3.0506 1.7074
v  4.2221 2.3003 1.6126
v  4.1861 2.2795 1.7124
v  4.5797 1.4075 1.7163
v  4.6193 1.4204 1.6166
v  4.8302 -0.4885 1.6204
v  4.7887 -0.4843 1.7201
v  4.5949 -1.4213 1.7199
v  4.6347 -1.4340 1.6202
v  4.8250 0.4770 1.6192
v  4.7835 0.4726 1.7189
v  4.2470 -2.3182 1.6185
v  4.2108 -2.2975 1.7182
v  3.6842 -3.1024 1.6155
v  3.6530 -3.0747 1.7152
v  2.9459 -3.7188 1.7110
v  2.9707 -3.7523 1.6111
v  1.2219 -4.5429 1.5996
v  1.2127 -4.5023 1.6995
v  0.2624 -4.6074 1.6929
v  0.2629 -4.6490 1.5929
v  2.1378 -4.2396 1.6058
v  2.1204 -4.2017 1.7056
v  -0.6971 -4.5533 1.5859
v  -0.6890 -4.5125 1.6859
v  -1.6163 -4.2599 1.5790
v  -1.5999 -4.2218 1.6791
v  -2.4305 -3.7478 1.6726
v  -2.4544 -3.7816 1.5724
v  -3.7462 -2.3613 1.5614
v  -3.7107 -2.3402 1.6617
v  -4.1043 -1.4682 1.6578
v  -4.1434 -1.4814 1.5575
v  -3.1749 -3.1394 1.5665
v  -3.1445 -3.1113 1.6667
v  -4.3491 -0.5380 1.5549
v  -4.3082 -0.5333 1.6552
v  -4.3543 0.4275 1.5537
v  -4.3133 0.4236 1.6540
v  -4.1196 1.3606 1.6542
v  -4.1588 1.3731 1.5539
v  -3.2083 3.0414 1.5586
v  -3.1776 3.0140 1.6589
v  -2.4706 3.6581 1.6632
v  -2.4948 3.6914 1.5629
v  -3.7711 2.2572 1.5556
v  -3.7354 2.2368 1.6559
v  -1.6619 4.1787 1.5683
v  -1.6451 4.1410 1.6685
v  -0.7460 4.4820 1.5745
v  -0.7374 4.4416 1.6746
v  0.2129 4.5467 1.6813
v  0.2130 4.5881 1.5812
v  2.0922 4.1989 1.5951
v  2.0753 4.1610 1.6950
v  1.1730 4.4923 1.5882
v  1.1644 4.4518 1.6882
v  2.6821 3.3746 1.5608
v  3.3361 2.7916 1.5662
v  3.8547 2.0853 1.5708
v  3.9554 1.8623 1.5718
v  4.2153 1.2865 1.5744
v  4.1371 1.2604 1.4965
v  4.1789 1.2744 1.5384
v  3.9348 1.8487 1.5301
v  3.9208 1.7728 1.4654
v  2.6682 3.3550 1.5264
v  3.3184 2.7754 1.5318
v  3.8341 2.0731 1.5363
v  4.4067 -0.4463 1.5779
v  4.2293 -1.3046 1.5776
v  4.4020 0.4302 1.5767
v  4.3499 0.6692 1.5761
v  4.3829 -0.4440 1.5433
v  4.2065 -1.2973 1.5431
v  4.3782 0.4275 1.5422
v  4.3253 0.6677 1.5344
v  4.2689 0.7200 1.4691
v  4.1887 0.7442 1.3904
v  3.9866 0.6874 1.2366
v  3.8710 1.7052 1.3869
v  3.6751 1.6296 1.2332
v  3.8774 -2.1072 1.5761
v  3.3664 -2.8191 1.5733
v  3.1857 -2.9839 1.5723
v  2.7188 -3.4091 1.5694
v  2.6701 -3.3426 1.4917
v  2.6961 -3.3782 1.5335
v  3.1665 -2.9684 1.5306
v  3.0902 -2.9783 1.4652
v  3.8566 -2.0954 1.5416
v  3.3486 -2.8031 1.5388
v  1.1312 -4.1268 1.5590
v  0.2607 -4.2231 1.5529
v  1.9627 -3.8514 1.5646
v  2.1738 -3.7280 1.5659
v  1.1262 -4.1033 1.5246
v  0.2607 -4.1990 1.5185
v  1.9529 -3.8295 1.5301
v  2.1649 -3.7050 1.5243
v  2.1973 -3.6350 1.4597
v  2.1958 -3.5511 1.3814
v  2.0798 -3.3760 1.2280
v  3.0108 -2.9517 1.3865
v  2.8789 -2.7883 1.2330
v  -0.6108 -4.1362 1.5465
v  -1.4452 -3.8698 1.5402
v  -1.6576 -3.7487 1.5386
v  -2.2060 -3.4356 1.5343
v  -2.1576 -3.3686 1.4572
v  -2.1835 -3.4045 1.4986
v  -1.6487 -3.7255 1.4971
v  -1.6815 -3.6559 1.4320
v  -0.6058 -4.1126 1.5122
v  -1.4354 -3.8478 1.5059
v  -3.3786 -2.1464 1.5243
v  -3.7391 -1.3476 1.5207
v  -2.8600 -2.8527 1.5289
v  -2.6775 -3.0155 1.5304
v  -3.3577 -2.1343 1.4901
v  -3.7162 -1.3401 1.4865
v  -2.8421 -2.8365 1.4946
v  -2.6582 -2.9998 1.4890
v  -2.5815 -3.0089 1.4247
v  -2.5019 -2.9814 1.3471
v  -2.3709 -2.8166 1.1955
v  -1.6805 -3.5720 1.3537
v  -1.5655 -3.3956 1.2020
v  -3.9259 -0.4912 1.5184
v  -3.9306 0.3853 1.5172
v  -3.8811 0.6249 1.5173
v  -3.7531 1.2436 1.5175
v  -3.6742 1.2183 1.4407
v  -3.7165 1.2318 1.4820
v  -3.8563 0.6236 1.4760
v  -3.8000 0.6765 1.4115
v  -3.9018 -0.4886 1.4842
v  -3.9066 0.3828 1.4831
v  -2.8903 2.7580 1.5218
v  -2.2426 3.3480 1.5257
v  -3.4013 2.0462 1.5190
v  -3.4996 1.8221 1.5186
v  -2.8722 2.7420 1.4876
v  -2.2283 3.3286 1.4914
v  -3.3803 2.0342 1.4848
v  -3.4786 1.8087 1.4772
v  -3.4633 1.7330 1.4126
v  -3.4123 1.6660 1.3349
v  -3.2148 1.5924 1.1840
v  -3.7197 0.7016 1.3339
v  -3.5161 0.6469 1.1830
v  -1.4866 3.7904 1.5305
v  -0.6551 4.0657 1.5361
v  -0.4121 4.0927 1.5379
v  0.2154 4.1620 1.5422
v  0.2161 4.0793 1.4650
v  0.2157 4.1236 1.5065
v  -0.4055 4.0687 1.4964
v  -0.3377 4.0316 1.4321
v  -1.4766 3.7684 1.4963
v  -0.6499 4.0421 1.5018
v  1.9213 3.8087 1.5549
v  1.0869 4.0751 1.5486
v  0.8436 4.0994 1.5468
v  1.9117 3.7866 1.5205
v  1.0821 4.0515 1.5142
v  0.8375 4.0754 1.5053
v  0.7705 4.0376 1.4400
v  0.7227 3.9685 1.3616
v  0.7144 3.7581 1.2095
v  -0.2887 3.9630 1.3544
v  -0.2772 3.7527 1.2024
v  0.2434 -0.0328 -0.3179
v  -0.0162 0.7525 -0.3477
v  -0.2460 0.6337 -0.3492
v  -0.4279 0.4497 -0.3503
v  -0.5440 0.2185 -0.3508
v  -0.5831 -0.0373 -0.3508
v  -0.5413 -0.2927 -0.3502
v  -0.4226 -0.5227 -0.3490
v  -0.2388 -0.7047 -0.3475
v  -0.0077 -0.8209 -0.3457
v  0.2479 -0.8601 -0.3438
v  0.5031 -0.8182 -0.3420
v  0.7329 -0.6995 -0.3405
v  0.9148 -0.5155 -0.3395
v  1.0309 -0.2842 -0.3389
v  1.0700 -0.0284 -0.3390
v  1.0282 0.2270 -0.3396
v  0.9095 0.4570 -0.3407
v  0.7257 0.6390 -0.3423
v  0.4946 0.7552 -0.3440
v  0.2390 0.7943 -0.3459
# 196 vertices

vn 0.6813 0.6229 0.3846
vn 0.5368 0.7513 0.3839
vn 0.5371 0.7511 0.3839
vn 0.6815 0.6226 0.3846
vn 0.7960 0.4672 0.3849
vn 0.7961 0.4669 0.3849
vn 0.8756 0.2908 0.3856
vn 0.8756 0.2910 0.3856
vn 0.9180 -0.0912 0.3859
vn 0.8788 -0.2804 0.3861
vn 0.8788 -0.2806 0.3861
vn 0.9169 0.1021 0.3857
vn 0.9170 0.1021 0.3857
vn 0.8010 -0.4576 0.3861
vn 0.8011 -0.4573 0.3861
vn 0.6880 -0.6145 0.3861
vn 0.6882 -0.6142 0.3861
vn 0.5453 -0.7444 0.3855
vn 0.5449 -0.7446 0.3855
vn 0.1942 -0.9023 0.3849
vn 0.1946 -0.9022 0.3849
vn 0.0025 -0.9233 0.3841
vn 0.0020 -0.9233 0.3841
vn 0.3778 -0.8419 0.3854
vn 0.3782 -0.8417 0.3854
vn -0.1902 -0.9037 0.3835
vn -0.1898 -0.9038 0.3835
vn -0.3741 -0.8447 0.3827
vn -0.3737 -0.8449 0.3827
vn -0.5413 -0.7491 0.3819
vn -0.5416 -0.7488 0.3819
vn -0.7994 -0.4648 0.3807
vn -0.7993 -0.4650 0.3807
vn -0.8786 -0.2892 0.3801
vn -0.8786 -0.2891 0.3800
vn -0.6855 -0.6203 0.3812
vn -0.6853 -0.6205 0.3812
vn -0.9196 -0.1008 0.3797
vn -0.9196 -0.1009 0.3797
vn -0.9206 0.0918 0.3795
vn -0.9206 0.0919 0.3795
vn -0.8817 0.2807 0.3793
vn -0.8817 0.2805 0.3793
vn -0.6921 0.6138 0.3797
vn -0.6919 0.6140 0.3797
vn -0.5494 0.7441 0.3801
vn -0.5496 0.7439 0.3801
vn -0.8044 0.4571 0.3795
vn -0.8043 0.4573 0.3795
vn -0.3832 0.8416 0.3807
vn -0.3828 0.8418 0.3807
vn -0.1999 0.9026 0.3813
vn -0.1995 0.9027 0.3813
vn -0.0075 0.9242 0.3819
vn -0.0079 0.9242 0.3819
vn 0.3687 0.8469 0.3832
vn 0.3691 0.8467 0.3832
vn 0.1844 0.9053 0.3825
vn 0.1849 0.9052 0.3825
vn -0.2057 -0.2756 0.9390
vn -0.3528 -0.4817 0.8021
vn -0.4455 -0.3990 0.8015
vn -0.2588 -0.2282 0.9386
vn -0.5188 -0.2987 0.8010
vn -0.3010 -0.1708 0.9382
vn -0.5843 -0.2577 0.7695
vn -0.4928 -0.1648 0.8544
vn -0.3303 -0.1058 0.9379
vn -0.6597 -0.2245 0.7172
vn -0.6546 -0.2270 0.7211
vn -0.7882 -0.3369 0.5151
vn -0.7635 -0.2871 0.5785
vn -0.4815 -0.6636 0.5726
vn -0.6091 -0.5497 0.5717
vn -0.7122 -0.4129 0.5678
vn -0.3314 0.1046 0.9377
vn -0.3458 0.0349 0.9376
vn -0.5968 0.0598 0.8002
vn -0.5718 0.1814 0.8001
vn -0.3455 -0.0363 0.9377
vn -0.5984 -0.0614 0.7989
vn -0.6291 -0.1350 0.7655
vn -0.8173 0.0817 0.5705
vn -0.7829 0.2490 0.5702
vn -0.8171 -0.0822 0.5706
vn -0.8330 -0.1853 0.5213
vn -0.7776 -0.2037 0.5948
vn -0.6480 -0.1990 0.7352
vn -0.5622 -0.1830 0.8065
vn -0.6404 -0.2218 0.7353
vn -0.5221 0.2951 0.8002
vn -0.3028 0.1699 0.9378
vn -0.4498 0.3960 0.8006
vn -0.2613 0.2277 0.9380
vn -0.4309 0.4714 0.7695
vn -0.3146 0.4126 0.8548
vn -0.2087 0.2758 0.9383
vn -0.4223 0.5537 0.7177
vn -0.4230 0.5481 0.7216
vn -0.5678 0.6423 0.5149
vn -0.5132 0.6340 0.5785
vn -0.7145 0.4055 0.5702
vn -0.6167 0.5462 0.5669
vn -0.0086 0.3422 0.9396
vn -0.0795 0.3342 0.9391
vn -0.1327 0.5822 0.8021
vn -0.0090 0.5961 0.8029
vn -0.1471 0.3118 0.9387
vn -0.2486 0.5458 0.8002
vn -0.3280 0.5523 0.7664
vn -0.1785 0.8005 0.5721
vn -0.0083 0.8195 0.5731
vn -0.3346 0.7490 0.5718
vn -0.4375 0.7322 0.5220
vn -0.4383 0.6732 0.5956
vn -0.3945 0.5504 0.7358
vn -0.3531 0.4734 0.8070
vn -0.4139 0.5363 0.7356
vn -0.3531 0.4733 0.8070
vn 0.1149 0.5841 0.8035
vn 0.0624 0.3352 0.9401
vn 0.2337 0.5464 0.8042
vn 0.1305 0.3137 0.9405
vn 0.3117 0.5522 0.7733
vn 0.2909 0.4224 0.8585
vn 0.1925 0.2784 0.9410
vn 0.3931 0.5696 0.7218
vn 0.3875 0.5685 0.7258
vn 0.4338 0.7368 0.5186
vn 0.4424 0.6819 0.5825
vn 0.1622 0.8029 0.5737
vn 0.3267 0.7532 0.5709
vn 0.3177 0.1084 0.9420
vn 0.2882 0.1735 0.9417
vn 0.5094 0.3019 0.8059
vn 0.5608 0.1884 0.8063
vn 0.2459 0.2310 0.9414
vn 0.4388 0.4011 0.8041
vn 0.4207 0.4790 0.7704
vn 0.7045 0.4144 0.5762
vn 0.7751 0.2583 0.5767
vn 0.6073 0.5472 0.5759
vn 0.5597 0.6403 0.5261
vn 0.5029 0.6225 0.5996
vn 0.3985 0.5419 0.7399
vn 0.3373 0.4782 0.8109
vn 0.3790 0.5562 0.7396
vn 0.5873 0.0665 0.8066
vn 0.3330 0.0387 0.9421
vn 0.5881 -0.0581 0.8067
vn 0.3333 -0.0327 0.9422
vn 0.6175 -0.1303 0.7757
vn 0.4871 -0.1512 0.8602
vn 0.3188 -0.1026 0.9422
vn 0.6595 -0.2019 0.7241
vn 0.6568 -0.1969 0.7279
vn 0.8325 -0.1876 0.5213
vn 0.7825 -0.2132 0.5850
vn 0.8115 0.0908 0.5773
vn 0.8151 -0.0809 0.5737
vn 0.1955 -0.2739 0.9417
vn 0.2483 -0.2259 0.9420
vn 0.4397 -0.3955 0.8064
vn 0.3473 -0.4792 0.8060
vn 0.2901 -0.1680 0.9421
vn 0.5125 -0.2980 0.8053
vn 0.5815 -0.2564 0.7721
vn 0.6087 -0.5445 0.5771
vn 0.4818 -0.6597 0.5768
vn 0.7051 -0.4113 0.5776
vn 0.7794 -0.3373 0.5280
vn 0.7446 -0.2892 0.6016
vn 0.6350 -0.2158 0.7418
vn 0.5548 -0.1776 0.8128
vn 0.6422 -0.1928 0.7419
vn 0.5548 -0.1777 0.8128
vn 0.2397 -0.5420 0.8054
vn 0.1338 -0.3098 0.9413
vn 0.1213 -0.5808 0.8050
vn 0.0660 -0.3321 0.9409
vn 0.0620 -0.6307 0.7735
vn 0.0014 -0.5137 0.8579
vn -0.0049 -0.3399 0.9404
vn 0.0072 -0.6924 0.7215
vn 0.0111 -0.6882 0.7254
vn 0.0754 -0.8513 0.5193
vn 0.0352 -0.8118 0.5829
vn 0.3338 -0.7462 0.5760
vn 0.1713 -0.8021 0.5720
vn -0.1438 -0.3109 0.9395
vn -0.2449 -0.5436 0.8028
vn -0.0759 -0.3327 0.9400
vn -0.1299 -0.5827 0.8022
vn -0.0690 -0.6353 0.7692
vn -0.3330 -0.7487 0.5733
vn -0.1767 -0.7992 0.5745
vn -0.0832 -0.8469 0.5252
vn -0.0488 -0.7993 0.5990
vn -0.0137 -0.6733 0.7392
vn -0.0026 -0.5859 0.8103
vn 0.0104 -0.6730 0.7396
vn -0.0026 -0.5860 0.8103
vn -0.0071 0.0012 1.0000
vn -0.0174 0.0321 0.9993
vn -0.0264 0.0275 0.9993
vn -0.0336 0.0202 0.9992
vn -0.0382 0.0111 0.9992
vn -0.0397 0.0010 0.9992
vn -0.0381 -0.0090 0.9992
vn -0.0334 -0.0180 0.9993
vn -0.0262 -0.0252 0.9993
vn -0.0171 -0.0298 0.9994
vn -0.0069 -0.0313 0.9995
vn 0.0031 -0.0297 0.9996
vn 0.0122 -0.0250 0.9996
vn 0.0193 -0.0178 0.9997
vn 0.0239 -0.0087 0.9997
vn 0.0254 0.0014 0.9997
vn 0.0238 0.0115 0.9997
vn 0.0191 0.0205 0.9996
vn 0.0119 0.0277 0.9995
vn 0.0028 0.0322 0.9995
vn -0.0073 0.0338 0.9994
# 223 vertex normals

vt 0.0461 0.2437 0.0000
vt 0.0458 0.2438 0.0000
vt 0.0460 0.2437 0.0000
vt 0.0463 0.2436 0.0000
vt 0.0462 0.2436 0.0000
vt 0.0464 0.2435 0.0000
vt 0.0465 0.2432 0.0000
vt 0.0464 0.2432 0.0000
vt 0.0464 0.2431 0.0000
vt 0.0465 0.2434 0.0000
vt 0.0464 0.2434 0.0000
vt 0.0463 0.2430 0.0000
vt 0.0462 0.2430 0.0000
vt 0.0461 0.2428 0.0000
vt 0.0460 0.2429 0.0000
vt 0.0458 0.2428 0.0000
vt 0.0452 0.2426 0.0000
vt 0.0452 0.2427 0.0000
vt 0.0449 0.2426 0.0000
vt 0.0456 0.2427 0.0000
vt 0.0455 0.2427 0.0000
vt 0.0446 0.2426 0.0000
vt 0.0446 0.2427 0.0000
vt 0.0443 0.2427 0.0000
vt 0.0440 0.2428 0.0000
vt 0.0436 0.2430 0.0000
vt 0.0435 0.2431 0.0000
vt 0.0438 0.2428 0.0000
vt 0.0438 0.2429 0.0000
vt 0.0434 0.2432 0.0000
vt 0.0434 0.2434 0.0000
vt 0.0435 0.2435 0.0000
vt 0.0438 0.2437 0.0000
vt 0.0440 0.2438 0.0000
vt 0.0436 0.2436 0.0000
vt 0.0443 0.2439 0.0000
vt 0.0446 0.2439 0.0000
vt 0.0449 0.2439 0.0000
vt 0.0456 0.2439 0.0000
vt 0.0455 0.2439 0.0000
vt 0.0452 0.2439 0.0000
vt 0.0457 0.2438 0.0000
vt 0.0461 0.2436 0.0000
vt 0.0463 0.2435 0.0000
vt 0.0462 0.2435 0.0000
vt 0.0463 0.2432 0.0000
vt 0.0463 0.2431 0.0000
vt 0.0463 0.2434 0.0000
vt 0.0462 0.2431 0.0000
vt 0.0462 0.2434 0.0000
vt 0.0461 0.2435 0.0000
vt 0.0461 0.2430 0.0000
vt 0.0459 0.2429 0.0000
vt 0.0457 0.2428 0.0000
vt 0.0449 0.2427 0.0000
vt 0.0456 0.2428 0.0000
vt 0.0455 0.2428 0.0000
vt 0.0458 0.2429 0.0000
vt 0.0444 0.2427 0.0000
vt 0.0443 0.2428 0.0000
vt 0.0441 0.2428 0.0000
vt 0.0437 0.2430 0.0000
vt 0.0436 0.2431 0.0000
vt 0.0439 0.2429 0.0000
vt 0.0440 0.2429 0.0000
vt 0.0441 0.2429 0.0000
vt 0.0435 0.2432 0.0000
vt 0.0435 0.2434 0.0000
vt 0.0436 0.2434 0.0000
vt 0.0436 0.2435 0.0000
vt 0.0439 0.2437 0.0000
vt 0.0441 0.2438 0.0000
vt 0.0437 0.2436 0.0000
vt 0.0437 0.2435 0.0000
vt 0.0438 0.2435 0.0000
vt 0.0437 0.2434 0.0000
vt 0.0444 0.2438 0.0000
vt 0.0447 0.2439 0.0000
vt 0.0455 0.2438 0.0000
vt 0.0451 0.2439 0.0000
vt 0.0451 0.2438 0.0000
vt 0.0448 0.2439 0.0000
vt 0.0448 0.2438 0.0000
vt 0.0449 0.2433 0.0000
vt 0.0448 0.2435 0.0000
vt 0.0447 0.2434 0.0000
vt 0.0446 0.2434 0.0000
vt 0.0445 0.2433 0.0000
vt 0.0445 0.2432 0.0000
vt 0.0446 0.2432 0.0000
vt 0.0447 0.2431 0.0000
vt 0.0448 0.2431 0.0000
vt 0.0449 0.2431 0.0000
vt 0.0451 0.2431 0.0000
vt 0.0452 0.2431 0.0000
vt 0.0453 0.2432 0.0000
vt 0.0454 0.2433 0.0000
vt 0.0453 0.2433 0.0000
vt 0.0453 0.2434 0.0000
vt 0.0452 0.2434 0.0000
vt 0.0451 0.2435 0.0000
vt 0.0449 0.2435 0.0000
# 102 texture coords

o DrawCall_0317
g DrawCall_0317
usemtl 24fe1dbe_dds
s 1
f 417/347/345 418/348/346 419/348/347 
f 417/347/345 419/348/347 420/349/348 
f 421/350/349 417/347/345 420/349/348 
f 421/350/349 420/349/348 422/351/350 
f 423/352/351 424/352/352 421/350/349 
f 423/352/351 421/350/349 422/351/350 
f 425/353/353 426/354/353 427/355/354 
f 425/353/353 427/355/354 428/355/355 
f 429/356/356 430/357/357 426/354/353 
f 429/356/356 426/354/353 425/353/353 
f 423/352/351 430/357/357 429/356/356 
f 423/352/351 429/356/356 424/352/352 
f 431/358/358 428/355/355 427/355/354 
f 431/358/358 427/355/354 432/359/359 
f 433/360/360 431/358/358 432/359/359 
f 433/360/360 432/359/359 434/361/361 
f 435/362/362 436/362/363 433/360/360 
f 435/362/362 433/360/360 434/361/361 
f 437/363/364 438/364/365 439/365/366 
f 437/363/364 439/365/366 440/365/367 
f 441/366/368 442/367/369 438/364/365 
f 441/366/368 438/364/365 437/363/364 
f 435/362/362 442/367/369 441/366/368 
f 435/362/362 441/366/368 436/362/363 
f 443/368/370 440/365/367 439/365/366 
f 443/368/370 439/365/366 444/369/371 
f 445/370/372 443/368/370 444/369/371 
f 445/370/372 444/369/371 446/370/373 
f 447/371/374 448/371/375 445/370/372 
f 447/371/374 445/370/372 446/370/373 
f 449/372/376 450/372/377 451/373/378 
f 449/372/376 451/373/378 452/373/379 
f 453/374/380 454/375/381 450/372/377 
f 453/374/380 450/372/377 449/372/376 
f 447/371/374 454/375/381 453/374/380 
f 447/371/374 453/374/380 448/371/375 
f 455/376/382 452/373/379 451/373/378 
f 455/376/382 451/373/378 456/376/383 
f 457/377/384 455/376/382 456/376/383 
f 457/377/384 456/376/383 458/377/385 
f 459/378/386 460/378/387 457/377/384 
f 459/378/386 457/377/384 458/377/385 
f 461/379/388 462/379/389 463/380/390 
f 461/379/388 463/380/390 464/380/391 
f 465/381/392 466/381/393 462/379/389 
f 465/381/392 462/379/389 461/379/388 
f 459/378/386 466/381/393 465/381/392 
f 459/378/386 465/381/392 460/378/387 
f 467/382/394 464/380/391 463/380/390 
f 467/382/394 463/380/390 468/382/395 
f 469/383/396 467/382/394 468/382/395 
f 469/383/396 468/382/395 470/383/397 
f 471/384/398 472/384/399 469/383/396 
f 471/384/398 469/383/396 470/383/397 
f 473/385/400 474/386/401 419/348/347 
f 473/385/400 419/348/347 418/348/346 
f 475/387/402 476/387/403 474/386/401 
f 475/387/402 474/386/401 473/385/400 
f 471/384/398 476/387/403 475/387/402 
f 471/384/398 475/387/402 472/384/399 
f 419/348/404 477/388/405 478/349/406 
f 419/348/404 478/349/406 420/349/407 
f 420/349/407 478/349/406 479/389/408 
f 420/349/407 479/389/408 422/351/409 
f 480/351/410 481/390/411 423/352/412 
f 480/351/410 423/352/412 422/351/409 
f 482/391/413 483/391/414 484/351/415 
f 482/391/413 484/351/415 485/391/416 
f 478/349/406 477/388/405 486/388/417 
f 478/349/406 486/388/417 487/349/418 
f 479/389/408 478/349/406 487/349/418 
f 479/389/408 487/349/418 488/389/419 
f 480/351/410 479/389/408 488/389/419 
f 480/351/410 488/389/419 484/351/415 
f 480/351/410 484/351/415 483/391/414 
f 480/351/410 483/391/414 481/390/411 
f 480/351/410 422/351/409 479/389/408 
f 427/355/420 426/354/421 489/392/422 
f 427/355/420 489/392/422 490/393/423 
f 426/354/421 430/357/424 491/394/425 
f 426/354/421 491/394/425 489/392/422 
f 492/394/426 430/357/424 423/352/412 
f 492/394/426 423/352/412 481/390/411 
f 489/392/422 493/392/427 494/395/428 
f 489/392/422 494/395/428 490/393/423 
f 491/394/425 495/394/429 493/392/427 
f 491/394/425 493/392/427 489/392/422 
f 496/394/430 495/394/429 491/394/425 
f 496/394/430 491/394/425 492/394/426 
f 497/394/431 496/394/430 483/391/414 
f 497/394/431 483/391/414 482/391/413 
f 482/391/413 498/396/432 497/394/431 
f 499/396/433 498/396/432 500/397/434 
f 499/396/433 500/397/434 501/397/433 
f 496/394/430 492/394/426 481/390/411 
f 496/394/430 481/390/411 483/391/414 
f 492/394/426 491/394/425 430/357/424 
f 427/355/420 490/393/423 502/398/435 
f 427/355/420 502/398/435 432/359/436 
f 432/359/436 502/398/435 503/361/437 
f 432/359/436 503/361/437 434/361/438 
f 504/399/439 505/400/440 435/362/441 
f 504/399/439 435/362/441 434/361/438 
f 506/400/442 507/400/443 508/399/444 
f 506/400/442 508/399/444 509/399/445 
f 502/398/435 490/393/423 494/395/428 
f 502/398/435 494/395/428 510/398/446 
f 503/361/437 502/398/435 510/398/446 
f 503/361/437 510/398/446 511/361/447 
f 504/399/439 503/361/437 511/361/447 
f 504/399/439 511/361/447 508/399/444 
f 504/399/439 508/399/444 507/400/443 
f 504/399/439 507/400/443 505/400/440 
f 504/399/439 434/361/438 503/361/437 
f 439/365/448 438/364/449 512/364/450 
f 439/365/448 512/364/450 513/401/451 
f 438/364/449 442/367/452 514/367/453 
f 438/364/449 514/367/453 512/364/450 
f 515/402/454 442/367/452 435/362/441 
f 515/402/454 435/362/441 505/400/440 
f 512/364/450 516/364/455 517/401/456 
f 512/364/450 517/401/456 513/401/451 
f 514/367/453 518/367/457 516/364/455 
f 514/367/453 516/364/455 512/364/450 
f 519/402/458 518/367/457 514/367/453 
f 519/402/458 514/367/453 515/402/454 
f 520/402/459 519/402/458 507/400/443 
f 520/402/459 507/400/443 506/400/442 
f 521/402/460 520/402/459 506/400/442 
f 522/403/461 521/402/460 523/404/462 
f 522/403/461 523/404/462 524/404/463 
f 519/402/458 515/402/454 505/400/440 
f 519/402/458 505/400/440 507/400/443 
f 515/402/454 514/367/453 442/367/452 
f 439/365/448 513/401/451 525/369/464 
f 439/365/448 525/369/464 444/369/465 
f 444/369/465 525/369/464 526/405/466 
f 444/369/465 526/405/466 446/370/467 
f 527/406/468 528/407/469 447/371/470 
f 527/406/468 447/371/470 446/370/467 
f 529/407/471 530/407/472 531/406/473 
f 529/407/471 531/406/473 532/406/474 
f 525/369/464 513/401/451 517/401/456 
f 525/369/464 517/401/456 533/369/475 
f 526/405/466 525/369/464 533/369/475 
f 526/405/466 533/369/475 534/405/476 
f 527/406/468 526/405/466 534/405/476 
f 527/406/468 534/405/476 531/406/473 
f 527/406/468 531/406/473 530/407/472 
f 527/406/468 530/407/472 528/407/469 
f 527/406/468 446/370/467 526/405/466 
f 451/373/477 450/372/478 535/408/479 
f 451/373/477 535/408/479 536/409/480 
f 450/372/478 454/375/481 537/410/482 
f 450/372/478 537/410/482 535/408/479 
f 538/410/483 454/375/481 447/371/470 
f 538/410/483 447/371/470 528/407/469 
f 535/408/479 539/408/484 540/409/485 
f 535/408/479 540/409/485 536/409/480 
f 537/410/482 541/410/486 539/408/484 
f 537/410/482 539/408/484 535/408/479 
f 542/411/487 541/410/486 537/410/482 
f 542/411/487 537/410/482 538/410/483 
f 543/411/488 542/411/487 530/407/472 
f 543/411/488 530/407/472 529/407/471 
f 544/411/489 543/411/488 529/407/471 
f 545/412/490 544/411/489 546/406/491 
f 545/412/490 546/406/491 547/406/490 
f 542/411/487 538/410/483 528/407/469 
f 542/411/487 528/407/469 530/407/472 
f 538/410/483 537/410/482 454/375/481 
f 451/373/477 536/409/480 548/413/492 
f 451/373/477 548/413/492 456/376/493 
f 456/376/493 548/413/492 549/414/494 
f 456/376/493 549/414/494 458/377/495 
f 550/415/496 551/416/497 459/378/498 
f 550/415/496 459/378/498 458/377/495 
f 552/416/499 553/416/500 554/415/501 
f 552/416/499 554/415/501 555/415/502 
f 548/413/492 536/409/480 540/409/485 
f 548/413/492 540/409/485 556/413/503 
f 549/414/494 548/413/492 556/413/503 
f 549/414/494 556/413/503 557/414/504 
f 550/415/496 549/414/494 557/414/504 
f 550/415/496 557/414/504 554/415/501 
f 550/415/496 554/415/501 553/416/500 
f 550/415/496 553/416/500 551/416/497 
f 550/415/496 458/377/495 549/414/494 
f 463/380/505 462/379/506 558/417/507 
f 463/380/505 558/417/507 559/418/508 
f 462/379/506 466/381/509 560/419/510 
f 462/379/506 560/419/510 558/417/507 
f 561/419/511 466/381/509 459/378/498 
f 561/419/511 459/378/498 551/416/497 
f 558/417/507 562/417/512 563/418/513 
f 558/417/507 563/418/513 559/418/508 
f 560/419/510 564/419/514 562/417/512 
f 560/419/510 562/417/512 558/417/507 
f 565/419/515 564/419/514 560/419/510 
f 565/419/515 560/419/510 561/419/511 
f 566/420/516 565/419/515 553/416/500 
f 566/420/516 553/416/500 552/416/499 
f 567/420/517 566/420/516 552/416/499 
f 568/421/518 567/420/517 569/415/519 
f 568/421/518 569/415/519 570/422/520 
f 565/419/515 561/419/511 551/416/497 
f 565/419/515 551/416/497 553/416/500 
f 561/419/511 560/419/510 466/381/509 
f 463/380/505 559/418/508 571/423/521 
f 463/380/505 571/423/521 468/382/522 
f 468/382/522 571/423/521 572/383/523 
f 468/382/522 572/383/523 470/383/524 
f 573/424/525 574/384/526 471/384/527 
f 573/424/525 471/384/527 470/383/524 
f 575/384/528 576/384/529 577/424/530 
f 575/384/528 577/424/530 578/424/531 
f 571/423/521 559/418/508 563/418/513 
f 571/423/521 563/418/513 579/423/532 
f 572/383/523 571/423/521 579/423/532 
f 572/383/523 579/423/532 580/383/533 
f 573/424/525 572/383/523 580/383/533 
f 573/424/525 580/383/533 577/424/530 
f 573/424/525 577/424/530 576/384/529 
f 573/424/525 576/384/529 574/384/526 
f 573/424/525 470/383/524 572/383/523 
f 419/348/404 474/386/534 581/425/535 
f 419/348/404 581/425/535 477/388/405 
f 474/386/534 476/387/536 582/387/537 
f 474/386/534 582/387/537 581/425/535 
f 583/426/538 476/387/536 471/384/527 
f 583/426/538 471/384/527 574/384/526 
f 581/425/535 584/425/539 486/388/417 
f 581/425/535 486/388/417 477/388/405 
f 582/387/537 585/387/540 584/425/539 
f 582/387/537 584/425/539 581/425/535 
f 586/426/541 585/387/540 582/387/537 
f 586/426/541 582/387/537 583/426/538 
f 587/426/542 586/426/541 576/384/529 
f 587/426/542 576/384/529 575/384/528 
f 588/426/543 587/426/542 575/384/528 
f 589/427/544 588/426/543 590/428/545 
f 589/427/544 590/428/545 591/429/546 
f 586/426/541 583/426/538 574/384/526 
f 586/426/541 574/384/526 576/384/529 
f 583/426/538 582/387/537 476/387/536 
f 592/430/547 593/431/548 594/432/549 
f 592/430/547 594/432/549 595/433/550 
f 592/430/547 595/433/550 596/434/551 
f 592/430/547 596/434/551 597/434/552 
f 592/430/547 597/434/552 598/435/553 
f 592/430/547 598/435/553 599/436/554 
f 592/430/547 599/436/554 600/437/555 
f 592/430/547 600/437/555 601/438/556 
f 592/430/547 601/438/556 602/439/557 
f 592/430/547 602/439/557 603/440/558 
f 592/430/547 603/440/558 604/441/559 
f 592/430/547 604/441/559 605/442/560 
f 592/430/547 605/442/560 606/442/561 
f 592/430/547 606/442/561 607/443/562 
f 592/430/547 607/443/562 608/444/563 
f 592/430/547 608/444/563 609/445/564 
f 592/430/547 609/445/564 610/446/565 
f 592/430/547 610/446/565 611/447/566 
f 592/430/547 611/447/566 612/448/567 
f 592/430/547 612/448/567 593/431/548 
f 588/426/543 575/384/528 590/428/545 
f 590/428/545 575/384/528 578/424/531 
f 567/420/517 552/416/499 569/415/519 
f 569/415/519 552/416/499 555/415/502 
f 546/406/491 529/407/471 532/406/474 
f 544/411/489 529/407/471 546/406/491 
f 523/404/462 506/400/442 509/399/445 
f 521/402/460 506/400/442 523/404/462 
f 500/397/434 482/391/413 485/391/416 
f 500/397/434 498/396/432 482/391/413 
# 275 faces

#
# object DrawCall_0318
#

v  -0.2476 0.6378 -1.0611
v  -0.0161 0.7574 -1.0596
v  -0.1994 1.3118 -1.0616
v  -0.5931 1.1083 -1.0642
v  -0.4308 0.4524 -1.0622
v  -0.9047 0.7931 -1.0660
v  -0.5478 0.2195 -1.0627
v  -1.1037 0.3970 -1.0669
v  -0.5872 -0.0382 -1.0627
v  -1.1706 -0.0414 -1.0669
v  -0.5450 -0.2955 -1.0621
v  -1.0990 -0.4789 -1.0658
v  -0.4255 -0.5272 -1.0610
v  -0.8957 -0.8729 -1.0639
v  -0.2403 -0.7105 -1.0594
v  -0.5807 -1.1848 -1.0613
v  -0.0075 -0.8276 -1.0576
v  -0.1848 -1.3840 -1.0582
v  0.2500 -0.8670 -1.0557
v  0.2531 -1.4510 -1.0550
v  0.5071 -0.8249 -1.0539
v  0.6904 -1.3792 -1.0519
v  0.7385 -0.7053 -1.0524
v  1.0840 -1.1758 -1.0494
v  0.9217 -0.5199 -1.0513
v  1.3956 -0.8606 -1.0475
v  1.0388 -0.2870 -1.0508
v  1.5946 -0.4644 -1.0466
v  1.0781 -0.0292 -1.0508
v  1.6616 -0.0261 -1.0466
v  1.0360 0.2280 -1.0514
v  1.5899 0.4115 -1.0477
v  0.9165 0.4597 -1.0526
v  1.3866 0.8055 -1.0496
v  0.7313 0.6431 -1.0541
v  1.0716 1.1173 -1.0523
v  0.4985 0.7602 -1.0559
v  0.6758 1.3165 -1.0553
v  0.2410 0.7996 -1.0578
v  0.2378 1.3835 -1.0586
v  -0.5967 1.1099 0.1965
v  -0.2030 1.3133 0.1990
v  -0.2963 1.5956 0.1980
v  -0.7726 1.3495 0.1949
v  -0.9083 0.7947 0.1946
v  -1.1495 0.9681 0.1927
v  -1.1073 0.3985 0.1937
v  -1.3903 0.4888 0.1916
v  -1.1742 -0.0398 0.1937
v  -1.4713 -0.0414 0.1916
v  -1.1026 -0.4774 0.1948
v  -1.3846 -0.5708 0.1929
v  -0.8993 -0.8714 0.1967
v  -1.1386 -1.0474 0.1952
v  -0.5843 -1.1832 0.1994
v  -0.7576 -1.4247 0.1984
v  -0.1884 -1.3824 0.2024
v  -0.2787 -1.6656 0.2021
v  0.2495 -1.4494 0.2056
v  0.2512 -1.7467 0.2060
v  0.6868 -1.3777 0.2087
v  0.7801 -1.6599 0.2097
v  1.0805 -1.1743 0.2112
v  1.2563 -1.4138 0.2128
v  1.3920 -0.8590 0.2131
v  1.6333 -1.0325 0.2150
v  1.5911 -0.4629 0.2140
v  1.8741 -0.5532 0.2162
v  1.6580 -0.0246 0.2140
v  1.9550 -0.0229 0.2161
v  1.5863 0.4130 0.2129
v  1.8684 0.5064 0.2148
v  1.3830 0.8070 0.2110
v  1.6224 0.9830 0.2125
v  1.0681 1.1189 0.2083
v  1.2414 1.3603 0.2093
v  0.6722 1.3180 0.2053
v  0.7625 1.6013 0.2056
v  0.2342 1.3850 0.2021
v  0.2326 1.6823 0.2017
v  3.3227 2.7735 0.0157
v  2.6725 3.3531 0.0100
v  2.6808 3.3495 -2.9319
v  3.3310 2.7699 -2.8976
v  3.8384 2.0712 0.0202
v  3.8467 2.0677 -2.8930
v  4.3872 -0.4458 0.0272
v  4.3955 -0.4494 -2.8860
v  4.2191 -1.3028 -2.9152
v  4.2108 -1.2992 0.0268
v  4.3825 0.4256 0.0261
v  4.3908 0.4220 -2.8871
v  4.3344 0.6631 0.0266
v  4.2051 1.2735 -2.8895
v  3.8609 -2.0972 0.0255
v  3.8692 -2.1008 -2.8877
v  3.3529 -2.8050 0.0227
v  3.3612 -2.8086 -2.8905
v  1.1305 -4.1051 0.0084
v  1.1388 -4.1087 -2.9048
v  0.2734 -4.2045 -2.9398
v  0.2650 -4.2009 0.0021
v  1.9572 -3.8314 0.0140
v  1.9655 -3.8350 -2.8992
v  2.1680 -3.7123 0.0165
v  2.7172 -3.3952 -2.8944
v  -0.6015 -4.1145 -0.0039
v  -0.5932 -4.1181 -2.9172
v  -1.4311 -3.8497 -0.0102
v  -1.4228 -3.8532 -2.9234
v  -1.6432 -3.7328 -0.0107
v  -2.1792 -3.4216 -2.9294
v  -3.3534 -2.1361 -0.0260
v  -3.3451 -2.1397 -2.9393
v  -3.7035 -1.3455 -2.9718
v  -3.7119 -1.3419 -0.0298
v  -2.8378 -2.8384 -0.0215
v  -2.8295 -2.8420 -2.9347
v  -2.6594 -3.0022 -0.0189
v  -3.8975 -0.4905 -0.0319
v  -3.8893 -0.4941 -2.9452
v  -3.9022 0.3810 -0.0330
v  -3.8940 0.3774 -2.9463
v  -2.8679 2.7401 -0.0286
v  -2.8596 2.7365 -2.9418
v  -2.2156 3.3231 -2.9668
v  -2.2240 3.3267 -0.0249
v  -3.3759 2.0323 -0.0313
v  -3.3677 2.0288 -2.9446
v  -3.4765 1.8120 -0.0306
v  -3.7175 1.2307 -2.9461
v  -1.4722 3.7665 -0.0198
v  -1.4639 3.7629 -2.9331
v  -0.6455 4.0403 -0.0143
v  -0.6372 4.0367 -2.9275
v  1.9160 3.7848 0.0043
v  1.9243 3.7812 -2.9089
v  1.0864 4.0496 -0.0019
v  1.0947 4.0460 -2.9151
v  0.8459 4.0772 -0.0025
v  0.2282 4.1324 -2.9214
v  -0.2460 0.6337 -0.3492
v  -0.0162 0.7525 -0.3477
v  -0.0157 0.7572 -1.1984
v  -0.2472 0.6376 -1.1999
v  -0.4279 0.4497 -0.3503
v  -0.4304 0.4523 -1.2009
v  -0.5440 0.2185 -0.3508
v  -0.5474 0.2193 -1.2015
v  -0.5831 -0.0373 -0.3508
v  -0.5868 -0.0384 -1.2015
v  -0.5413 -0.2927 -0.3502
v  -0.5446 -0.2957 -1.2009
v  -0.4226 -0.5227 -0.3490
v  -0.4251 -0.5273 -1.1997
v  -0.2388 -0.7047 -0.3475
v  -0.2399 -0.7107 -1.1982
v  -0.0077 -0.8209 -0.3457
v  -0.0072 -0.8278 -1.1963
v  0.2479 -0.8601 -0.3438
v  0.2504 -0.8672 -1.1945
v  0.5031 -0.8182 -0.3420
v  0.5075 -0.8250 -1.1927
v  0.7329 -0.6995 -0.3406
v  0.7389 -0.7054 -1.1912
v  0.9148 -0.5155 -0.3395
v  0.9221 -0.5201 -1.1901
v  1.0309 -0.2842 -0.3389
v  1.0392 -0.2871 -1.1896
v  1.0700 -0.0284 -0.3390
v  1.0785 -0.0294 -1.1896
v  1.0282 0.2270 -0.3396
v  1.0364 0.2279 -1.1902
v  0.9095 0.4570 -0.3407
v  0.9169 0.4595 -1.1913
v  0.7257 0.6390 -0.3423
v  0.7317 0.6429 -1.1929
v  0.4946 0.7552 -0.3441
v  0.4989 0.7600 -1.1947
v  0.2390 0.7943 -0.3459
v  0.2414 0.7994 -1.1966
v  -0.5927 1.1082 -1.2029
v  -0.1990 1.3116 -1.2004
v  -0.9043 0.7929 -1.2047
v  -1.1033 0.3968 -1.2057
v  -1.1702 -0.0415 -1.2056
v  -1.0986 -0.4791 -1.2046
v  -0.8953 -0.8731 -1.2027
v  -0.5803 -1.1850 -1.2000
v  -0.1845 -1.3841 -1.1969
v  0.2535 -1.4511 -1.1937
v  0.6907 -1.3794 -1.1907
v  1.0844 -1.1760 -1.1881
v  1.3960 -0.8608 -1.1863
v  1.5951 -0.4646 -1.1853
v  1.6620 -0.0263 -1.1854
v  1.5903 0.4113 -1.1865
v  1.3870 0.8053 -1.1884
v  1.0720 1.1171 -1.1910
v  0.6762 1.3163 -1.1941
v  0.2382 1.3833 -1.1973
v  -0.2915 1.5935 -1.4816
v  -0.7678 1.3474 -1.4847
v  -1.1448 0.9660 -1.4870
v  -1.3855 0.4868 -1.4881
v  -1.4665 -0.0435 -1.4880
v  -1.3798 -0.5728 -1.4867
v  -1.1339 -1.0495 -1.4844
v  -0.7528 -1.4267 -1.4812
v  -0.2739 -1.6677 -1.4775
v  0.2559 -1.7488 -1.4736
v  0.7849 -1.6620 -1.4699
v  1.2611 -1.4159 -1.4668
v  1.6381 -1.0345 -1.4646
v  1.8788 -0.5553 -1.4635
v  1.9598 -0.0250 -1.4636
v  1.8731 0.5043 -1.4648
v  1.6272 0.9810 -1.4672
v  1.2462 1.3582 -1.4703
v  0.7673 1.5992 -1.4741
v  0.2374 1.6803 -1.4780
v  -0.3630 1.8098 -1.4824
v  -0.9026 1.5310 -1.4859
v  -1.3296 1.0989 -1.4884
v  -1.6024 0.5560 -1.4897
v  -1.6941 -0.0447 -1.4897
v  -1.5959 -0.6444 -1.4882
v  -1.3173 -1.1844 -1.4856
v  -0.8856 -1.6118 -1.4819
v  -0.3431 -1.8847 -1.4777
v  0.2572 -1.9766 -1.4733
v  0.8564 -1.8783 -1.4692
v  1.3959 -1.5995 -1.4656
v  1.8230 -1.1674 -1.4631
v  2.0957 -0.6245 -1.4618
v  2.1875 -0.0238 -1.4619
v  2.0892 0.5759 -1.4634
v  1.8106 1.1159 -1.4660
v  1.3789 1.5433 -1.4696
v  0.8364 1.8162 -1.4738
v  0.2362 1.9081 -1.4783
v  -0.3614 1.8091 -2.0530
v  -0.9010 1.5303 -2.0566
v  -1.3280 1.0982 -2.0591
v  -1.6008 0.5553 -2.0603
v  -1.6925 -0.0454 -2.0603
v  -1.5943 -0.6451 -2.0588
v  -1.3157 -1.1851 -2.0562
v  -0.8840 -1.6125 -2.0526
v  -0.3415 -1.8854 -2.0484
v  0.2588 -1.9773 -2.0440
v  0.8580 -1.8790 -2.0398
v  1.3975 -1.6002 -2.0363
v  1.8246 -1.1682 -2.0337
v  2.0973 -0.6252 -2.0325
v  2.1891 -0.0245 -2.0326
v  2.0908 0.5752 -2.0340
v  1.8123 1.1152 -2.0366
v  1.3806 1.5426 -2.0403
v  0.8381 1.8155 -2.0445
v  0.2378 1.9074 -2.0489
v  3.3184 2.7754 1.5318
v  2.6682 3.3550 1.5264
v  3.8341 2.0731 1.5363
v  3.9413 1.8520 0.0224
v  3.9348 1.8487 1.5301
v  4.3829 -0.4440 1.5433
v  4.2065 -1.2973 1.5431
v  4.3782 0.4275 1.5422
v  4.3253 0.6677 1.5344
v  3.8566 -2.0954 1.5416
v  3.3486 -2.8031 1.5388
v  3.1763 -2.9707 0.0228
v  3.1665 -2.9684 1.5305
v  1.1262 -4.1033 1.5245
v  0.2607 -4.1990 1.5185
v  1.9529 -3.8295 1.5301
v  2.1649 -3.7050 1.5243
v  -0.6058 -4.1126 1.5122
v  -1.4354 -3.8478 1.5059
v  -1.6487 -3.7255 1.4971
v  -3.3577 -2.1343 1.4901
v  -3.7162 -1.3401 1.4865
v  -2.8421 -2.8365 1.4946
v  -2.6582 -2.9998 1.4890
v  -3.9018 -0.4886 1.4841
v  -3.9066 0.3828 1.4830
v  -3.8568 0.6189 -0.0319
v  -3.8563 0.6236 1.4759
v  -2.8722 2.7420 1.4875
v  -2.2283 3.3286 1.4914
v  -3.3803 2.0342 1.4848
v  -3.4786 1.8087 1.4772
v  -1.4766 3.7684 1.4962
v  -0.6499 4.0421 1.5018
v  -0.4053 4.0705 -0.0114
v  -0.4055 4.0687 1.4964
v  1.9117 3.7866 1.5204
v  1.0821 4.0515 1.5142
v  0.8375 4.0754 1.5053
v  3.9208 1.7728 1.4654
v  3.9268 1.7716 -0.0080
v  3.8710 1.7052 1.3869
v  3.8637 1.6997 -0.0581
v  3.6751 1.6296 1.2332
v  4.2689 0.7200 1.4691
v  4.2749 0.7187 -0.0043
v  4.1887 0.7442 1.3904
v  4.1814 0.7386 -0.0546
v  3.9866 0.6874 1.2366
v  3.0902 -2.9783 1.4652
v  3.0956 -2.9817 -0.0081
v  3.0108 -2.9517 1.3865
v  3.0078 -2.9437 -0.0585
v  2.8789 -2.7883 1.2330
v  2.1973 -3.6350 1.4597
v  2.2026 -3.6384 -0.0216
v  2.1958 -3.5511 1.3814
v  2.1928 -3.5431 -0.0675
v  2.0798 -3.3760 1.2280
v  -1.6815 -3.6559 1.4320
v  -1.6784 -3.6593 -0.0414
v  -1.6805 -3.5720 1.3537
v  -1.6693 -3.5640 -0.0911
v  -1.5655 -3.3956 1.2019
v  -2.5815 -3.0089 1.4247
v  -2.5784 -3.0122 -0.0487
v  -2.5019 -2.9814 1.3471
v  -2.4908 -2.9734 -0.0977
v  -2.3709 -2.8166 1.1955
v  -3.8000 0.6765 1.4115
v  -3.7977 0.6752 -0.0619
v  -3.7197 0.7016 1.3339
v  -3.7041 0.6961 -0.1109
v  -3.5161 0.6469 1.1830
v  -3.4633 1.7330 1.4126
v  -3.4609 1.7318 -0.0608
v  -3.4123 1.6660 1.3349
v  -3.3968 1.6605 -0.1099
v  -3.2148 1.5924 1.1840
v  -0.3377 4.0316 1.4321
v  -0.3335 4.0317 -0.0413
v  -0.2887 3.9630 1.3544
v  -0.2846 3.9492 -0.0905
v  -0.2772 3.7527 1.2024
v  0.7705 4.0376 1.4400
v  0.7747 4.0377 -0.0334
v  0.7227 3.9685 1.3616
v  0.7269 3.9547 -0.0833
v  0.7144 3.7581 1.2094
v  4.8431 -0.4941 -2.9310
v  4.6477 -1.4396 -2.9457
v  4.8379 0.4714 -2.9322
v  4.6322 1.4148 -2.9348
v  3.6637 3.0728 -2.9438
v  2.9433 3.7150 -2.9642
v  4.2351 2.2947 -2.9387
v  1.2348 -4.5485 -2.9518
v  0.2759 -4.6546 -2.9730
v  2.1508 -4.2452 -2.9456
v  2.9837 -3.7579 -2.9403
v  4.2600 -2.3238 -2.9329
v  3.6971 -3.1080 -2.9360
v  -3.7333 -2.3669 -2.9900
v  -4.1304 -1.4870 -3.0084
v  -3.1620 -3.1450 -2.9850
v  -2.4415 -3.7872 -2.9790
v  -0.6842 -4.5589 -2.9655
v  -1.6034 -4.2654 -2.9724
v  -3.1953 3.0358 -2.9928
v  -2.4818 3.6858 -3.0029
v  -3.7582 2.2516 -2.9958
v  -4.1459 1.3675 -2.9975
v  -4.3361 -0.5436 -2.9965
v  -4.3413 0.4219 -2.9978
v  2.1052 4.1933 -2.9563
v  1.1860 4.4867 -2.9632
v  0.2259 4.5825 -2.9702
v  -1.6489 4.1731 -2.9831
v  -0.7330 4.4764 -2.9770
v  -0.2830 -1.6214 -1.4813
v  -1.0871 -1.0433 -1.4878
v  -1.4253 -0.0205 -1.4914
v  -1.1245 0.9235 -1.4904
v  0.7935 -1.6156 -1.4776
v  1.5913 -1.0289 -1.4686
v  1.6074 0.9382 -1.4709
v  1.9184 -0.0025 -1.4675
v  -0.2570 1.5614 -1.4850
v  0.7331 1.5667 -1.4779
v  -0.2941 -1.6294 -0.0329
v  -1.0983 -1.0513 -0.0393
v  1.5943 -1.0368 -0.0201
v  0.7964 -1.6235 -0.0251
v  1.6147 0.9438 -0.0224
v  1.9257 0.0030 -0.0190
v  -1.4409 -0.0151 -0.0431
v  -1.1400 0.9289 -0.0421
v  -0.2612 1.5752 -0.0366
v  0.7289 1.5805 -0.0295
# 400 vertices

vn -0.0071 0.0012 1.0000
vn -0.0072 0.0012 1.0000
vn -0.0072 0.0013 1.0000
vn -0.0071 0.0013 1.0000
vn -0.7399 -0.6727 -0.0013
vn -0.5839 -0.8118 -0.0007
vn -0.5835 -0.8121 -0.0007
vn -0.7389 -0.6738 -0.0013
vn -0.8598 -0.5106 -0.0018
vn -0.8632 -0.5048 -0.0012
vn -0.9951 0.0990 -0.0030
vn -0.9950 0.1002 -0.0030
vn -0.9527 0.3037 -0.0031
vn -0.9528 0.3036 -0.0031
vn -0.9947 -0.1025 -0.0027
vn -0.9940 -0.1095 -0.0021
vn -0.9681 -0.2502 -0.0116
vn -0.9494 -0.3140 -0.0041
vn -0.8689 0.4949 -0.0031
vn -0.8693 0.4942 -0.0031
vn -0.7520 0.6592 -0.0030
vn -0.7471 0.6647 -0.0023
vn -0.2136 0.9769 -0.0018
vn -0.2120 0.9773 -0.0018
vn -0.1100 0.9939 -0.0015
vn -0.4054 0.9141 -0.0023
vn -0.4113 0.9115 -0.0017
vn -0.5376 0.8431 -0.0117
vn -0.5922 0.8058 -0.0045
vn 0.2025 0.9793 -0.0006
vn 0.0992 0.9951 -0.0009
vn 0.2020 0.9794 -0.0006
vn 0.3951 0.9186 -0.0000
vn 0.4019 0.9157 0.0006
vn 0.5284 0.8489 -0.0086
vn 0.5839 0.8118 -0.0011
vn 0.8634 0.5045 0.0018
vn 0.8641 0.5033 0.0018
vn 0.9495 0.3139 0.0023
vn 0.9494 0.3140 0.0023
vn 0.7446 0.6675 0.0013
vn 0.7402 0.6724 0.0019
vn 0.6363 0.7714 -0.0083
vn 0.9939 0.1098 0.0027
vn 0.9938 0.1109 0.0027
vn 0.9958 -0.0918 0.0029
vn 0.9951 -0.0987 0.0035
vn 0.7469 -0.6650 0.0029
vn 0.7464 -0.6655 0.0029
vn 0.5926 -0.8055 0.0027
vn 0.5922 -0.8058 0.0027
vn 0.8651 -0.5015 0.0031
vn 0.8687 -0.4953 0.0037
vn 0.9305 -0.3663 -0.0060
vn 0.9528 -0.3036 0.0013
vn 0.4117 -0.9113 0.0023
vn 0.4131 -0.9107 0.0023
vn 0.2203 -0.9754 0.0018
vn 0.2140 -0.9768 0.0024
vn -0.4023 -0.9155 -0.0000
vn -0.4028 -0.9153 -0.0000
vn -0.2102 -0.9776 0.0006
vn -0.2029 -0.9792 0.0012
vn -0.0612 -0.9981 -0.0081
vn 0.0057 -1.0000 -0.0006
vn -0.5922 0.8058 0.0045
vn -0.3140 0.9494 0.0051
vn -0.3148 0.9492 0.0051
vn -0.5927 0.8054 0.0045
vn -0.8122 0.5833 0.0041
vn -0.8125 0.5829 0.0041
vn -0.9527 0.3038 0.0041
vn -0.9528 0.3035 0.0041
vn -1.0000 -0.0054 0.0043
vn -0.9494 -0.3140 0.0049
vn -0.9495 -0.3138 0.0049
vn -0.8059 -0.5920 0.0056
vn -0.8062 -0.5916 0.0056
vn -0.5834 -0.8121 0.0065
vn -0.5840 -0.8117 0.0065
vn -0.3037 -0.9527 0.0075
vn -0.3045 -0.9525 0.0075
vn -0.1513 -0.9885 0.0079
vn 0.3146 -0.9492 0.0092
vn 0.1618 -0.9868 0.0088
vn 0.3139 -0.9494 0.0092
vn 0.5926 -0.8054 0.0098
vn 0.5921 -0.8058 0.0098
vn 0.8125 -0.5829 0.0102
vn 0.8122 -0.5833 0.0102
vn 0.9528 -0.3035 0.0102
vn 0.9527 -0.3038 0.0103
vn 0.9999 0.0054 0.0100
vn 0.9494 0.3138 0.0095
vn 0.9493 0.3141 0.0095
vn 0.8061 0.5917 0.0087
vn 0.8058 0.5921 0.0087
vn 0.5839 0.8118 0.0078
vn 0.5834 0.8122 0.0078
vn 0.3044 0.9525 0.0069
vn 0.3037 0.9528 0.0069
vn -0.0050 1.0000 0.0059
vn -0.0059 1.0000 0.0059
vn 0.5927 -0.8054 0.0027
vn 0.3147 -0.9492 0.0021
vn 0.3139 -0.9494 0.0021
vn 0.5921 -0.8058 0.0027
vn 0.8125 -0.5829 0.0030
vn 0.8122 -0.5833 0.0030
vn 0.9528 -0.3035 0.0031
vn 0.9527 -0.3038 0.0031
vn 1.0000 0.0054 0.0028
vn 0.9495 0.3138 0.0023
vn 0.9494 0.3141 0.0023
vn 0.8062 0.5916 0.0016
vn 0.8059 0.5921 0.0016
vn 0.5840 0.8118 0.0007
vn 0.5834 0.8122 0.0007
vn 0.3045 0.9525 -0.0003
vn 0.3037 0.9528 -0.0003
vn 0.1513 0.9885 -0.0008
vn 0.1512 0.9885 -0.0008
vn -0.3139 0.9494 -0.0021
vn -0.1619 0.9868 -0.0017
vn -0.3147 0.9492 -0.0021
vn -0.5921 0.8058 -0.0027
vn -0.5927 0.8054 -0.0027
vn -0.8122 0.5833 -0.0030
vn -0.8125 0.5829 -0.0030
vn -0.9527 0.3038 -0.0031
vn -1.0000 -0.0054 -0.0028
vn -0.9494 -0.3141 -0.0023
vn -0.9495 -0.3138 -0.0023
vn -0.8059 -0.5921 -0.0016
vn -0.8062 -0.5917 -0.0016
vn -0.5834 -0.8122 -0.0007
vn -0.5840 -0.8118 -0.0007
vn -0.3037 -0.9528 0.0003
vn -0.3045 -0.9525 0.0003
vn 0.0058 -1.0000 0.0012
vn 0.0049 -1.0000 0.0012
vn -0.3140 0.9494 -0.0021
vn -0.9528 0.3035 -0.0031
vn -0.1512 -0.9885 0.0008
vn 0.1619 -0.9868 0.0017
vn 0.3140 -0.9494 0.0021
vn 0.8062 0.5917 0.0016
vn -0.0050 1.0000 -0.0012
vn -0.0058 1.0000 -0.0012
vn -0.3139 0.9494 -0.0020
vn -0.0058 1.0000 -0.0013
vn -0.7396 -0.6730 -0.0013
vn -0.8631 -0.5050 -0.0030
vn -0.8595 -0.5111 -0.0018
vn -0.9953 -0.0966 -0.0035
vn -0.9782 -0.2075 -0.0047
vn -0.9951 0.0991 -0.0030
vn -0.9940 -0.1090 -0.0039
vn -0.9948 -0.1022 -0.0027
vn -0.8564 -0.5164 -0.0026
vn -0.9093 -0.4161 -0.0042
vn -0.8688 0.4951 -0.0031
vn -0.7477 0.6641 -0.0042
vn -0.7519 0.6592 -0.0029
vn -0.3989 0.9170 -0.0030
vn -0.5007 0.8656 -0.0046
vn -0.2130 0.9770 -0.0018
vn -0.0051 1.0000 -0.0012
vn -0.0057 1.0000 -0.0012
vn -0.4114 0.9115 -0.0035
vn -0.4047 0.9145 -0.0023
vn -0.7599 0.6500 -0.0037
vn -0.6778 0.7352 -0.0050
vn 0.2031 0.9792 -0.0006
vn 0.4011 0.9161 -0.0012
vn 0.3953 0.9186 -0.0000
vn 0.7490 0.6625 0.0005
vn 0.6691 0.7431 -0.0011
vn 0.8636 0.5042 0.0018
vn 0.7402 0.6724 0.0001
vn 0.7450 0.6671 0.0013
vn 0.3901 0.9208 -0.0008
vn 0.4902 0.8716 -0.0018
vn 0.9939 0.1099 0.0027
vn 0.9952 -0.0983 0.0017
vn 0.9958 -0.0914 0.0029
vn 0.8622 -0.5066 0.0023
vn 0.9134 -0.4070 0.0010
vn 0.7471 -0.6647 0.0029
vn 0.8684 -0.4959 0.0019
vn 0.9963 -0.0855 0.0022
vn 0.9804 -0.1971 0.0009
vn 0.4122 -0.9111 0.0023
vn 0.2139 -0.9769 0.0006
vn 0.2211 -0.9753 0.0018
vn -0.2153 -0.9765 -0.0002
vn -0.1054 -0.9944 -0.0012
vn -0.4018 -0.9157 -0.0000
vn -0.2039 -0.9790 -0.0006
vn -0.2100 -0.9777 0.0006
vn 0.2271 -0.9739 0.0011
vn 0.1147 -0.9934 -0.0006
vn -0.9539 0.3002 -0.0039
vn -0.8683 0.4961 -0.0009
vn -0.6974 0.7167 -0.0032
vn -0.7108 0.7034 0.0009
vn -0.3591 0.9333 -0.0018
vn -0.5868 -0.8097 -0.0015
vn -0.4007 -0.9162 0.0022
vn -0.1321 -0.9912 0.0005
vn -0.1508 -0.9886 0.0046
vn 0.2689 -0.9632 0.0023
vn -0.0092 1.0000 -0.0021
vn 0.2043 0.9789 0.0016
vn 0.4667 0.8844 -0.0001
vn 0.4499 0.8931 0.0040
vn 0.7770 0.6295 0.0018
vn -0.9518 0.3068 -0.0039
vn -0.9958 0.0912 -0.0007
vn -0.9835 -0.1810 -0.0029
vn -0.9870 -0.1607 0.0012
vn -0.8333 -0.5529 -0.0013
vn 0.9483 0.3172 0.0015
vn 0.9941 0.1088 0.0049
vn 0.9853 -0.1706 0.0027
vn 0.9884 -0.1514 0.0068
vn 0.8391 -0.5439 0.0035
vn -0.0022 1.0000 -0.0021
vn -0.2137 0.9769 0.0004
vn -0.4767 0.8791 -0.0028
vn -0.4592 0.8883 0.0014
vn -0.7839 0.6209 -0.0026
vn 0.5949 -0.8038 0.0019
vn 0.4114 -0.9114 0.0045
vn 0.1419 -0.9899 0.0013
vn 0.1617 -0.9868 0.0055
vn -0.2586 -0.9660 0.0008
vn 0.9504 0.3110 0.0015
vn 0.8631 0.5050 0.0040
vn 0.6891 0.7246 0.0008
vn 0.7035 0.7107 0.0049
vn 0.3490 0.9371 0.0002
vn -0.5811 -0.8139 -0.0015
vn -0.7401 -0.6725 0.0009
vn -0.8976 -0.4409 -0.0023
vn -0.8888 -0.4582 0.0018
vn -0.9986 -0.0528 -0.0024
vn 0.5895 -0.8078 0.0019
vn 0.7478 -0.6639 0.0052
vn 0.9022 -0.4312 0.0028
vn 0.8937 -0.4485 0.0069
vn 0.9991 -0.0420 0.0033
vn -0.0923 0.0220 -0.9955
vn -0.0642 0.0215 -0.9977
vn -0.0742 0.0247 -0.9969
vn -0.0974 0.0258 -0.9949
vn -0.0989 -0.0129 -0.9950
vn -0.0941 -0.0347 -0.9950
vn -0.0588 -0.0791 -0.9951
vn -0.0606 -0.0852 -0.9945
vn -0.0427 -0.0705 -0.9966
vn -0.0366 -0.0620 -0.9974
vn -0.0849 -0.0550 -0.9949
vn -0.0015 0.1004 -0.9949
vn 0.0067 0.0736 -0.9973
vn 0.0067 0.0841 -0.9964
vn 0.0005 0.1063 -0.9943
vn -0.0368 0.0959 -0.9947
vn -0.0560 0.0846 -0.9948
vn -0.0874 0.0374 -0.9955
vn -0.0937 0.0372 -0.9949
vn -0.0725 0.0697 -0.9949
vn -0.0725 0.0696 -0.9949
vn 0.1011 0.0384 -0.9941
vn 0.0781 0.0222 -0.9967
vn 0.0881 0.0255 -0.9958
vn 0.1074 0.0382 -0.9935
vn 0.0859 0.0705 -0.9938
vn 0.0693 0.0853 -0.9939
vn 0.0147 0.1005 -0.9948
vn 0.0125 0.1064 -0.9942
vn 0.0499 0.0963 -0.9941
vn 0.0739 -0.0783 -0.9942
vn 0.0514 -0.0615 -0.9968
vn 0.0576 -0.0699 -0.9959
vn 0.0757 -0.0844 -0.9936
vn 0.0997 -0.0540 -0.9936
vn 0.1086 -0.0336 -0.9935
vn 0.1062 0.0230 -0.9941
vn 0.1112 0.0269 -0.9934
vn 0.1131 -0.0118 -0.9935
vn -0.0457 -0.0885 -0.9950
vn -0.0509 -0.0921 -0.9944
vn -0.0145 -0.1056 -0.9943
vn 0.0077 -0.1078 -0.9941
vn 0.0608 -0.0879 -0.9943
vn 0.0661 -0.0915 -0.9936
vn 0.0298 -0.1053 -0.9940
vn 0.4905 0.1591 -0.8568
vn 0.5597 0.1822 -0.8085
vn 0.5599 0.1822 -0.8083
vn 0.3894 -0.5152 -0.7635
vn 0.3014 -0.3967 -0.8670
vn 0.3111 -0.4075 -0.8586
vn 0.3535 -0.4706 -0.8084
vn -0.2892 -0.4120 -0.8641
vn -0.2924 -0.4163 -0.8609
vn -0.2924 -0.4163 -0.8610
vn -0.4765 0.1528 -0.8658
vn -0.4817 0.1544 -0.8626
vn 0.0027 0.5834 -0.8122
vn 0.0024 0.6125 -0.7905
vn 0.0027 0.5835 -0.8121
vn 0.9708 -0.2398 -0.0061
vn -0.5523 0.1769 -0.8146
vn -0.5523 0.1769 -0.8147
vn -0.5802 0.1857 -0.7930
vn -0.5800 0.1857 -0.7931
vn 0.3081 -0.4058 -0.8605
vn 0.4223 -0.5602 -0.7127
vn 0.3686 -0.4946 -0.7871
vn -0.6447 0.7644 -0.0119
vn 0.4854 0.1574 -0.8600
vn 0.5869 0.1912 -0.7867
vn 0.5872 0.1913 -0.7865
vn -0.9265 -0.3762 -0.0113
vn 0.0034 0.5043 -0.8635
vn 0.0034 0.5097 -0.8604
vn 0.0034 0.5097 -0.8603
vn 0.0717 -0.9974 -0.0077
vn 0.2835 0.4040 0.8697
vn 0.8142 -0.5806 0.0053
vn 0.8126 -0.5828 0.0030
vn 0.8157 -0.5784 0.0075
vn 0.8171 -0.5764 0.0094
vn -0.8106 0.5856 -0.0008
vn -0.8076 0.5898 0.0034
vn -0.8090 0.5878 0.0014
vn -0.8122 0.5834 -0.0030
vn -0.2995 0.4000 0.8662
vn 0.8042 0.5943 0.0038
vn 0.8058 0.5921 0.0016
vn 0.8026 0.5965 0.0060
vn 0.8011 0.5985 0.0080
vn -0.8079 -0.5894 0.0006
vn -0.8109 -0.5852 0.0048
vn -0.8095 -0.5871 0.0029
vn -0.8062 -0.5916 -0.0016
vn -0.4762 -0.1543 0.8657
vn -0.3173 0.9483 0.0002
vn -0.3199 0.9474 0.0024
vn -0.3222 0.9467 0.0043
vn 0.3114 -0.9503 0.0043
vn 0.3065 -0.9518 0.0085
vn 0.3088 -0.9511 0.0065
vn 0.4671 -0.1498 0.8714
vn -0.3012 -0.9536 0.0025
vn -0.3038 -0.9527 0.0003
vn -0.2986 -0.9544 0.0048
vn -0.2963 -0.9551 0.0067
vn 0.3070 0.9517 0.0019
vn 0.3119 0.9501 0.0061
vn 0.3096 0.9509 0.0042
vn 0.3044 0.9525 -0.0003
vn -0.0036 -0.4945 0.8691
vn -1.0000 -0.0085 -0.0006
vn -1.0000 -0.0058 -0.0028
vn -0.9999 -0.0112 0.0016
vn -0.9999 -0.0136 0.0036
vn 1.0000 0.0023 0.0051
vn 1.0000 -0.0028 0.0092
vn 1.0000 -0.0004 0.0073
vn 1.0000 0.0050 0.0028
vn -0.3358 -0.4762 -0.8127
vn -0.3529 -0.4997 -0.7910
vn -0.3529 -0.4998 -0.7910
# 376 vertex normals

vt 0.0522 0.2250 0.0000
vt 0.0522 0.2251 0.0000
vt 0.0522 0.2249 0.0000
vt 0.0523 0.2250 0.0000
vt 0.0523 0.2249 0.0000
vt 0.0522 0.2248 0.0000
vt 0.0523 0.2248 0.0000
vt 0.0523 0.2247 0.0000
vt 0.0522 0.2247 0.0000
vt 0.0522 0.2246 0.0000
vt 0.0522 0.2245 0.0000
vt 0.0521 0.2248 0.0000
vt 0.0522 0.2252 0.0000
vt 0.0523 0.2251 0.0000
vt 0.0523 0.2246 0.0000
vt 0.0523 0.2245 0.0000
vt 0.0521 0.2246 0.0000
vt 0.0521 0.2247 0.0000
vt 0.0521 0.2249 0.0000
vt 0.0521 0.2250 0.0000
vt 0.0459 0.2834 0.0000
vt 0.0464 0.2857 0.0000
vt 0.0460 0.2834 0.0000
vt 0.0465 0.2857 0.0000
vt 0.0458 0.2834 0.0000
vt 0.0463 0.2858 0.0000
vt 0.0463 0.2857 0.0000
vt 0.0520 0.2249 0.0000
vt 0.0520 0.2247 0.0000
vt 0.0524 0.2249 0.0000
vt 0.0524 0.2247 0.0000
vt 0.0522 0.2244 0.0000
vt 0.0523 0.2244 0.0000
vt 0.0524 0.2244 0.0000
vt 0.0524 0.2246 0.0000
vt 0.0521 0.2244 0.0000
vt 0.0520 0.2244 0.0000
vt 0.0520 0.2246 0.0000
vt 0.0521 0.2252 0.0000
vt 0.0521 0.2251 0.0000
vt 0.0524 0.2252 0.0000
vt 0.0524 0.2251 0.0000
vt 0.0523 0.2252 0.0000
vt 0.0465 0.2866 0.0000
vt 0.0469 0.2883 0.0000
vt 0.0467 0.2874 0.0000
vt 0.0468 0.2883 0.0000
vt 0.0466 0.2874 0.0000
vt 0.0458 0.2831 0.0000
vt 0.0457 0.2822 0.0000
vt 0.0456 0.2822 0.0000
vt 0.0459 0.2831 0.0000
vt 0.0457 0.2821 0.0000
vt 0.0455 0.2815 0.0000
vt 0.0454 0.2806 0.0000
vt 0.0453 0.2806 0.0000
vt 0.0456 0.2815 0.0000
vt 0.0462 0.2847 0.0000
vt 0.0460 0.2838 0.0000
vt 0.0461 0.2847 0.0000
vt 0.0459 0.2838 0.0000
vt 0.0466 0.2866 0.0000
vt 0.0459 0.2830 0.0000
vt 0.0522 0.2243 0.0000
vt 0.0521 0.2245 0.0000
vt 0.0523 0.2253 0.0000
vt 0.0522 0.2253 0.0000
vt 0.0523 0.2242 0.0000
vt 0.0523 0.2240 0.0000
vt 0.0523 0.2243 0.0000
vt 0.0521 0.2240 0.0000
vt 0.0521 0.2242 0.0000
vt 0.0521 0.2243 0.0000
vt 0.0520 0.2250 0.0000
vt 0.0520 0.2252 0.0000
vt 0.0521 0.2253 0.0000
vt 0.0520 0.2248 0.0000
vt 0.0524 0.2250 0.0000
vt 0.0524 0.2253 0.0000
vt 0.0522 0.2257 0.0000
vt 0.0523 0.2257 0.0000
# 81 texture coords

o DrawCall_0318
g DrawCall_0318
usemtl 24fe1dbe_dds
s 1
f 613/449/568 614/449/568 615/450/568 
f 613/449/568 615/450/568 616/450/569 
f 617/451/569 613/449/568 616/450/569 
f 617/451/569 616/450/569 618/452/569 
f 619/451/568 617/451/569 618/452/569 
f 619/451/568 618/452/569 620/453/568 
f 621/454/570 619/451/568 620/453/568 
f 621/454/570 620/453/568 622/455/569 
f 623/454/568 621/454/570 622/455/569 
f 623/454/568 622/455/569 624/456/569 
f 625/457/569 623/454/568 624/456/569 
f 625/457/569 624/456/569 626/456/568 
f 627/457/569 625/457/569 626/456/568 
f 627/457/569 626/456/568 628/458/569 
f 629/457/568 627/457/569 628/458/569 
f 629/457/568 628/458/569 630/458/568 
f 631/457/568 629/457/568 630/458/568 
f 631/457/568 630/458/568 632/459/568 
f 633/457/569 631/457/568 632/459/568 
f 633/457/569 632/459/568 634/458/569 
f 635/457/568 633/457/569 634/458/569 
f 635/457/568 634/458/569 636/458/568 
f 637/457/568 635/457/568 636/458/568 
f 637/457/568 636/458/568 638/457/568 
f 639/454/568 637/457/568 638/457/568 
f 639/454/568 638/457/568 640/457/568 
f 641/454/569 639/454/568 640/457/568 
f 641/454/569 640/457/568 642/460/569 
f 643/451/569 641/454/569 642/460/569 
f 643/451/569 642/460/569 644/451/568 
f 645/451/568 643/451/569 644/451/568 
f 645/451/568 644/451/568 646/449/568 
f 647/449/569 645/451/568 646/449/568 
f 647/449/569 646/449/568 648/450/568 
f 649/449/569 647/449/569 648/450/568 
f 649/449/569 648/450/568 650/450/569 
f 651/449/568 649/449/569 650/450/569 
f 651/449/568 650/450/569 652/450/569 
f 614/449/568 651/449/568 652/450/569 
f 614/449/568 652/450/569 615/450/568 
f 653/450/568 654/450/569 655/461/568 
f 653/450/568 655/461/568 656/462/568 
f 657/452/569 653/450/568 656/462/568 
f 657/452/569 656/462/568 658/452/569 
f 659/453/568 657/452/569 658/452/569 
f 659/453/568 658/452/569 660/453/568 
f 661/455/568 659/453/568 660/453/568 
f 661/455/568 660/453/568 662/455/568 
f 663/456/571 661/455/568 662/455/568 
f 663/456/571 662/455/568 664/456/568 
f 665/463/568 663/456/571 664/456/568 
f 665/463/568 664/456/568 666/463/568 
f 667/458/571 665/463/568 666/463/568 
f 667/458/571 666/463/568 668/464/568 
f 669/459/568 667/458/571 668/464/568 
f 669/459/568 668/464/568 670/459/568 
f 671/459/569 669/459/568 670/459/568 
f 671/459/569 670/459/568 672/459/569 
f 673/459/568 671/459/569 672/459/569 
f 673/459/568 672/459/569 674/459/568 
f 675/458/569 673/459/568 674/459/568 
f 675/458/569 674/459/568 676/459/569 
f 677/458/568 675/458/569 676/459/569 
f 677/458/568 676/459/569 678/465/568 
f 679/466/568 677/458/568 678/465/568 
f 679/466/568 678/465/568 680/466/569 
f 681/460/569 679/466/568 680/466/569 
f 681/460/569 680/466/569 682/460/569 
f 683/467/569 681/460/569 682/460/569 
f 683/467/569 682/460/569 684/467/569 
f 685/449/569 683/467/569 684/467/569 
f 685/449/569 684/467/569 686/468/569 
f 687/450/568 685/449/569 686/468/569 
f 687/450/568 686/468/569 688/450/568 
f 689/450/571 687/450/568 688/450/568 
f 689/450/571 688/450/568 690/461/571 
f 691/450/571 689/450/571 690/461/571 
f 691/450/571 690/461/571 692/461/571 
f 654/450/569 691/450/571 692/461/571 
f 654/450/569 692/461/571 655/461/568 
f 693/469/572 694/469/573 695/470/574 
f 693/469/572 695/470/574 696/470/575 
f 697/469/576 693/469/572 696/470/575 
f 697/469/576 696/470/575 698/470/577 
f 699/469/578 700/470/579 701/470/580 
f 699/469/578 701/470/580 702/469/581 
f 703/469/582 704/470/583 700/470/579 
f 703/469/582 700/470/579 699/469/578 
f 705/469/584 706/470/585 704/470/583 
f 705/469/584 704/470/583 703/469/582 
f 707/471/586 702/469/581 701/470/580 
f 707/471/586 701/470/580 708/470/587 
f 709/471/588 707/471/586 708/470/587 
f 709/471/588 708/470/587 710/470/589 
f 711/471/590 712/470/591 713/472/592 
f 711/471/590 713/472/592 714/471/592 
f 715/471/593 716/470/594 712/470/591 
f 715/471/593 712/470/591 711/471/590 
f 717/471/595 718/470/596 716/470/594 
f 717/471/595 716/470/594 715/471/593 
f 719/473/597 714/473/598 713/474/598 
f 719/473/597 713/474/598 720/474/599 
f 721/473/600 719/473/597 720/474/599 
f 721/473/600 720/474/599 722/474/601 
f 723/473/602 721/473/600 722/474/601 
f 723/473/602 722/474/601 724/474/603 
f 725/473/604 726/474/605 727/474/606 
f 725/473/604 727/474/606 728/473/607 
f 729/473/608 730/474/609 726/474/605 
f 729/473/608 726/474/605 725/473/604 
f 731/473/610 724/474/603 730/474/609 
f 731/473/610 730/474/609 729/473/608 
f 732/473/611 728/473/607 727/474/606 
f 732/473/611 727/474/606 733/475/612 
f 734/469/613 732/473/611 733/475/612 
f 734/469/613 733/475/612 735/475/614 
f 736/469/615 737/475/616 738/475/617 
f 736/469/615 738/475/617 739/469/618 
f 740/469/619 741/475/620 737/475/616 
f 740/469/619 737/475/616 736/469/615 
f 742/469/621 743/475/622 741/475/620 
f 742/469/621 741/475/620 740/469/619 
f 744/469/623 739/469/618 738/475/617 
f 744/469/623 738/475/617 745/470/624 
f 746/469/625 744/469/623 745/470/624 
f 746/469/625 745/470/624 747/470/626 
f 748/469/627 749/470/628 695/470/574 
f 748/469/627 695/470/574 694/469/573 
f 750/469/629 751/470/630 749/470/628 
f 750/469/629 749/470/628 748/469/627 
f 752/469/631 753/470/632 751/470/630 
f 752/469/631 751/470/630 750/469/629 
f 754/451/633 755/451/634 756/457/635 
f 754/451/633 756/457/635 757/457/636 
f 758/451/637 754/451/633 757/457/636 
f 758/451/637 757/457/636 759/457/638 
f 760/467/639 758/451/637 759/457/638 
f 760/467/639 759/457/638 761/466/640 
f 762/467/641 760/467/639 761/466/640 
f 762/467/641 761/466/640 763/466/641 
f 764/467/642 762/467/641 763/466/641 
f 764/467/642 763/466/641 765/466/643 
f 766/467/644 764/467/642 765/466/643 
f 766/467/644 765/466/643 767/466/645 
f 768/467/646 766/467/644 767/466/645 
f 768/467/646 767/466/645 769/466/647 
f 770/467/648 768/467/646 769/466/647 
f 770/467/648 769/466/647 771/466/649 
f 772/476/650 770/467/648 771/466/649 
f 772/476/650 771/466/649 773/477/650 
f 774/478/651 772/478/652 773/479/652 
f 774/478/651 773/479/652 775/479/653 
f 776/453/654 774/478/651 775/479/653 
f 776/453/654 775/479/653 777/456/655 
f 778/453/656 776/453/654 777/456/655 
f 778/453/656 777/456/655 779/456/657 
f 780/453/658 778/453/656 779/456/657 
f 780/453/658 779/456/657 781/456/659 
f 782/453/660 780/453/658 781/456/659 
f 782/453/660 781/456/659 783/456/660 
f 784/453/661 782/453/660 783/456/660 
f 784/453/661 783/456/660 785/456/662 
f 786/453/663 784/453/661 785/456/662 
f 786/453/663 785/456/662 787/456/664 
f 788/451/665 786/453/663 787/456/664 
f 788/451/665 787/456/664 789/457/666 
f 790/451/667 788/451/665 789/457/666 
f 790/451/667 789/457/666 791/457/668 
f 792/451/669 790/451/667 791/457/668 
f 792/451/669 791/457/668 793/457/670 
f 755/451/634 792/451/669 793/457/670 
f 755/451/634 793/457/670 756/457/635 
f 794/480/671 795/480/672 654/458/673 
f 794/480/671 654/458/673 653/458/674 
f 796/481/675 794/480/671 653/458/674 
f 796/481/675 653/458/674 657/463/676 
f 797/481/677 796/481/675 657/463/676 
f 797/481/677 657/463/676 659/463/678 
f 798/481/679 797/481/677 659/463/678 
f 798/481/679 659/463/678 661/463/679 
f 799/481/680 798/481/679 661/463/679 
f 799/481/680 661/463/679 663/463/681 
f 800/481/682 799/481/680 663/463/681 
f 800/481/682 663/463/681 665/463/683 
f 801/481/684 800/481/682 665/463/683 
f 801/481/684 665/463/683 667/463/685 
f 802/482/686 801/481/684 667/463/685 
f 802/482/686 667/463/685 669/483/687 
f 803/482/688 802/482/686 669/483/687 
f 803/482/688 669/483/687 671/483/689 
f 804/484/690 803/485/691 671/486/691 
f 804/484/690 671/486/691 673/465/692 
f 805/484/693 804/484/690 673/465/692 
f 805/484/693 673/465/692 675/465/694 
f 806/484/695 805/484/693 675/465/694 
f 806/484/695 675/465/694 677/465/696 
f 807/484/697 806/484/695 677/465/696 
f 807/484/697 677/465/696 679/465/581 
f 808/484/698 807/484/697 679/465/581 
f 808/484/698 679/465/581 681/465/698 
f 809/484/699 808/484/698 681/465/698 
f 809/484/699 681/465/698 683/465/700 
f 810/480/701 809/484/699 683/465/700 
f 810/480/701 683/465/700 685/458/702 
f 811/480/703 810/480/701 685/458/702 
f 811/480/703 685/458/702 687/458/704 
f 812/480/705 811/480/703 687/458/704 
f 812/480/705 687/458/704 689/458/706 
f 813/480/707 812/480/705 689/458/706 
f 813/480/707 689/458/706 691/458/708 
f 795/480/672 813/480/707 691/458/708 
f 795/480/672 691/458/708 654/458/673 
f 656/461/693 655/461/709 814/450/692 
f 656/461/693 814/450/692 815/450/694 
f 658/461/695 656/461/693 815/450/694 
f 658/461/695 815/450/694 816/450/696 
f 660/487/697 658/461/695 816/450/696 
f 660/487/697 816/450/696 817/488/710 
f 662/487/698 660/487/697 817/488/710 
f 662/487/698 817/488/710 818/488/698 
f 664/487/699 662/487/698 818/488/698 
f 664/487/699 818/488/698 819/488/700 
f 666/487/701 664/487/699 819/488/700 
f 666/487/701 819/488/700 820/488/702 
f 668/487/703 666/487/701 820/488/702 
f 668/487/703 820/488/702 821/488/704 
f 670/487/705 668/487/703 821/488/704 
f 670/487/705 821/488/704 822/488/706 
f 672/487/711 670/487/705 822/488/706 
f 672/487/711 822/488/706 823/488/711 
f 674/489/672 672/489/712 823/490/712 
f 674/489/672 823/490/712 824/490/713 
f 676/491/671 674/489/672 824/490/713 
f 676/491/671 824/490/713 825/462/674 
f 678/491/675 676/491/671 825/462/674 
f 678/491/675 825/462/674 826/462/676 
f 680/491/677 678/491/675 826/462/676 
f 680/491/677 826/462/676 827/462/678 
f 682/491/679 680/491/677 827/462/678 
f 682/491/679 827/462/678 828/462/679 
f 684/491/680 682/491/679 828/462/679 
f 684/491/680 828/462/679 829/462/681 
f 686/491/714 684/491/680 829/462/681 
f 686/491/714 829/462/681 830/462/683 
f 688/461/684 686/491/714 830/462/683 
f 688/461/684 830/462/683 831/450/685 
f 690/461/686 688/461/684 831/450/685 
f 690/461/686 831/450/685 832/450/687 
f 692/461/715 690/461/686 832/450/687 
f 692/461/715 832/450/687 833/450/716 
f 655/461/709 692/461/715 833/450/716 
f 655/461/709 833/450/716 814/450/692 
f 815/450/568 814/450/568 834/450/568 
f 815/450/568 834/450/568 835/450/568 
f 816/450/568 815/450/568 835/450/568 
f 816/450/568 835/450/568 836/450/568 
f 817/488/569 816/450/568 836/450/568 
f 817/488/569 836/450/568 837/488/569 
f 818/488/569 817/488/569 837/488/569 
f 818/488/569 837/488/569 838/488/569 
f 819/488/569 818/488/569 838/488/569 
f 819/488/569 838/488/569 839/488/569 
f 820/488/568 819/488/569 839/488/569 
f 820/488/568 839/488/569 840/488/568 
f 821/488/568 820/488/568 840/488/568 
f 821/488/568 840/488/568 841/488/568 
f 822/488/571 821/488/568 841/488/568 
f 822/488/571 841/488/568 842/488/571 
f 823/488/568 822/488/571 842/488/571 
f 823/488/568 842/488/571 843/488/568 
f 824/490/570 823/490/568 843/490/568 
f 824/490/570 843/490/568 844/490/570 
f 825/462/570 824/490/570 844/490/570 
f 825/462/570 844/490/570 845/462/570 
f 826/462/569 825/462/570 845/462/570 
f 826/462/569 845/462/570 846/462/568 
f 827/462/568 826/462/569 846/462/568 
f 827/462/568 846/462/568 847/462/568 
f 828/462/569 827/462/568 847/462/568 
f 828/462/569 847/462/568 848/462/569 
f 829/462/569 828/462/569 848/462/569 
f 829/462/569 848/462/569 849/462/569 
f 830/462/569 829/462/569 849/462/569 
f 830/462/569 849/462/569 850/462/569 
f 831/450/571 830/462/569 850/462/569 
f 831/450/571 850/462/569 851/450/571 
f 832/450/568 831/450/571 851/450/571 
f 832/450/568 851/450/571 852/450/569 
f 833/450/570 832/450/568 852/450/569 
f 833/450/570 852/450/569 853/450/570 
f 814/450/568 833/450/570 853/450/570 
f 814/450/568 853/450/570 834/450/568 
f 835/450/693 834/450/717 854/451/692 
f 835/450/693 854/451/692 855/451/694 
f 836/450/695 835/450/693 855/451/694 
f 836/450/695 855/451/694 856/451/696 
f 837/488/697 836/450/695 856/451/696 
f 837/488/697 856/451/696 857/467/710 
f 838/488/698 837/488/697 857/467/710 
f 838/488/698 857/467/710 858/467/698 
f 839/488/699 838/488/698 858/467/698 
f 839/488/699 858/467/698 859/467/700 
f 840/488/701 839/488/699 859/467/700 
f 840/488/701 859/467/700 860/467/702 
f 841/488/703 840/488/701 860/467/702 
f 841/488/703 860/467/702 861/467/704 
f 842/488/705 841/488/703 861/467/704 
f 842/488/705 861/467/704 862/467/706 
f 843/488/711 842/488/705 862/467/706 
f 843/488/711 862/467/706 863/467/711 
f 844/490/672 843/490/712 863/478/712 
f 844/490/672 863/478/712 864/478/673 
f 845/462/671 844/490/672 864/478/673 
f 845/462/671 864/478/673 865/453/674 
f 846/462/675 845/462/671 865/453/674 
f 846/462/675 865/453/674 866/453/676 
f 847/462/677 846/462/675 866/453/676 
f 847/462/677 866/453/676 867/453/678 
f 848/462/679 847/462/677 867/453/678 
f 848/462/679 867/453/678 868/453/679 
f 849/462/680 848/462/679 868/453/679 
f 849/462/680 868/453/679 869/453/681 
f 850/462/714 849/462/680 869/453/681 
f 850/462/714 869/453/681 870/453/683 
f 851/450/684 850/462/714 870/453/683 
f 851/450/684 870/453/683 871/451/685 
f 852/450/686 851/450/684 871/451/685 
f 852/450/686 871/451/685 872/451/687 
f 853/450/715 852/450/686 872/451/687 
f 853/450/715 872/451/687 873/451/718 
f 834/450/717 853/450/715 873/451/718 
f 834/450/717 873/451/718 854/451/692 
f 874/492/572 875/492/573 694/475/574 
f 874/492/572 694/475/574 693/475/719 
f 876/492/720 874/492/572 693/475/719 
f 876/492/720 693/475/719 697/475/721 
f 877/475/722 878/492/723 876/492/720 
f 877/475/722 876/492/720 697/475/721 
f 879/493/578 699/494/724 702/494/580 
f 879/493/578 702/494/580 880/493/581 
f 881/493/725 703/494/726 699/494/724 
f 881/493/725 699/494/724 879/493/578 
f 705/494/727 703/494/726 881/493/725 
f 705/494/727 881/493/725 882/493/728 
f 883/495/586 880/493/581 702/494/580 
f 883/495/586 702/494/580 707/494/729 
f 884/495/730 883/495/586 707/494/729 
f 884/495/730 707/494/729 709/496/731 
f 885/496/732 886/495/733 884/495/730 
f 885/496/732 884/495/730 709/496/731 
f 887/497/590 711/498/734 714/499/735 
f 887/497/590 714/499/735 888/497/736 
f 889/500/737 715/498/738 711/498/734 
f 889/500/737 711/498/734 887/497/590 
f 717/501/739 715/498/738 889/500/737 
f 717/501/739 889/500/737 890/500/740 
f 891/497/597 888/497/736 714/499/735 
f 891/497/597 714/499/735 719/499/741 
f 892/497/742 891/497/597 719/499/741 
f 892/497/742 719/499/741 721/499/743 
f 723/499/744 893/497/745 892/497/742 
f 723/499/744 892/497/742 721/499/743 
f 894/502/604 725/503/746 728/504/606 
f 894/502/604 728/504/606 895/502/607 
f 896/505/747 729/503/748 725/503/746 
f 896/505/747 725/503/746 894/502/604 
f 731/503/749 729/503/748 896/505/747 
f 731/503/749 896/505/747 897/505/750 
f 898/502/751 895/502/607 728/504/606 
f 898/502/751 728/504/606 732/504/611 
f 899/502/752 898/502/751 732/504/611 
f 899/502/752 732/504/611 734/504/753 
f 900/504/754 901/502/755 899/502/752 
f 900/504/754 899/502/752 734/504/753 
f 902/506/615 736/507/756 739/507/617 
f 902/506/615 739/507/617 903/506/618 
f 904/506/757 740/507/619 736/507/756 
f 904/506/757 736/507/756 902/506/615 
f 742/507/758 740/507/619 904/506/757 
f 742/507/758 904/506/757 905/506/759 
f 906/508/623 903/506/618 739/507/617 
f 906/508/623 739/507/617 744/507/760 
f 907/508/761 906/508/623 744/507/760 
f 907/508/761 744/507/760 746/509/762 
f 908/509/763 909/508/764 907/508/761 
f 908/509/763 907/508/761 746/509/762 
f 910/492/627 748/470/765 694/475/574 
f 910/492/627 694/475/574 875/492/573 
f 911/510/766 750/470/767 748/470/765 
f 911/510/766 748/470/765 910/492/627 
f 752/470/768 750/470/767 911/510/766 
f 752/470/768 911/510/766 912/510/769 
f 913/492/770 878/492/723 877/475/722 
f 913/492/770 877/475/722 914/475/771 
f 915/492/772 913/492/770 914/475/771 
f 915/492/772 914/475/771 916/475/773 
f 916/475/773 917/492/774 915/492/772 
f 918/493/775 919/494/776 705/494/727 
f 918/493/775 705/494/727 882/493/728 
f 920/493/777 921/494/778 919/494/776 
f 920/493/777 919/494/776 918/493/775 
f 921/494/778 920/493/777 922/493/779 
f 923/495/780 886/495/733 885/496/732 
f 923/495/780 885/496/732 924/496/781 
f 925/495/782 923/495/780 924/496/781 
f 925/495/782 924/496/781 926/496/783 
f 926/496/783 927/495/784 925/495/782 
f 928/500/785 929/501/786 717/501/739 
f 928/500/785 717/501/739 890/500/740 
f 930/500/787 931/501/788 929/501/786 
f 930/500/787 929/501/786 928/500/785 
f 931/501/788 930/500/787 932/511/789 
f 933/497/790 893/497/745 723/499/744 
f 933/497/790 723/499/744 934/499/791 
f 935/497/792 933/497/790 934/499/791 
f 935/497/792 934/499/791 936/499/793 
f 936/499/793 937/497/794 935/497/792 
f 938/505/795 939/503/796 731/503/749 
f 938/505/795 731/503/749 897/505/750 
f 940/505/797 941/503/798 939/503/796 
f 940/505/797 939/503/796 938/505/795 
f 941/503/798 940/505/797 942/505/799 
f 943/502/800 901/502/755 900/504/754 
f 943/502/800 900/504/754 944/504/801 
f 945/502/802 943/502/800 944/504/801 
f 945/502/802 944/504/801 946/504/803 
f 946/504/803 947/502/804 945/502/802 
f 948/506/805 949/507/806 742/507/758 
f 948/506/805 742/507/758 905/506/759 
f 950/506/807 951/507/808 949/507/806 
f 950/506/807 949/507/806 948/506/805 
f 951/507/808 950/506/807 952/506/809 
f 953/508/810 909/508/764 908/509/763 
f 953/508/810 908/509/763 954/509/811 
f 955/508/812 953/508/810 954/509/811 
f 955/508/812 954/509/811 956/509/813 
f 956/509/813 957/508/814 955/508/812 
f 958/510/815 959/470/816 752/470/768 
f 958/510/815 752/470/768 912/510/769 
f 960/510/817 961/470/818 959/470/816 
f 960/510/817 959/470/816 958/510/815 
f 961/470/818 960/510/817 962/510/819 
f 963/455/820 964/456/821 701/456/822 
f 963/455/820 701/456/822 700/455/823 
f 965/453/824 963/455/820 700/455/823 
f 965/453/824 700/455/823 704/453/824 
f 966/452/825 965/453/824 704/453/824 
f 966/452/825 704/453/824 706/452/825 
f 967/491/826 696/462/827 695/491/828 
f 967/491/826 695/491/828 968/491/829 
f 969/462/830 698/462/830 696/462/827 
f 969/462/830 696/462/827 967/491/826 
f 966/452/825 706/452/825 698/462/830 
f 966/452/825 698/462/830 969/462/830 
f 970/480/831 971/512/832 713/480/833 
f 970/480/831 713/480/833 712/480/834 
f 972/481/835 970/480/831 712/480/834 
f 972/481/835 712/480/834 716/480/835 
f 973/481/836 972/481/835 716/480/835 
f 973/481/836 716/480/835 718/464/836 
f 974/463/837 708/463/838 701/456/822 
f 974/463/837 701/456/822 964/456/821 
f 975/464/839 710/464/840 708/463/838 
f 975/464/839 708/463/838 974/463/837 
f 973/481/836 718/464/836 710/464/840 
f 973/481/836 710/464/840 975/464/839 
f 976/465/841 977/466/842 727/466/843 
f 976/465/841 727/466/843 726/465/844 
f 978/513/845 976/465/841 726/465/844 
f 978/513/845 726/465/844 730/513/845 
f 979/480/846 978/513/845 730/513/845 
f 979/480/846 730/513/845 724/459/846 
f 980/480/847 720/480/848 713/480/833 
f 980/480/847 713/480/833 971/512/832 
f 981/480/849 722/480/849 720/480/848 
f 981/480/849 720/480/848 980/480/847 
f 979/480/846 724/459/846 722/480/849 
f 979/480/846 722/480/849 981/480/849 
f 982/487/850 983/461/851 738/461/852 
f 982/487/850 738/461/852 737/488/853 
f 984/488/854 982/487/850 737/488/853 
f 984/488/854 737/488/853 741/488/854 
f 985/468/855 984/488/854 741/488/854 
f 985/468/855 741/488/854 743/468/855 
f 986/460/856 733/460/857 727/466/843 
f 986/460/856 727/466/843 977/466/842 
f 987/467/858 735/467/858 733/460/857 
f 987/467/858 733/460/857 986/460/856 
f 985/468/855 743/468/855 735/467/858 
f 985/468/855 735/467/858 987/467/858 
f 988/514/859 968/491/829 695/491/828 
f 988/514/859 695/491/828 749/461/860 
f 989/515/861 988/514/859 749/461/860 
f 989/515/861 749/461/860 751/515/861 
f 990/515/862 989/515/861 751/515/861 
f 990/515/862 751/515/861 753/515/862 
f 991/515/863 745/461/864 738/461/852 
f 991/515/863 738/461/852 983/461/851 
f 992/515/865 747/515/865 745/461/864 
f 992/515/865 745/461/864 991/515/863 
f 990/515/862 753/515/862 747/515/865 
f 990/515/862 747/515/865 992/515/865 
f 916/452/866 914/452/867 919/453/868 
f 916/452/866 919/453/868 921/453/866 
f 929/459/869 931/459/870 926/463/871 
f 929/459/869 926/463/871 924/463/872 
f 993/457/873 936/459/874 941/458/875 
f 993/457/873 941/458/875 994/457/873 
f 995/454/876 946/467/877 951/468/877 
f 995/454/876 951/468/877 996/451/876 
f 954/461/878 908/461/879 752/461/879 
f 954/461/878 752/461/879 959/461/880 
f 900/469/881 734/469/613 735/475/614 
f 900/469/881 735/475/614 743/475/622 
f 743/475/622 742/469/621 900/469/881 
f 946/467/877 944/467/882 949/468/883 
f 946/467/877 949/468/883 951/468/877 
f 944/467/882 900/467/884 742/468/885 
f 944/467/882 742/468/885 949/468/883 
f 931/459/870 997/457/886 998/457/886 
f 931/459/870 998/457/886 926/463/871 
f 717/459/887 929/459/869 924/463/872 
f 717/459/887 924/463/872 885/463/888 
f 885/471/889 709/471/588 710/470/589 
f 885/471/889 710/470/589 718/470/596 
f 718/470/596 717/471/595 885/471/889 
f 724/474/603 731/473/610 723/473/602 
f 999/451/890 916/452/866 921/453/866 
f 999/451/890 921/453/866 1000/454/890 
f 914/452/867 877/452/891 705/453/892 
f 914/452/867 705/453/892 919/453/868 
f 877/469/893 697/469/576 698/470/577 
f 877/469/893 698/470/577 706/470/585 
f 706/470/585 705/469/584 877/469/893 
f 1001/449/894 956/461/895 961/461/896 
f 1001/449/894 961/461/896 1002/449/894 
f 956/461/895 954/461/878 959/461/880 
f 956/461/895 959/461/880 961/461/896 
f 753/470/632 752/469/631 908/469/897 
f 908/469/897 746/469/625 747/470/626 
f 908/469/897 747/470/626 753/470/632 
f 942/516/898 937/517/898 1003/480/898 
f 942/516/898 1003/480/898 1004/463/898 
f 993/480/899 1003/480/900 937/517/901 
f 993/480/899 937/517/901 936/517/902 
f 994/456/903 941/518/904 942/516/905 
f 994/456/903 942/516/905 1004/463/906 
f 932/519/907 927/520/907 1005/465/907 
f 932/519/907 1005/465/907 1006/480/907 
f 998/466/908 1005/465/909 927/520/910 
f 998/466/908 927/520/910 926/521/911 
f 997/480/912 931/519/913 932/519/914 
f 997/480/912 932/519/914 1006/480/915 
f 1007/488/916 1008/460/916 922/522/916 
f 1007/488/916 922/522/916 917/523/916 
f 999/461/917 1007/488/692 917/523/918 
f 999/461/917 917/523/918 916/524/919 
f 1000/466/920 921/525/921 922/522/922 
f 1000/466/920 922/522/922 1008/460/713 
f 952/489/923 947/526/923 1009/455/923 
f 952/489/923 1009/455/923 1010/462/923 
f 995/456/924 1009/455/925 947/526/926 
f 995/456/924 947/526/926 946/478/927 
f 996/491/928 951/527/929 952/489/930 
f 996/491/928 952/489/930 1010/462/931 
f 962/528/932 957/528/932 1011/461/932 
f 962/528/932 1011/461/932 1012/461/932 
f 1001/491/933 1011/461/934 957/528/935 
f 1001/491/933 957/528/935 956/529/936 
f 1002/461/937 961/528/938 962/528/939 
f 1002/461/937 962/528/939 1012/461/940 
f 936/459/874 934/459/941 939/458/941 
f 936/459/874 939/458/941 941/458/875 
f 934/459/941 723/459/942 731/458/943 
f 934/459/941 731/458/943 939/458/941 
# 575 faces

