# 3ds Max Wavefront OBJ Exporter v0.99 - (c)2007 guruware
# File Created: 26.03.2025 21:21:39

mtllib LlantaIzqDel.mtl

#
# object DrawCall_0183
#

v  5.1011 -1.8806 -0.1217
v  4.9303 -1.8261 -0.2860
v  5.1473 -0.7765 -0.2858
v  5.3258 -0.7942 -0.1215
v  5.1415 0.2953 -0.2871
v  5.3198 0.3152 -0.1229
v  4.9132 1.3424 -0.2901
v  5.0834 1.3992 -0.1259
v  4.7099 -1.7558 -0.3560
v  4.9171 -0.7536 -0.3557
v  4.9116 0.2697 -0.3570
v  4.6936 1.2696 -0.3598
v  4.4467 -1.6717 -0.3560
v  4.6421 -0.7262 -0.3558
v  4.6369 0.2393 -0.3570
v  4.4312 1.1827 -0.3597
v  3.1428 4.0421 -0.1430
v  3.9706 3.3042 -0.1362
v  3.8381 3.1829 -0.3000
v  3.0384 3.8958 -0.3066
v  4.6271 2.4102 -0.1304
v  4.4723 2.3192 -0.2944
v  3.6671 3.0269 -0.3693
v  2.9035 3.7075 -0.3756
v  4.2726 2.2022 -0.3640
v  3.4627 2.8407 -0.3686
v  2.7423 3.4829 -0.3745
v  4.0341 2.0626 -0.3636
v  0.0779 -5.5746 -0.1531
v  0.0774 -5.3949 -0.3164
v  1.1419 -5.2771 -0.3089
v  1.1798 -5.4527 -0.1454
v  2.1586 -4.9404 -0.3020
v  2.2322 -5.1042 -0.1383
v  3.0832 -4.3995 -0.2961
v  3.1892 -4.5443 -0.1321
v  0.0764 -5.1633 -0.3849
v  1.0927 -5.0508 -0.3778
v  2.0635 -4.7293 -0.3712
v  2.9463 -4.2129 -0.3656
v  0.0749 -4.8867 -0.3833
v  1.0338 -4.7806 -0.3766
v  1.9498 -4.4773 -0.3704
v  2.7827 -3.9900 -0.3651
v  4.6557 -2.8965 -0.1236
v  4.5000 -2.8076 -0.2879
v  4.0090 -3.7975 -0.1272
v  3.8752 -3.6781 -0.2913
v  4.2991 -2.6929 -0.3578
v  3.7025 -3.5240 -0.3610
v  4.0590 -2.5559 -0.3577
v  3.4962 -3.3401 -0.3608
v  -4.9849 -1.9350 -0.1937
v  -4.8137 -1.8786 -0.3556
v  -4.3729 -2.8554 -0.3513
v  -4.5285 -2.9460 -0.1892
v  -3.7387 -3.7191 -0.3457
v  -3.8721 -3.8400 -0.1835
v  -2.9389 -4.4320 -0.3391
v  -3.0443 -4.5779 -0.1766
v  -4.5937 -1.8059 -0.4224
v  -4.1728 -2.7386 -0.4183
v  -3.5673 -3.5632 -0.4129
v  -2.8037 -4.2439 -0.4066
v  -4.3314 -1.7190 -0.4187
v  -3.9342 -2.5990 -0.4148
v  -3.3629 -3.3771 -0.4098
v  -2.6425 -4.0193 -0.4038
v  -1.0251 -5.4646 -0.1611
v  -0.9883 -5.2886 -0.3241
v  -2.0813 -5.1275 -0.1690
v  -2.0086 -4.9629 -0.3318
v  -0.9412 -5.0618 -0.3923
v  -1.9154 -4.7508 -0.3996
v  -0.8852 -4.7910 -0.3903
v  -1.8044 -4.4976 -0.3972
v  -3.0907 4.0085 -0.1875
v  -2.9838 3.8633 -0.3496
v  -3.7758 3.1419 -0.3544
v  -3.9105 3.2617 -0.1925
v  -4.4006 2.2714 -0.3578
v  -4.5572 2.3607 -0.1960
v  -4.8309 1.2899 -0.3596
v  -5.0026 1.3448 -0.1979
v  -2.8465 3.6765 -0.4167
v  -3.6027 2.9877 -0.4212
v  -4.1992 2.1565 -0.4245
v  -4.6101 1.2194 -0.4262
v  -2.6828 3.4537 -0.4133
v  -3.3963 2.8037 -0.4176
v  -3.9592 2.0195 -0.4206
v  -4.3468 1.1354 -0.4223
v  -5.2212 -0.8510 -0.1968
v  -5.0421 -0.8315 -0.3585
v  -5.2272 0.2584 -0.1982
v  -5.0479 0.2403 -0.3599
v  -4.8118 -0.8061 -0.4252
v  -4.8173 0.2173 -0.4265
v  -4.5371 -0.7757 -0.4213
v  -4.5423 0.1898 -0.4226
v  2.1080 4.4267 -0.3139
v  2.1798 4.5917 -0.1506
v  1.0877 4.7524 -0.3216
v  1.1237 4.9288 -0.1585
v  0.0220 4.8587 -0.3293
v  0.0206 5.0388 -0.1665
v  2.0152 4.2144 -0.3826
v  1.0410 4.5254 -0.3899
v  0.0235 4.6269 -0.3973
v  1.9042 3.9612 -0.3811
v  0.9850 4.2546 -0.3881
v  0.0250 4.3504 -0.3950
v  -2.1337 4.5684 -0.1814
v  -2.0592 4.4042 -0.3437
v  -1.0812 4.9169 -0.1743
v  -1.0424 4.7409 -0.3368
v  -1.9637 4.1930 -0.4110
v  -0.9929 4.5144 -0.4045
v  -1.8499 3.9410 -0.4079
v  -0.9340 4.2443 -0.4018
v  5.0895 -1.8755 3.9709
v  5.3141 -0.7891 3.9712
v  5.1347 -0.7711 4.1329
v  4.9178 -1.8207 4.1327
v  5.3081 0.3203 3.9698
v  5.1289 0.3007 4.1315
v  4.9006 1.3479 4.1286
v  5.0718 1.4042 3.9668
v  4.9042 -0.7480 4.1995
v  4.6970 -1.7502 4.1993
v  4.8986 0.2753 4.1982
v  4.6806 1.2752 4.1954
v  4.6292 -0.7206 4.1956
v  4.4337 -1.6661 4.2098
v  4.6240 0.2449 4.1944
v  4.4183 1.1883 4.1918
v  3.1312 4.0472 3.9496
v  3.0258 3.9012 4.1121
v  3.8256 3.1884 4.1187
v  3.9590 3.3093 3.9565
v  4.4598 2.3246 4.1243
v  4.6154 2.4153 3.9623
v  2.8906 3.7131 4.1796
v  3.6542 3.0325 4.1859
v  4.2597 2.2078 4.1913
v  2.7293 3.4885 4.1913
v  3.4498 2.8463 4.1828
v  4.0211 2.0682 4.1878
v  0.0663 -5.5696 3.9395
v  1.1681 -5.4477 3.9473
v  1.1293 -5.2717 4.1098
v  0.0649 -5.3895 4.1024
v  2.2206 -5.0992 3.9544
v  2.1461 -4.9350 4.1167
v  3.0706 -4.3941 4.1226
v  3.1776 -4.5393 3.9605
v  1.0798 -5.0452 4.1775
v  0.0634 -5.1577 4.1703
v  2.0506 -4.7237 4.1840
v  2.9333 -4.2073 4.1897
v  1.0209 -4.7750 4.1748
v  0.0619 -4.8811 4.1825
v  1.9368 -4.4717 4.1810
v  2.7697 -3.9844 4.1863
v  4.4875 -2.8021 4.1308
v  4.6441 -2.8915 3.9690
v  3.8626 -3.6726 4.1274
v  3.9974 -3.7925 3.9655
v  4.2861 -2.6873 4.1975
v  3.6896 -3.5184 4.1942
v  4.0461 -2.5503 4.1937
v  3.4832 -3.3345 4.1906
v  -4.9965 -1.9299 3.8989
v  -4.5402 -2.9410 3.9034
v  -4.3854 -2.8500 4.0674
v  -4.8263 -1.8732 4.0631
v  -3.8838 -3.8350 3.9092
v  -3.7513 -3.7137 4.0730
v  -2.9515 -4.4266 4.0796
v  -3.0559 -4.5729 3.9160
v  -4.1857 -2.7330 4.1370
v  -4.6067 -1.8003 4.1328
v  -3.5802 -3.5576 4.1423
v  -2.8166 -4.2383 4.1486
v  -3.9472 -2.5934 4.1366
v  -4.3444 -1.7134 4.1472
v  -3.3759 -3.3715 4.1416
v  -2.6554 -4.0137 4.1476
v  -1.0008 -5.2832 4.0946
v  -1.0368 -5.4596 3.9315
v  -2.0212 -4.9575 4.0869
v  -2.0929 -5.1224 3.9236
v  -0.9541 -5.0562 4.1629
v  -1.9283 -4.7452 4.1556
v  -0.8981 -4.7854 4.1611
v  -1.8173 -4.4920 4.1541
v  -3.1023 4.0136 3.9051
v  -3.9221 3.2668 3.9002
v  -3.7883 3.1473 4.0643
v  -2.9963 3.8688 4.0691
v  -4.5689 2.3657 3.8967
v  -4.4131 2.2768 4.0609
v  -4.8434 1.2953 4.0591
v  -5.0142 1.3498 3.8947
v  -3.6156 2.9933 4.1340
v  -2.8594 3.6821 4.1386
v  -4.2122 2.1621 4.1308
v  -4.6230 1.2250 4.1290
v  -3.4093 2.8093 4.1338
v  -2.6958 3.4593 4.1526
v  -3.9721 2.0251 4.1307
v  -4.3598 1.1410 4.1291
v  -5.0547 -0.8260 4.0602
v  -5.2329 -0.8460 3.8959
v  -5.0604 0.2458 4.0588
v  -5.2389 0.2634 3.8945
v  -4.8247 -0.8005 4.1300
v  -4.8302 0.2229 4.1287
v  -4.5500 -0.7701 4.1300
v  -4.5553 0.1954 4.1288
v  2.1682 4.5967 3.9421
v  2.0955 4.4321 4.1048
v  1.1120 4.9338 3.9341
v  1.0751 4.7578 4.0971
v  0.0095 4.8641 4.0894
v  0.0090 5.0438 3.9261
v  2.0022 4.2200 4.1727
v  1.0280 4.5310 4.1653
v  0.0105 4.6325 4.1579
v  1.8912 3.9668 4.1702
v  0.9721 4.2602 4.1633
v  0.0120 4.3560 4.1563
v  -2.0718 4.4097 4.0750
v  -2.1453 4.5734 3.9113
v  -1.0550 4.7464 4.0819
v  -1.0929 4.9219 3.9184
v  -1.9766 4.1986 4.1443
v  -1.0058 4.5200 4.1508
v  -1.8629 3.9465 4.1434
v  -0.9469 4.2499 4.1496
v  0.8411 0.2014 1.9564
v  0.8401 0.3838 1.9562
v  0.8868 0.3572 1.8276
v  0.8875 0.2282 1.8278
v  0.9974 0.4758 1.9572
v  0.9981 0.4223 1.8283
v  1.1557 0.3855 1.9584
v  1.1100 0.3584 1.8292
v  1.1567 0.2031 1.9587
v  1.1107 0.2294 1.8294
v  0.9994 0.1111 1.9577
v  0.9995 0.1644 1.8286
v  0.8063 0.1821 2.2943
v  0.8051 0.4036 2.2941
v  0.8061 0.4032 1.9386
v  0.8073 0.1816 1.9389
v  0.9963 0.5154 2.2953
v  0.9973 0.5150 1.9398
v  1.1886 0.4057 2.2968
v  1.1896 0.4053 1.9414
v  1.1898 0.1842 2.2971
v  1.1908 0.1837 1.9416
v  0.9986 0.0723 2.2958
v  0.9997 0.0719 1.9404
v  0.8471 -0.9058 1.9578
v  0.8461 -0.7234 1.9576
v  0.8928 -0.7500 1.8290
v  0.8935 -0.8790 1.8292
v  1.0034 -0.6314 1.9586
v  1.0040 -0.6850 1.8297
v  1.1617 -0.7217 1.9598
v  1.1160 -0.7488 1.8306
v  1.1627 -0.9041 1.9601
v  1.1167 -0.8778 1.8308
v  1.0054 -0.9961 1.9591
v  1.0055 -0.9429 1.8300
v  0.8123 -0.9251 2.2957
v  0.8111 -0.7036 2.2955
v  0.8121 -0.7040 1.9400
v  0.8133 -0.9256 1.9403
v  1.0022 -0.5918 2.2967
v  1.0032 -0.5922 1.9412
v  1.1945 -0.7015 2.2982
v  1.1956 -0.7020 1.9428
v  1.1957 -0.9231 2.2985
v  1.1968 -0.9235 1.9430
v  1.0046 -1.0349 2.2972
v  1.0056 -1.0353 1.9418
v  -0.1081 -1.4646 1.9517
v  -0.1091 -1.2822 1.9515
v  -0.0623 -1.3088 1.8229
v  -0.0616 -1.4378 1.8230
v  0.0483 -1.1902 1.9525
v  0.0489 -1.2438 1.8236
v  0.2066 -1.2805 1.9537
v  0.1608 -1.3076 1.8245
v  0.2075 -1.4629 1.9539
v  0.1615 -1.4366 1.8246
v  0.0502 -1.5549 1.9529
v  0.0503 -1.5016 1.8239
v  -0.1428 -1.4839 2.2896
v  -0.1440 -1.2624 2.2893
v  -0.1430 -1.2628 1.9339
v  -0.1418 -1.4844 1.9342
v  0.0471 -1.1506 2.2905
v  0.0481 -1.1510 1.9351
v  0.2394 -1.2603 2.2921
v  0.2404 -1.2607 1.9366
v  0.2406 -1.4819 2.2923
v  0.2416 -1.4823 1.9369
v  0.0495 -1.5937 2.2911
v  0.0505 -1.5941 1.9357
v  -1.0752 0.1911 1.9427
v  -1.0762 0.3735 1.9425
v  -1.0294 0.3469 1.8139
v  -1.0287 0.2179 1.8141
v  -0.9188 0.4655 1.9435
v  -0.9182 0.4119 1.8146
v  -0.7606 0.3752 1.9448
v  -0.8063 0.3481 1.8155
v  -0.7596 0.1928 1.9450
v  -0.8056 0.2191 1.8157
v  -0.9169 0.1008 1.9440
v  -0.9168 0.1540 1.8150
v  -1.1099 0.1718 2.2806
v  -1.1111 0.3933 2.2804
v  -1.1101 0.3929 1.9249
v  -1.1089 0.1713 1.9252
v  -0.9200 0.5051 2.2816
v  -0.9190 0.5047 1.9262
v  -0.7277 0.3954 2.2831
v  -0.7267 0.3949 1.9277
v  -0.7265 0.1738 2.2834
v  -0.7255 0.1734 1.9279
v  -0.9176 0.0620 2.2821
v  -0.9166 0.0616 1.9267
v  -0.1200 0.7499 1.9489
v  -0.1210 0.9323 1.9487
v  -0.0743 0.9056 1.8201
v  -0.0736 0.7767 1.8202
v  0.0363 1.0243 1.9497
v  0.0370 0.9707 1.8208
v  0.1946 0.9340 1.9509
v  0.1489 0.9068 1.8216
v  0.1956 0.7516 1.9511
v  0.1496 0.7779 1.8218
v  0.0383 0.6596 1.9501
v  0.0383 0.7128 1.8211
v  -0.1548 0.7305 2.2868
v  -0.1560 0.9521 2.2865
v  -0.1550 0.9516 1.9311
v  -0.1538 0.7301 1.9314
v  0.0351 1.0639 2.2877
v  0.0361 1.0635 1.9323
v  0.2274 0.9541 2.2892
v  0.2284 0.9537 1.9338
v  0.2286 0.7326 2.2895
v  0.2296 0.7322 1.9341
v  0.0375 0.6208 2.2883
v  0.0385 0.6204 1.9329
v  -0.7536 -0.9144 1.9464
v  -0.9109 -1.0064 1.9454
v  -0.9108 -0.9532 1.8164
v  -0.7996 -0.8881 1.8171
v  -1.0692 -0.9161 1.9441
v  -1.0227 -0.8893 1.8155
v  -1.0702 -0.7337 1.9439
v  -1.0234 -0.7604 1.8153
v  -0.9129 -0.6417 1.9449
v  -0.9122 -0.6953 1.8160
v  -0.7546 -0.7320 1.9462
v  -0.8003 -0.7592 1.8169
v  -0.7205 -0.9334 2.2848
v  -0.9117 -1.0452 2.2836
v  -0.9106 -1.0456 1.9281
v  -0.7195 -0.9338 1.9294
v  -1.1040 -0.9355 2.2821
v  -1.1030 -0.9359 1.9266
v  -1.1052 -0.7139 2.2818
v  -1.1042 -0.7144 1.9263
v  -0.9140 -0.6021 2.2830
v  -0.9130 -0.6026 1.9276
v  -0.7217 -0.7119 2.2845
v  -0.7207 -0.7123 1.9291
v  -0.9975 -2.8064 3.4568
v  -1.8910 -2.2159 3.4497
v  -1.8904 -2.2162 3.2328
v  -0.9969 -2.8067 3.2399
v  -2.4907 -1.3281 3.4443
v  -2.4901 -1.3284 3.2275
v  -2.7053 -0.2783 3.4415
v  -2.7046 -0.2785 3.2246
v  -2.5021 0.7739 3.4416
v  -2.5014 0.7736 3.2248
v  -1.9120 1.6681 3.4447
v  -1.9114 1.6678 3.2279
v  -1.0249 2.2682 3.4503
v  -1.0243 2.2679 3.2335
v  0.0241 2.4829 3.4576
v  0.0247 2.4827 3.2408
v  1.0754 2.2795 3.4653
v  1.0760 2.2793 3.2485
v  1.9689 1.6890 3.4725
v  1.9696 1.6887 3.2556
v  2.5686 0.8012 3.4778
v  2.5692 0.8009 3.2610
v  2.7832 -0.2487 3.4806
v  2.7838 -0.2489 3.2638
v  2.5800 -1.3008 3.4805
v  2.5806 -1.3010 3.2637
v  1.9899 -2.1950 3.4774
v  1.9905 -2.1952 3.2606
v  1.1028 -2.7951 3.4718
v  1.1035 -2.7954 3.2550
v  0.0538 -3.0098 3.4645
v  0.0544 -3.0101 3.2477
# 416 vertices

vn 0.8768 -0.2791 -0.3916
vn 0.4823 -0.1528 -0.8626
vn 0.5034 -0.0506 -0.8626
vn 0.9156 -0.0914 -0.3916
vn 0.5029 0.0538 -0.8627
vn 0.9145 0.1003 -0.3919
vn 0.4807 0.1558 -0.8629
vn 0.8738 0.2875 -0.3923
vn 0.1488 -0.0464 -0.9878
vn 0.1551 -0.0160 -0.9878
vn 0.1550 0.0151 -0.9878
vn 0.1483 0.0455 -0.9879
vn 0.0005 0.0009 -1.0000
vn 0.0002 -0.0005 -1.0000
vn 0.0002 -0.0020 -1.0000
vn 0.0005 -0.0034 -1.0000
vn 0.5384 0.7447 -0.3943
vn 0.6815 0.6170 -0.3935
vn 0.3760 0.3353 -0.8638
vn 0.2980 0.4049 -0.8644
vn 0.7950 0.4623 -0.3928
vn 0.4378 0.2511 -0.8633
vn 0.1171 0.0989 -0.9882
vn 0.0939 0.1196 -0.9884
vn 0.1355 0.0738 -0.9880
vn 0.0020 -0.0060 -1.0000
vn 0.0031 -0.0069 -1.0000
vn 0.0010 -0.0048 -1.0000
vn 0.0077 -0.9189 -0.3945
vn 0.0088 -0.5015 -0.8651
vn 0.1129 -0.4899 -0.8645
vn 0.1986 -0.8975 -0.3937
vn 0.2121 -0.4568 -0.8639
vn 0.3808 -0.8370 -0.3930
vn 0.3024 -0.4039 -0.8634
vn 0.5464 -0.7399 -0.3924
vn 0.0079 -0.1501 -0.9886
vn 0.0388 -0.1466 -0.9884
vn 0.0683 -0.1368 -0.9882
vn 0.0952 -0.1211 -0.9881
vn 0.0071 0.0057 -1.0000
vn 0.0057 0.0056 -1.0000
vn 0.0043 0.0051 -1.0000
vn 0.0030 0.0044 -1.0000
vn 0.7999 -0.4547 -0.3917
vn 0.4404 -0.2485 -0.8627
vn 0.6882 -0.6106 -0.3920
vn 0.3796 -0.3334 -0.8630
vn 0.1363 -0.0749 -0.9878
vn 0.1182 -0.1001 -0.9879
vn 0.0010 0.0022 -1.0000
vn 0.0019 0.0034 -1.0000
vn -0.8703 -0.2892 -0.3987
vn -0.4701 -0.1585 -0.8682
vn -0.4269 -0.2540 -0.8679
vn -0.7912 -0.4642 -0.3982
vn -0.3648 -0.3384 -0.8674
vn -0.6773 -0.6190 -0.3976
vn -0.2864 -0.4080 -0.8669
vn -0.5337 -0.7468 -0.3968
vn -0.1345 -0.0480 -0.9897
vn -0.1217 -0.0764 -0.9896
vn -0.1032 -0.1015 -0.9895
vn -0.0799 -0.1222 -0.9893
vn 0.0137 0.0009 -0.9999
vn 0.0132 0.0023 -0.9999
vn 0.0123 0.0035 -0.9999
vn 0.0112 0.0044 -0.9999
vn -0.1836 -0.9000 -0.3953
vn -0.0954 -0.4914 -0.8657
vn -0.3667 -0.8418 -0.3960
vn -0.1953 -0.4597 -0.8663
vn -0.0232 -0.1471 -0.9889
vn -0.0528 -0.1376 -0.9891
vn 0.0086 0.0056 -0.9999
vn 0.0099 0.0051 -0.9999
vn -0.5417 0.7400 -0.3987
vn -0.2908 0.4026 -0.8680
vn -0.3684 0.3322 -0.8683
vn -0.6840 0.6107 -0.3991
vn -0.4296 0.2472 -0.8685
vn -0.7961 0.4547 -0.3993
vn -0.4718 0.1513 -0.8686
vn -0.8734 0.2788 -0.3994
vn -0.0812 0.1188 -0.9896
vn -0.1043 0.0979 -0.9897
vn -0.1225 0.0726 -0.9898
vn -0.1350 0.0441 -0.9899
vn 0.0113 -0.0068 -0.9999
vn 0.0123 -0.0058 -0.9999
vn 0.0132 -0.0047 -0.9999
vn 0.0137 -0.0033 -0.9999
vn -0.8964 -0.1966 -0.3972
vn -0.4860 -0.1084 -0.8672
vn -0.9177 -0.0055 -0.3972
vn -0.9123 0.0906 -0.3993
vn -0.4931 0.0486 -0.8686
vn -0.4977 -0.0038 -0.8673
vn -0.1394 -0.0332 -0.9897
vn -0.1414 0.0136 -0.9899
vn -0.1429 -0.0020 -0.9897
vn 0.0141 0.0003 -0.9999
vn 0.0141 -0.0019 -0.9999
vn 0.0142 -0.0012 -0.9999
vn 0.2072 0.4569 -0.8651
vn 0.3718 0.8400 -0.3951
vn 0.1076 0.4889 -0.8657
vn 0.1889 0.8986 -0.3960
vn 0.0034 0.4994 -0.8663
vn -0.0022 0.9179 -0.3968
vn 0.0669 0.1350 -0.9886
vn 0.0372 0.1445 -0.9888
vn 0.0063 0.1477 -0.9890
vn 0.0043 -0.0076 -1.0000
vn 0.0057 -0.0081 -1.0000
vn 0.0072 -0.0082 -0.9999
vn -0.3757 0.8368 -0.3981
vn -0.2002 0.4554 -0.8675
vn -0.1932 0.8970 -0.3975
vn -0.1007 0.4882 -0.8669
vn -0.0543 0.1345 -0.9894
vn -0.0247 0.1443 -0.9892
vn 0.0100 -0.0076 -0.9999
vn 0.0086 -0.0081 -0.9999
vn 0.8734 -0.2787 0.3994
vn 0.9123 -0.0906 0.3993
vn 0.4931 -0.0486 0.8686
vn 0.4718 -0.1513 0.8686
vn 0.9113 0.1015 0.3991
vn 0.4925 0.0562 0.8685
vn 0.4701 0.1585 0.8683
vn 0.8703 0.2892 0.3987
vn 0.1438 -0.0111 0.9895
vn 0.1580 -0.0514 0.9861
vn 0.1412 0.0176 0.9898
vn 0.1346 0.0480 0.9897
vn -0.0134 0.0094 0.9999
vn 0.0276 -0.0098 0.9996
vn -0.0141 0.0005 0.9999
vn -0.0137 -0.0009 0.9999
vn 0.5337 0.7468 0.3968
vn 0.2864 0.4080 0.8669
vn 0.3648 0.3384 0.8674
vn 0.6773 0.6190 0.3975
vn 0.4269 0.2540 0.8679
vn 0.7912 0.4642 0.3982
vn 0.0940 0.1418 0.9854
vn 0.1067 0.1010 0.9891
vn 0.1216 0.0764 0.9896
vn 0.0141 0.0308 0.9994
vn -0.0072 -0.0090 0.9999
vn -0.0132 -0.0023 0.9999
vn 0.0022 -0.9179 0.3967
vn 0.1932 -0.8970 0.3975
vn 0.1007 -0.4881 0.8669
vn -0.0034 -0.4994 0.8663
vn 0.3758 -0.8368 0.3982
vn 0.2002 -0.4554 0.8675
vn 0.2908 -0.4026 0.8679
vn 0.5418 -0.7400 0.3987
vn 0.0278 -0.1458 0.9889
vn -0.0061 -0.1717 0.9851
vn 0.0543 -0.1345 0.9894
vn 0.0812 -0.1188 0.9896
vn -0.0013 0.0096 1.0000
vn -0.0069 -0.0351 0.9994
vn -0.0100 0.0076 0.9999
vn -0.0113 0.0068 0.9999
vn 0.4296 -0.2472 0.8685
vn 0.7961 -0.4547 0.3993
vn 0.3684 -0.3322 0.8683
vn 0.6839 -0.6107 0.3991
vn 0.1231 -0.0760 0.9895
vn 0.1043 -0.0979 0.9897
vn -0.0169 -0.0019 0.9999
vn -0.0123 0.0058 0.9999
vn -0.8738 -0.2875 0.3923
vn -0.7950 -0.4623 0.3928
vn -0.4378 -0.2511 0.8633
vn -0.4807 -0.1559 0.8629
vn -0.6815 -0.6169 0.3936
vn -0.3760 -0.3353 0.8638
vn -0.2980 -0.4050 0.8644
vn -0.5384 -0.7447 0.3943
vn -0.1361 -0.0772 0.9877
vn -0.1712 -0.0531 0.9838
vn -0.1171 -0.0989 0.9882
vn -0.0939 -0.1196 0.9884
vn 0.0027 -0.0017 1.0000
vn -0.0417 -0.0102 0.9991
vn -0.0020 0.0059 1.0000
vn -0.0031 0.0069 1.0000
vn -0.1076 -0.4889 0.8657
vn -0.1889 -0.8986 0.3960
vn -0.2072 -0.4569 0.8651
vn -0.3718 -0.8400 0.3951
vn -0.0403 -0.1462 0.9884
vn -0.0669 -0.1350 0.9886
vn -0.0131 0.0096 0.9999
vn -0.0044 0.0076 1.0000
vn -0.5464 0.7399 0.3924
vn -0.6882 0.6105 0.3920
vn -0.3796 0.3334 0.8630
vn -0.3023 0.4039 0.8634
vn -0.7999 0.4547 0.3917
vn -0.4404 0.2485 0.8627
vn -0.4823 0.1528 0.8626
vn -0.8768 0.2791 0.3916
vn -0.1216 0.0996 0.9876
vn -0.1095 0.1405 0.9840
vn -0.1363 0.0749 0.9878
vn -0.1488 0.0464 0.9878
vn -0.0070 -0.0090 0.9999
vn -0.0287 0.0305 0.9991
vn -0.0010 -0.0023 1.0000
vn -0.0005 -0.0009 1.0000
vn -0.4965 -0.1059 0.8616
vn -0.8998 -0.1951 0.3901
vn -0.9208 -0.0045 0.3900
vn -0.5079 -0.0016 0.8614
vn -0.5035 0.0506 0.8625
vn -0.9156 0.0914 0.3916
vn -0.1582 -0.0258 0.9871
vn -0.1566 0.0004 0.9877
vn -0.1551 0.0160 0.9878
vn -0.0019 0.0177 0.9998
vn -0.0001 0.0013 1.0000
vn -0.0002 0.0005 1.0000
vn 0.3667 0.8418 0.3961
vn 0.1953 0.4597 0.8663
vn 0.1836 0.9000 0.3953
vn 0.0954 0.4914 0.8657
vn -0.0088 0.5016 0.8651
vn -0.0077 0.9189 0.3945
vn 0.0513 0.1407 0.9887
vn 0.0232 0.1471 0.9889
vn -0.0078 0.1501 0.9886
vn -0.0169 -0.0022 0.9999
vn -0.0085 -0.0055 0.9999
vn -0.0071 -0.0057 1.0000
vn -0.2121 0.4568 0.8639
vn -0.3808 0.8370 0.3930
vn -0.1129 0.4899 0.8645
vn -0.1986 0.8975 0.3937
vn -0.0668 0.1399 0.9879
vn -0.0388 0.1466 0.9884
vn 0.0026 -0.0021 1.0000
vn -0.0057 -0.0056 1.0000
vn -0.7958 -0.4678 -0.3846
vn -0.8008 0.4582 -0.3858
vn -0.5682 0.3254 -0.7559
vn -0.5647 -0.3334 -0.7550
vn -0.0012 0.9234 -0.3838
vn 0.0009 0.6577 -0.7533
vn 0.7996 0.4647 -0.3803
vn 0.5727 0.3311 -0.7499
vn 0.8046 -0.4570 -0.3792
vn 0.5762 -0.3268 -0.7491
vn 0.0087 -0.9243 -0.3815
vn 0.0079 -0.6595 -0.7516
vn -1.0000 -0.0054 -0.0028
vn -1.0000 -0.0054 -0.0029
vn -0.5050 0.8631 -0.0025
vn -0.5049 0.8631 -0.0025
vn -0.5049 0.8632 -0.0025
vn 0.4956 0.8685 0.0003
vn 0.4957 0.8685 0.0003
vn 1.0000 0.0054 0.0028
vn 0.5050 -0.8631 0.0025
vn 0.5049 -0.8631 0.0025
vn -0.4956 -0.8685 -0.0004
vn 0.0072 -0.0012 -1.0000
vn 0.0072 -0.0013 -1.0000
vn -0.7958 -0.4678 -0.3847
vn -0.5682 0.3253 -0.7559
vn -0.5646 -0.3334 -0.7551
vn 0.0008 0.6577 -0.7533
vn 0.0079 -0.6595 -0.7517
vn 0.4956 0.8685 0.0004
vn 1.0000 0.0054 0.0029
vn 0.5049 -0.8632 0.0025
vn -0.4957 -0.8685 -0.0004
vn -0.7957 -0.4677 -0.3847
vn -0.8008 0.4581 -0.3858
vn -0.5681 0.3253 -0.7559
vn -0.5646 -0.3334 -0.7550
vn 0.5726 0.3311 -0.7500
vn 0.0087 -0.9243 -0.3816
vn 0.0079 -0.6594 -0.7517
vn 0.4956 0.8686 0.0003
vn -0.4956 -0.8686 -0.0003
vn -0.4956 -0.8685 -0.0003
vn 0.0071 -0.0012 -1.0000
vn 0.0071 -0.0013 -1.0000
vn -0.7958 -0.4677 -0.3847
vn -0.5646 -0.3333 -0.7551
vn -0.0013 0.9234 -0.3838
vn 0.0008 0.6576 -0.7534
vn 0.7997 0.4647 -0.3803
vn 0.5727 0.3311 -0.7500
vn 0.8046 -0.4570 -0.3791
vn 0.5763 -0.3268 -0.7491
vn 0.4957 0.8685 0.0004
vn -0.7958 -0.4677 -0.3846
vn -0.5682 0.3254 -0.7558
vn 0.0087 -0.9243 -0.3814
vn -0.4956 -0.8686 -0.0004
vn -0.5646 -0.3333 -0.7550
vn -0.8007 0.4581 -0.3860
vn -0.0012 0.9234 -0.3839
vn 0.7997 0.4646 -0.3803
vn -0.5514 -0.8343 -0.0005
vn -0.7033 -0.7109 -0.0010
vn -0.7038 -0.7104 -0.0010
vn -0.9218 -0.3876 -0.0022
vn -0.9220 -0.3872 -0.0022
vn -0.9259 0.3776 -0.0031
vn -0.9261 0.3773 -0.0031
vn -0.7109 0.7033 -0.0029
vn -0.7114 0.7028 -0.0029
vn -0.3874 0.9219 -0.0023
vn -0.3883 0.9215 -0.0023
vn -0.0048 1.0000 -0.0012
vn -0.0059 1.0000 -0.0012
vn 0.3784 0.9256 -0.0000
vn 0.3775 0.9260 -0.0000
vn 0.7038 0.7104 0.0012
vn 0.7033 0.7109 0.0012
vn 0.9220 0.3873 0.0021
vn 0.9218 0.3876 0.0021
vn 0.9261 -0.3773 0.0031
vn 0.9259 -0.3776 0.0031
vn 0.7114 -0.7028 0.0029
vn 0.7109 -0.7033 0.0029
vn 0.3883 -0.9215 0.0022
vn 0.3874 -0.9219 0.0022
vn 0.0059 -1.0000 0.0013
vn 0.0048 -1.0000 0.0013
vn -0.1900 -0.9818 0.0007
vn -0.0071 0.0013 1.0000
vn -0.0071 0.0012 1.0000
vn -0.0072 0.0012 1.0000
# 342 vertex normals

vt 0.0344 0.3720 0.0000
vt 0.0344 0.3721 0.0000
vt 0.0342 0.3721 0.0000
vt 0.0342 0.3720 0.0000
vt 0.0340 0.3721 0.0000
vt 0.0340 0.3720 0.0000
vt 0.0338 0.3721 0.0000
vt 0.0338 0.3720 0.0000
vt 0.0344 0.3723 0.0000
vt 0.0342 0.3723 0.0000
vt 0.0340 0.3723 0.0000
vt 0.0338 0.3723 0.0000
vt 0.0344 0.3725 0.0000
vt 0.0342 0.3725 0.0000
vt 0.0340 0.3725 0.0000
vt 0.0338 0.3725 0.0000
vt 0.0332 0.3720 0.0000
vt 0.0334 0.3720 0.0000
vt 0.0334 0.3721 0.0000
vt 0.0332 0.3721 0.0000
vt 0.0336 0.3720 0.0000
vt 0.0336 0.3721 0.0000
vt 0.0334 0.3723 0.0000
vt 0.0332 0.3723 0.0000
vt 0.0336 0.3723 0.0000
vt 0.0334 0.3725 0.0000
vt 0.0332 0.3725 0.0000
vt 0.0336 0.3725 0.0000
vt 0.0355 0.3720 0.0000
vt 0.0355 0.3721 0.0000
vt 0.0353 0.3721 0.0000
vt 0.0353 0.3720 0.0000
vt 0.0351 0.3721 0.0000
vt 0.0351 0.3720 0.0000
vt 0.0349 0.3721 0.0000
vt 0.0349 0.3720 0.0000
vt 0.0355 0.3723 0.0000
vt 0.0353 0.3723 0.0000
vt 0.0351 0.3723 0.0000
vt 0.0349 0.3723 0.0000
vt 0.0355 0.3725 0.0000
vt 0.0353 0.3725 0.0000
vt 0.0351 0.3725 0.0000
vt 0.0349 0.3725 0.0000
vt 0.0346 0.3720 0.0000
vt 0.0346 0.3721 0.0000
vt 0.0348 0.3720 0.0000
vt 0.0348 0.3721 0.0000
vt 0.0346 0.3723 0.0000
vt 0.0348 0.3723 0.0000
vt 0.0346 0.3725 0.0000
vt 0.0348 0.3725 0.0000
vt 0.0367 0.3720 0.0000
vt 0.0367 0.3721 0.0000
vt 0.0365 0.3721 0.0000
vt 0.0365 0.3720 0.0000
vt 0.0363 0.3721 0.0000
vt 0.0363 0.3720 0.0000
vt 0.0361 0.3721 0.0000
vt 0.0361 0.3720 0.0000
vt 0.0367 0.3723 0.0000
vt 0.0365 0.3723 0.0000
vt 0.0363 0.3723 0.0000
vt 0.0361 0.3723 0.0000
vt 0.0367 0.3725 0.0000
vt 0.0365 0.3725 0.0000
vt 0.0363 0.3725 0.0000
vt 0.0361 0.3725 0.0000
vt 0.0357 0.3720 0.0000
vt 0.0357 0.3721 0.0000
vt 0.0359 0.3720 0.0000
vt 0.0359 0.3721 0.0000
vt 0.0357 0.3723 0.0000
vt 0.0359 0.3723 0.0000
vt 0.0357 0.3725 0.0000
vt 0.0359 0.3725 0.0000
vt 0.0321 0.3720 0.0000
vt 0.0321 0.3721 0.0000
vt 0.0319 0.3721 0.0000
vt 0.0319 0.3720 0.0000
vt 0.0317 0.3721 0.0000
vt 0.0317 0.3720 0.0000
vt 0.0315 0.3721 0.0000
vt 0.0315 0.3720 0.0000
vt 0.0321 0.3723 0.0000
vt 0.0319 0.3723 0.0000
vt 0.0317 0.3723 0.0000
vt 0.0315 0.3723 0.0000
vt 0.0321 0.3725 0.0000
vt 0.0319 0.3725 0.0000
vt 0.0317 0.3725 0.0000
vt 0.0315 0.3725 0.0000
vt 0.0369 0.3720 0.0000
vt 0.0369 0.3721 0.0000
vt 0.0311 0.3720 0.0000
vt 0.0313 0.3720 0.0000
vt 0.0313 0.3721 0.0000
vt 0.0311 0.3721 0.0000
vt 0.0369 0.3723 0.0000
vt 0.0313 0.3723 0.0000
vt 0.0311 0.3723 0.0000
vt 0.0369 0.3725 0.0000
vt 0.0313 0.3725 0.0000
vt 0.0311 0.3725 0.0000
vt 0.0330 0.3721 0.0000
vt 0.0330 0.3720 0.0000
vt 0.0328 0.3721 0.0000
vt 0.0328 0.3720 0.0000
vt 0.0326 0.3721 0.0000
vt 0.0326 0.3720 0.0000
vt 0.0330 0.3723 0.0000
vt 0.0328 0.3723 0.0000
vt 0.0326 0.3723 0.0000
vt 0.0330 0.3725 0.0000
vt 0.0328 0.3725 0.0000
vt 0.0326 0.3725 0.0000
vt 0.0322 0.3720 0.0000
vt 0.0322 0.3721 0.0000
vt 0.0324 0.3720 0.0000
vt 0.0324 0.3721 0.0000
vt 0.0322 0.3723 0.0000
vt 0.0324 0.3723 0.0000
vt 0.0322 0.3725 0.0000
vt 0.0324 0.3725 0.0000
vt 0.0344 0.3692 0.0000
vt 0.0342 0.3692 0.0000
vt 0.0342 0.3690 0.0000
vt 0.0344 0.3690 0.0000
vt 0.0340 0.3692 0.0000
vt 0.0340 0.3690 0.0000
vt 0.0338 0.3690 0.0000
vt 0.0338 0.3692 0.0000
vt 0.0342 0.3688 0.0000
vt 0.0344 0.3688 0.0000
vt 0.0340 0.3688 0.0000
vt 0.0338 0.3688 0.0000
vt 0.0342 0.3686 0.0000
vt 0.0344 0.3686 0.0000
vt 0.0340 0.3686 0.0000
vt 0.0338 0.3686 0.0000
vt 0.0332 0.3692 0.0000
vt 0.0332 0.3690 0.0000
vt 0.0334 0.3690 0.0000
vt 0.0334 0.3692 0.0000
vt 0.0336 0.3690 0.0000
vt 0.0336 0.3692 0.0000
vt 0.0332 0.3688 0.0000
vt 0.0334 0.3688 0.0000
vt 0.0336 0.3688 0.0000
vt 0.0332 0.3686 0.0000
vt 0.0334 0.3686 0.0000
vt 0.0336 0.3686 0.0000
vt 0.0355 0.3692 0.0000
vt 0.0353 0.3692 0.0000
vt 0.0353 0.3690 0.0000
vt 0.0355 0.3690 0.0000
vt 0.0351 0.3692 0.0000
vt 0.0351 0.3690 0.0000
vt 0.0349 0.3690 0.0000
vt 0.0349 0.3692 0.0000
vt 0.0353 0.3688 0.0000
vt 0.0355 0.3688 0.0000
vt 0.0351 0.3688 0.0000
vt 0.0349 0.3688 0.0000
vt 0.0353 0.3686 0.0000
vt 0.0355 0.3686 0.0000
vt 0.0351 0.3686 0.0000
vt 0.0349 0.3686 0.0000
vt 0.0346 0.3690 0.0000
vt 0.0346 0.3692 0.0000
vt 0.0348 0.3690 0.0000
vt 0.0348 0.3692 0.0000
vt 0.0346 0.3688 0.0000
vt 0.0348 0.3688 0.0000
vt 0.0346 0.3686 0.0000
vt 0.0348 0.3686 0.0000
vt 0.0367 0.3692 0.0000
vt 0.0365 0.3692 0.0000
vt 0.0365 0.3690 0.0000
vt 0.0367 0.3690 0.0000
vt 0.0363 0.3692 0.0000
vt 0.0363 0.3690 0.0000
vt 0.0361 0.3690 0.0000
vt 0.0361 0.3692 0.0000
vt 0.0365 0.3688 0.0000
vt 0.0367 0.3688 0.0000
vt 0.0363 0.3688 0.0000
vt 0.0361 0.3688 0.0000
vt 0.0365 0.3686 0.0000
vt 0.0367 0.3686 0.0000
vt 0.0363 0.3686 0.0000
vt 0.0361 0.3686 0.0000
vt 0.0357 0.3690 0.0000
vt 0.0357 0.3692 0.0000
vt 0.0359 0.3690 0.0000
vt 0.0359 0.3692 0.0000
vt 0.0357 0.3688 0.0000
vt 0.0359 0.3688 0.0000
vt 0.0357 0.3686 0.0000
vt 0.0359 0.3686 0.0000
vt 0.0321 0.3692 0.0000
vt 0.0319 0.3692 0.0000
vt 0.0319 0.3690 0.0000
vt 0.0321 0.3690 0.0000
vt 0.0317 0.3692 0.0000
vt 0.0317 0.3690 0.0000
vt 0.0315 0.3690 0.0000
vt 0.0315 0.3692 0.0000
vt 0.0319 0.3688 0.0000
vt 0.0321 0.3688 0.0000
vt 0.0317 0.3688 0.0000
vt 0.0315 0.3688 0.0000
vt 0.0319 0.3686 0.0000
vt 0.0321 0.3686 0.0000
vt 0.0317 0.3686 0.0000
vt 0.0315 0.3686 0.0000
vt 0.0369 0.3690 0.0000
vt 0.0369 0.3692 0.0000
vt 0.0311 0.3692 0.0000
vt 0.0311 0.3690 0.0000
vt 0.0313 0.3690 0.0000
vt 0.0313 0.3692 0.0000
vt 0.0369 0.3688 0.0000
vt 0.0311 0.3688 0.0000
vt 0.0313 0.3688 0.0000
vt 0.0369 0.3686 0.0000
vt 0.0311 0.3686 0.0000
vt 0.0313 0.3686 0.0000
vt 0.0330 0.3692 0.0000
vt 0.0330 0.3690 0.0000
vt 0.0328 0.3692 0.0000
vt 0.0328 0.3690 0.0000
vt 0.0326 0.3690 0.0000
vt 0.0326 0.3692 0.0000
vt 0.0330 0.3688 0.0000
vt 0.0328 0.3688 0.0000
vt 0.0326 0.3688 0.0000
vt 0.0330 0.3686 0.0000
vt 0.0328 0.3686 0.0000
vt 0.0326 0.3686 0.0000
vt 0.0322 0.3690 0.0000
vt 0.0322 0.3692 0.0000
vt 0.0324 0.3690 0.0000
vt 0.0324 0.3692 0.0000
vt 0.0322 0.3688 0.0000
vt 0.0324 0.3688 0.0000
vt 0.0322 0.3686 0.0000
vt 0.0324 0.3686 0.0000
vt 0.0441 0.2498 0.0000
vt 0.0428 0.2498 0.0000
vt 0.0431 0.2493 0.0000
vt 0.0438 0.2493 0.0000
vt 0.0421 0.2487 0.0000
vt 0.0428 0.2487 0.0000
vt 0.0428 0.2475 0.0000
vt 0.0431 0.2481 0.0000
vt 0.0441 0.2475 0.0000
vt 0.0438 0.2481 0.0000
vt 0.0448 0.2487 0.0000
vt 0.0441 0.2487 0.0000
vt 0.0413 0.2500 0.0000
vt 0.0413 0.2496 0.0000
vt 0.0449 0.2496 0.0000
vt 0.0449 0.2500 0.0000
vt 0.0413 0.2492 0.0000
vt 0.0449 0.2492 0.0000
vt 0.0413 0.2488 0.0000
vt 0.0449 0.2488 0.0000
vt 0.0413 0.2484 0.0000
vt 0.0449 0.2484 0.0000
vt 0.0413 0.2480 0.0000
vt 0.0449 0.2480 0.0000
vt 0.0413 0.2477 0.0000
vt 0.0449 0.2477 0.0000
vt 0.0428 0.2470 0.0000
vt 0.0445 0.2500 0.0000
vt 0.0428 0.2500 0.0000
vt 0.0419 0.2485 0.0000
vt 0.0454 0.2485 0.0000
vt 0.0445 0.2470 0.0000
vt 0.0438 0.2477 0.0000
vt 0.0438 0.2478 0.0000
vt 0.0433 0.2478 0.0000
vt 0.0433 0.2477 0.0000
vt 0.0438 0.2480 0.0000
vt 0.0433 0.2480 0.0000
vt 0.0433 0.2481 0.0000
vt 0.0438 0.2482 0.0000
vt 0.0433 0.2482 0.0000
vt 0.0438 0.2483 0.0000
vt 0.0433 0.2483 0.0000
vt 0.0438 0.2484 0.0000
vt 0.0433 0.2484 0.0000
vt 0.0438 0.2485 0.0000
vt 0.0433 0.2485 0.0000
vt 0.0438 0.2486 0.0000
vt 0.0433 0.2486 0.0000
vt 0.0438 0.2487 0.0000
vt 0.0433 0.2487 0.0000
vt 0.0438 0.2488 0.0000
vt 0.0433 0.2488 0.0000
vt 0.0438 0.2489 0.0000
vt 0.0433 0.2489 0.0000
vt 0.0438 0.2490 0.0000
vt 0.0433 0.2490 0.0000
vt 0.0438 0.2491 0.0000
vt 0.0433 0.2491 0.0000
vt 0.0433 0.2493 0.0000
vt 0.0438 0.2494 0.0000
vt 0.0433 0.2494 0.0000
vt 0.0438 0.2495 0.0000
vt 0.0433 0.2495 0.0000
vt 0.0421 0.2464 0.0000
vt 0.0433 0.2462 0.0000
vt 0.0445 0.2464 0.0000
vt 0.0412 0.2514 0.0000
vt 0.0405 0.2504 0.0000
vt 0.0461 0.2504 0.0000
vt 0.0455 0.2514 0.0000
vt 0.0407 0.2481 0.0000
vt 0.0407 0.2504 0.0000
vt 0.0405 0.2493 0.0000
vt 0.0405 0.2481 0.0000
vt 0.0412 0.2471 0.0000
vt 0.0455 0.2471 0.0000
vt 0.0461 0.2481 0.0000
vt 0.0464 0.2493 0.0000
vt 0.0403 0.2493 0.0000
vt 0.0433 0.2523 0.0000
vt 0.0421 0.2521 0.0000
vt 0.0445 0.2521 0.0000
vt 0.0423 0.2464 0.0000
vt 0.0423 0.2521 0.0000
vt 0.0414 0.2514 0.0000
vt 0.0414 0.2471 0.0000
vt 0.0447 0.2464 0.0000
vt 0.0447 0.2521 0.0000
vt 0.0435 0.2523 0.0000
vt 0.0435 0.2462 0.0000
vt 0.0466 0.2493 0.0000
vt 0.0463 0.2504 0.0000
vt 0.0463 0.2481 0.0000
vt 0.0457 0.2471 0.0000
vt 0.0457 0.2514 0.0000
# 344 texture coords

o DrawCall_0183
g DrawCall_0183
usemtl 24fe1dbe_dds
s 1
f 1/1/1 2/2/2 3/3/3 
f 1/1/1 3/3/3 4/4/4 
f 4/4/4 3/3/3 5/5/5 
f 4/4/4 5/5/5 6/6/6 
f 7/7/7 8/8/8 6/6/6 
f 7/7/7 6/6/6 5/5/5 
f 2/2/2 9/9/9 10/10/10 
f 2/2/2 10/10/10 3/3/3 
f 3/3/3 10/10/10 11/11/11 
f 3/3/3 11/11/11 5/5/5 
f 12/12/12 7/7/7 5/5/5 
f 12/12/12 5/5/5 11/11/11 
f 10/10/10 9/9/9 13/13/13 
f 10/10/10 13/13/13 14/14/14 
f 11/11/11 10/10/10 14/14/14 
f 11/11/11 14/14/14 15/15/15 
f 16/16/16 12/12/12 11/11/11 
f 16/16/16 11/11/11 15/15/15 
f 17/17/17 18/18/18 19/19/19 
f 17/17/17 19/19/19 20/20/20 
f 18/18/18 21/21/21 22/22/22 
f 18/18/18 22/22/22 19/19/19 
f 7/7/7 22/22/22 21/21/21 
f 7/7/7 21/21/21 8/8/8 
f 20/20/20 19/19/19 23/23/23 
f 20/20/20 23/23/23 24/24/24 
f 19/19/19 22/22/22 25/25/25 
f 19/19/19 25/25/25 23/23/23 
f 12/12/12 25/25/25 22/22/22 
f 12/12/12 22/22/22 7/7/7 
f 23/23/23 26/26/26 27/27/27 
f 23/23/23 27/27/27 24/24/24 
f 25/25/25 28/28/28 26/26/26 
f 25/25/25 26/26/26 23/23/23 
f 16/16/16 28/28/28 25/25/25 
f 16/16/16 25/25/25 12/12/12 
f 29/29/29 30/30/30 31/31/31 
f 29/29/29 31/31/31 32/32/32 
f 32/32/32 31/31/31 33/33/33 
f 32/32/32 33/33/33 34/34/34 
f 35/35/35 36/36/36 34/34/34 
f 35/35/35 34/34/34 33/33/33 
f 30/30/30 37/37/37 38/38/38 
f 30/30/30 38/38/38 31/31/31 
f 31/31/31 38/38/38 39/39/39 
f 31/31/31 39/39/39 33/33/33 
f 40/40/40 35/35/35 33/33/33 
f 40/40/40 33/33/33 39/39/39 
f 38/38/38 37/37/37 41/41/41 
f 38/38/38 41/41/41 42/42/42 
f 39/39/39 38/38/38 42/42/42 
f 39/39/39 42/42/42 43/43/43 
f 44/44/44 40/40/40 39/39/39 
f 44/44/44 39/39/39 43/43/43 
f 1/1/1 45/45/45 46/46/46 
f 1/1/1 46/46/46 2/2/2 
f 45/45/45 47/47/47 48/48/48 
f 45/45/45 48/48/48 46/46/46 
f 35/35/35 48/48/48 47/47/47 
f 35/35/35 47/47/47 36/36/36 
f 2/2/2 46/46/46 49/49/49 
f 2/2/2 49/49/49 9/9/9 
f 46/46/46 48/48/48 50/50/50 
f 46/46/46 50/50/50 49/49/49 
f 40/40/40 50/50/50 48/48/48 
f 40/40/40 48/48/48 35/35/35 
f 49/49/49 51/51/51 13/13/13 
f 49/49/49 13/13/13 9/9/9 
f 50/50/50 52/52/52 51/51/51 
f 50/50/50 51/51/51 49/49/49 
f 44/44/44 52/52/52 50/50/50 
f 44/44/44 50/50/50 40/40/40 
f 53/53/53 54/54/54 55/55/55 
f 53/53/53 55/55/55 56/56/56 
f 56/56/56 55/55/55 57/57/57 
f 56/56/56 57/57/57 58/58/58 
f 59/59/59 60/60/60 58/58/58 
f 59/59/59 58/58/58 57/57/57 
f 54/54/54 61/61/61 62/62/62 
f 54/54/54 62/62/62 55/55/55 
f 55/55/55 62/62/62 63/63/63 
f 55/55/55 63/63/63 57/57/57 
f 64/64/64 59/59/59 57/57/57 
f 64/64/64 57/57/57 63/63/63 
f 62/62/62 61/61/61 65/65/65 
f 62/62/62 65/65/65 66/66/66 
f 63/63/63 62/62/62 66/66/66 
f 63/63/63 66/66/66 67/67/67 
f 68/68/68 64/64/64 63/63/63 
f 68/68/68 63/63/63 67/67/67 
f 29/29/29 69/69/69 70/70/70 
f 29/29/29 70/70/70 30/30/30 
f 69/69/69 71/71/71 72/72/72 
f 69/69/69 72/72/72 70/70/70 
f 59/59/59 72/72/72 71/71/71 
f 59/59/59 71/71/71 60/60/60 
f 30/30/30 70/70/70 73/73/73 
f 30/30/30 73/73/73 37/37/37 
f 70/70/70 72/72/72 74/74/74 
f 70/70/70 74/74/74 73/73/73 
f 64/64/64 74/74/74 72/72/72 
f 64/64/64 72/72/72 59/59/59 
f 73/73/73 75/75/75 41/41/41 
f 73/73/73 41/41/41 37/37/37 
f 74/74/74 76/76/76 75/75/75 
f 74/74/74 75/75/75 73/73/73 
f 68/68/68 76/76/76 74/74/74 
f 68/68/68 74/74/74 64/64/64 
f 77/77/77 78/78/78 79/79/79 
f 77/77/77 79/79/79 80/80/80 
f 80/80/80 79/79/79 81/81/81 
f 80/80/80 81/81/81 82/82/82 
f 83/83/83 84/84/84 82/82/82 
f 83/83/83 82/82/82 81/81/81 
f 78/78/78 85/85/85 86/86/86 
f 78/78/78 86/86/86 79/79/79 
f 79/79/79 86/86/86 87/87/87 
f 79/79/79 87/87/87 81/81/81 
f 88/88/88 83/83/83 81/81/81 
f 88/88/88 81/81/81 87/87/87 
f 86/86/86 85/85/85 89/89/89 
f 86/86/86 89/89/89 90/90/90 
f 87/87/87 86/86/86 90/90/90 
f 87/87/87 90/90/90 91/91/91 
f 92/92/92 88/88/88 87/87/87 
f 92/92/92 87/87/87 91/91/91 
f 53/53/53 93/93/93 94/94/94 
f 53/53/53 94/94/94 54/54/54 
f 93/95/95 95/96/96 96/97/97 
f 93/95/95 96/97/97 94/98/98 
f 83/83/83 96/97/97 95/96/96 
f 83/83/83 95/96/96 84/84/84 
f 54/54/54 94/94/94 97/99/99 
f 54/54/54 97/99/99 61/61/61 
f 94/98/98 96/97/97 98/100/100 
f 94/98/98 98/100/100 97/101/101 
f 88/88/88 98/100/100 96/97/97 
f 88/88/88 96/97/97 83/83/83 
f 97/99/99 99/102/102 65/65/65 
f 97/99/99 65/65/65 61/61/61 
f 98/100/100 100/103/103 99/104/104 
f 98/100/100 99/104/104 97/101/101 
f 92/92/92 100/103/103 98/100/100 
f 92/92/92 98/100/100 88/88/88 
f 17/17/17 20/20/20 101/105/105 
f 17/17/17 101/105/105 102/106/106 
f 102/106/106 101/105/105 103/107/107 
f 102/106/106 103/107/107 104/108/108 
f 105/109/109 106/110/110 104/108/108 
f 105/109/109 104/108/108 103/107/107 
f 20/20/20 24/24/24 107/111/111 
f 20/20/20 107/111/111 101/105/105 
f 101/105/105 107/111/111 108/112/112 
f 101/105/105 108/112/112 103/107/107 
f 109/113/113 105/109/109 103/107/107 
f 109/113/113 103/107/107 108/112/112 
f 107/111/111 24/24/24 27/27/27 
f 107/111/111 27/27/27 110/114/114 
f 108/112/112 107/111/111 110/114/114 
f 108/112/112 110/114/114 111/115/115 
f 112/116/116 109/113/113 108/112/112 
f 112/116/116 108/112/112 111/115/115 
f 77/77/77 113/117/117 114/118/118 
f 77/77/77 114/118/118 78/78/78 
f 113/117/117 115/119/119 116/120/120 
f 113/117/117 116/120/120 114/118/118 
f 105/109/109 116/120/120 115/119/119 
f 105/109/109 115/119/119 106/110/110 
f 78/78/78 114/118/118 117/121/121 
f 78/78/78 117/121/121 85/85/85 
f 114/118/118 116/120/120 118/122/122 
f 114/118/118 118/122/122 117/121/121 
f 109/113/113 118/122/122 116/120/120 
f 109/113/113 116/120/120 105/109/109 
f 117/121/121 119/123/123 89/89/89 
f 117/121/121 89/89/89 85/85/85 
f 118/122/122 120/124/124 119/123/123 
f 118/122/122 119/123/123 117/121/121 
f 112/116/116 120/124/124 118/122/122 
f 112/116/116 118/122/122 109/113/113 
f 121/125/125 122/126/126 123/127/127 
f 121/125/125 123/127/127 124/128/128 
f 122/126/126 125/129/129 126/130/130 
f 122/126/126 126/130/130 123/127/127 
f 127/131/131 126/130/130 125/129/129 
f 127/131/131 125/129/129 128/132/132 
f 124/128/128 123/127/127 129/133/133 
f 124/128/128 129/133/133 130/134/134 
f 123/127/127 126/130/130 131/135/135 
f 123/127/127 131/135/135 129/133/133 
f 132/136/136 131/135/135 126/130/130 
f 132/136/136 126/130/130 127/131/131 
f 129/133/133 133/137/137 134/138/138 
f 129/133/133 134/138/138 130/134/134 
f 131/135/135 135/139/139 133/137/137 
f 131/135/135 133/137/137 129/133/133 
f 136/140/140 135/139/139 131/135/135 
f 136/140/140 131/135/135 132/136/136 
f 137/141/141 138/142/142 139/143/143 
f 137/141/141 139/143/143 140/144/144 
f 140/144/144 139/143/143 141/145/145 
f 140/144/144 141/145/145 142/146/146 
f 127/131/131 128/132/132 142/146/146 
f 127/131/131 142/146/146 141/145/145 
f 138/142/142 143/147/147 144/148/148 
f 138/142/142 144/148/148 139/143/143 
f 139/143/143 144/148/148 145/149/149 
f 139/143/143 145/149/149 141/145/145 
f 132/136/136 127/131/131 141/145/145 
f 132/136/136 141/145/145 145/149/149 
f 144/148/148 143/147/147 146/150/150 
f 144/148/148 146/150/150 147/151/151 
f 145/149/149 144/148/148 147/151/151 
f 145/149/149 147/151/151 148/152/152 
f 136/140/140 132/136/136 145/149/149 
f 136/140/140 145/149/149 148/152/152 
f 149/153/153 150/154/154 151/155/155 
f 149/153/153 151/155/155 152/156/156 
f 150/154/154 153/157/157 154/158/158 
f 150/154/154 154/158/158 151/155/155 
f 155/159/159 154/158/158 153/157/157 
f 155/159/159 153/157/157 156/160/160 
f 152/156/156 151/155/155 157/161/161 
f 152/156/156 157/161/161 158/162/162 
f 151/155/155 154/158/158 159/163/163 
f 151/155/155 159/163/163 157/161/161 
f 160/164/164 159/163/163 154/158/158 
f 160/164/164 154/158/158 155/159/159 
f 157/161/161 161/165/165 162/166/166 
f 157/161/161 162/166/166 158/162/162 
f 159/163/163 163/167/167 161/165/165 
f 159/163/163 161/165/165 157/161/161 
f 164/168/168 163/167/167 159/163/163 
f 164/168/168 159/163/163 160/164/164 
f 121/125/125 124/128/128 165/169/169 
f 121/125/125 165/169/169 166/170/170 
f 166/170/170 165/169/169 167/171/171 
f 166/170/170 167/171/171 168/172/172 
f 155/159/159 156/160/160 168/172/172 
f 155/159/159 168/172/172 167/171/171 
f 124/128/128 130/134/134 169/173/173 
f 124/128/128 169/173/173 165/169/169 
f 165/169/169 169/173/173 170/174/174 
f 165/169/169 170/174/174 167/171/171 
f 160/164/164 155/159/159 167/171/171 
f 160/164/164 167/171/171 170/174/174 
f 169/173/173 130/134/134 134/138/138 
f 169/173/173 134/138/138 171/175/175 
f 170/174/174 169/173/173 171/175/175 
f 170/174/174 171/175/175 172/176/176 
f 164/168/168 160/164/164 170/174/174 
f 164/168/168 170/174/174 172/176/176 
f 173/177/177 174/178/178 175/179/179 
f 173/177/177 175/179/179 176/180/180 
f 174/178/178 177/181/181 178/182/182 
f 174/178/178 178/182/182 175/179/179 
f 179/183/183 178/182/182 177/181/181 
f 179/183/183 177/181/181 180/184/184 
f 176/180/180 175/179/179 181/185/185 
f 176/180/180 181/185/185 182/186/186 
f 175/179/179 178/182/182 183/187/187 
f 175/179/179 183/187/187 181/185/185 
f 184/188/188 183/187/187 178/182/182 
f 184/188/188 178/182/182 179/183/183 
f 181/185/185 185/189/189 186/190/190 
f 181/185/185 186/190/190 182/186/186 
f 183/187/187 187/191/191 185/189/189 
f 183/187/187 185/189/189 181/185/185 
f 188/192/192 187/191/191 183/187/187 
f 188/192/192 183/187/187 184/188/188 
f 149/153/153 152/156/156 189/193/193 
f 149/153/153 189/193/193 190/194/194 
f 190/194/194 189/193/193 191/195/195 
f 190/194/194 191/195/195 192/196/196 
f 179/183/183 180/184/184 192/196/196 
f 179/183/183 192/196/196 191/195/195 
f 152/156/156 158/162/162 193/197/197 
f 152/156/156 193/197/197 189/193/193 
f 189/193/193 193/197/197 194/198/198 
f 189/193/193 194/198/198 191/195/195 
f 184/188/188 179/183/183 191/195/195 
f 184/188/188 191/195/195 194/198/198 
f 193/197/197 158/162/162 162/166/166 
f 193/197/197 162/166/166 195/199/199 
f 194/198/198 193/197/197 195/199/199 
f 194/198/198 195/199/199 196/200/200 
f 188/192/192 184/188/188 194/198/198 
f 188/192/192 194/198/198 196/200/200 
f 197/201/201 198/202/202 199/203/203 
f 197/201/201 199/203/203 200/204/204 
f 198/202/202 201/205/205 202/206/206 
f 198/202/202 202/206/206 199/203/203 
f 203/207/207 202/206/206 201/205/205 
f 203/207/207 201/205/205 204/208/208 
f 200/204/204 199/203/203 205/209/209 
f 200/204/204 205/209/209 206/210/210 
f 199/203/203 202/206/206 207/211/211 
f 199/203/203 207/211/211 205/209/209 
f 208/212/212 207/211/211 202/206/206 
f 208/212/212 202/206/206 203/207/207 
f 205/209/209 209/213/213 210/214/214 
f 205/209/209 210/214/214 206/210/210 
f 207/211/211 211/215/215 209/213/213 
f 207/211/211 209/213/213 205/209/209 
f 212/216/216 211/215/215 207/211/211 
f 212/216/216 207/211/211 208/212/212 
f 173/177/177 176/180/180 213/217/217 
f 173/177/177 213/217/217 214/218/218 
f 214/219/219 213/220/220 215/221/221 
f 214/219/219 215/221/221 216/222/222 
f 203/207/207 204/208/208 216/222/222 
f 203/207/207 216/222/222 215/221/221 
f 176/180/180 182/186/186 217/223/223 
f 176/180/180 217/223/223 213/217/217 
f 213/220/220 217/224/224 218/225/225 
f 213/220/220 218/225/225 215/221/221 
f 208/212/212 203/207/207 215/221/221 
f 208/212/212 215/221/221 218/225/225 
f 217/223/223 182/186/186 186/190/190 
f 217/223/223 186/190/190 219/226/226 
f 218/225/225 217/224/224 219/227/227 
f 218/225/225 219/227/227 220/228/228 
f 212/216/216 208/212/212 218/225/225 
f 212/216/216 218/225/225 220/228/228 
f 137/141/141 221/229/229 222/230/230 
f 137/141/141 222/230/230 138/142/142 
f 221/229/229 223/231/231 224/232/232 
f 221/229/229 224/232/232 222/230/230 
f 225/233/233 224/232/232 223/231/231 
f 225/233/233 223/231/231 226/234/234 
f 138/142/142 222/230/230 227/235/235 
f 138/142/142 227/235/235 143/147/147 
f 222/230/230 224/232/232 228/236/236 
f 222/230/230 228/236/236 227/235/235 
f 229/237/237 228/236/236 224/232/232 
f 229/237/237 224/232/232 225/233/233 
f 227/235/235 230/238/238 146/150/150 
f 227/235/235 146/150/150 143/147/147 
f 228/236/236 231/239/239 230/238/238 
f 228/236/236 230/238/238 227/235/235 
f 232/240/240 231/239/239 228/236/236 
f 232/240/240 228/236/236 229/237/237 
f 197/201/201 200/204/204 233/241/241 
f 197/201/201 233/241/241 234/242/242 
f 234/242/242 233/241/241 235/243/243 
f 234/242/242 235/243/243 236/244/244 
f 225/233/233 226/234/234 236/244/244 
f 225/233/233 236/244/244 235/243/243 
f 200/204/204 206/210/210 237/245/245 
f 200/204/204 237/245/245 233/241/241 
f 233/241/241 237/245/245 238/246/246 
f 233/241/241 238/246/246 235/243/243 
f 229/237/237 225/233/233 235/243/243 
f 229/237/237 235/243/243 238/246/246 
f 237/245/245 206/210/210 210/214/214 
f 237/245/245 210/214/214 239/247/247 
f 238/246/246 237/245/245 239/247/247 
f 238/246/246 239/247/247 240/248/248 
f 232/240/240 229/237/237 238/246/246 
f 232/240/240 238/246/246 240/248/248 
f 4/4/4 122/126/126 121/125/125 
f 4/4/4 121/125/125 1/1/1 
f 6/6/6 125/129/129 122/126/126 
f 6/6/6 122/126/126 4/4/4 
f 8/8/8 128/132/132 125/129/129 
f 8/8/8 125/129/129 6/6/6 
f 18/18/18 17/17/17 137/141/141 
f 18/18/18 137/141/141 140/144/144 
f 21/21/21 18/18/18 140/144/144 
f 21/21/21 140/144/144 142/146/146 
f 8/8/8 21/21/21 142/146/146 
f 8/8/8 142/146/146 128/132/132 
f 32/32/32 150/154/154 149/153/153 
f 32/32/32 149/153/153 29/29/29 
f 34/34/34 153/157/157 150/154/154 
f 34/34/34 150/154/154 32/32/32 
f 36/36/36 156/160/160 153/157/157 
f 36/36/36 153/157/157 34/34/34 
f 45/45/45 1/1/1 121/125/125 
f 45/45/45 121/125/125 166/170/170 
f 47/47/47 45/45/45 166/170/170 
f 47/47/47 166/170/170 168/172/172 
f 36/36/36 47/47/47 168/172/172 
f 36/36/36 168/172/172 156/160/160 
f 56/56/56 174/178/178 173/177/177 
f 56/56/56 173/177/177 53/53/53 
f 58/58/58 177/181/181 174/178/178 
f 58/58/58 174/178/178 56/56/56 
f 60/60/60 180/184/184 177/181/181 
f 60/60/60 177/181/181 58/58/58 
f 69/69/69 29/29/29 149/153/153 
f 69/69/69 149/153/153 190/194/194 
f 71/71/71 69/69/69 190/194/194 
f 71/71/71 190/194/194 192/196/196 
f 60/60/60 71/71/71 192/196/196 
f 60/60/60 192/196/196 180/184/184 
f 80/80/80 198/202/202 197/201/201 
f 80/80/80 197/201/201 77/77/77 
f 82/82/82 201/205/205 198/202/202 
f 82/82/82 198/202/202 80/80/80 
f 84/84/84 204/208/208 201/205/205 
f 84/84/84 201/205/205 82/82/82 
f 93/93/93 53/53/53 173/177/177 
f 93/93/93 173/177/177 214/218/218 
f 95/96/96 93/95/95 214/219/219 
f 95/96/96 214/219/219 216/222/222 
f 84/84/84 95/96/96 216/222/222 
f 84/84/84 216/222/222 204/208/208 
f 102/106/106 221/229/229 137/141/141 
f 102/106/106 137/141/141 17/17/17 
f 104/108/108 223/231/231 221/229/229 
f 104/108/108 221/229/229 102/106/106 
f 106/110/110 226/234/234 223/231/231 
f 106/110/110 223/231/231 104/108/108 
f 113/117/117 77/77/77 197/201/201 
f 113/117/117 197/201/201 234/242/242 
f 115/119/119 113/117/117 234/242/242 
f 115/119/119 234/242/242 236/244/244 
f 106/110/110 115/119/119 236/244/244 
f 106/110/110 236/244/244 226/234/234 
f 241/249/249 242/250/250 243/251/251 
f 241/249/249 243/251/251 244/252/252 
f 242/250/250 245/253/253 246/254/254 
f 242/250/250 246/254/254 243/251/251 
f 245/253/253 247/255/255 248/256/256 
f 245/253/253 248/256/256 246/254/254 
f 247/255/255 249/257/257 250/258/258 
f 247/255/255 250/258/258 248/256/256 
f 249/257/257 251/259/259 252/260/260 
f 249/257/257 252/260/260 250/258/258 
f 251/259/259 241/249/249 244/252/252 
f 251/259/259 244/252/252 252/260/260 
f 248/256/256 243/251/251 246/254/254 
f 253/261/261 254/262/261 255/263/261 
f 253/261/261 255/263/261 256/264/262 
f 254/262/263 257/265/263 258/266/264 
f 254/262/263 258/266/264 255/263/265 
f 257/265/266 259/267/266 260/268/266 
f 257/265/266 260/268/266 258/266/267 
f 259/267/268 261/269/268 262/270/268 
f 259/267/268 262/270/268 260/268/268 
f 261/269/269 263/271/269 264/272/269 
f 261/269/269 264/272/269 262/270/270 
f 263/271/271 253/273/271 256/274/271 
f 263/271/271 256/274/271 264/272/271 
f 260/275/272 256/276/272 255/277/272 
f 260/275/272 255/277/272 258/278/272 
f 264/279/273 256/276/272 260/275/272 
f 264/279/273 260/275/272 262/280/273 
f 265/249/274 266/250/250 267/251/275 
f 265/249/274 267/251/275 268/252/276 
f 266/250/250 269/253/253 270/254/277 
f 266/250/250 270/254/277 267/251/275 
f 269/253/253 271/255/255 272/256/256 
f 269/253/253 272/256/256 270/254/277 
f 271/255/255 273/257/257 274/258/258 
f 271/255/255 274/258/258 272/256/256 
f 273/257/257 275/259/259 276/260/278 
f 273/257/257 276/260/278 274/258/258 
f 275/259/259 265/249/274 268/252/276 
f 275/259/259 268/252/276 276/260/278 
f 272/256/256 267/251/275 270/254/277 
f 277/261/261 278/262/261 279/263/261 
f 277/261/261 279/263/261 280/264/261 
f 278/262/264 281/265/263 282/266/264 
f 278/262/264 282/266/264 279/263/264 
f 281/265/279 283/267/279 284/268/279 
f 281/265/279 284/268/279 282/266/279 
f 283/267/268 285/269/268 286/270/268 
f 283/267/268 286/270/268 284/268/280 
f 285/269/281 287/271/281 288/272/281 
f 285/269/281 288/272/281 286/270/270 
f 287/271/271 277/273/282 280/274/271 
f 287/271/271 280/274/271 288/272/271 
f 284/275/272 280/276/272 279/277/272 
f 284/275/272 279/277/272 282/278/273 
f 288/279/272 280/276/272 284/275/272 
f 288/279/272 284/275/272 286/280/272 
f 289/249/283 290/250/284 291/251/285 
f 289/249/283 291/251/285 292/252/286 
f 290/250/284 293/253/253 294/254/277 
f 290/250/284 294/254/277 291/251/285 
f 293/253/253 295/255/255 296/256/287 
f 293/253/253 296/256/287 294/254/277 
f 295/255/255 297/257/257 298/258/258 
f 295/255/255 298/258/258 296/256/287 
f 297/257/257 299/259/288 300/260/289 
f 297/257/257 300/260/289 298/258/258 
f 299/259/288 289/249/283 292/252/286 
f 299/259/288 292/252/286 300/260/289 
f 296/256/287 291/251/285 294/254/277 
f 301/261/261 302/262/261 303/263/261 
f 301/261/261 303/263/261 304/264/262 
f 302/262/265 305/265/265 306/266/265 
f 302/262/265 306/266/265 303/263/264 
f 305/265/266 307/267/279 308/268/290 
f 305/265/266 308/268/290 306/266/290 
f 307/267/268 309/269/280 310/270/268 
f 307/267/268 310/270/268 308/268/268 
f 309/269/269 311/271/269 312/272/269 
f 309/269/269 312/272/269 310/270/270 
f 311/271/291 301/273/291 304/274/291 
f 311/271/291 304/274/291 312/272/292 
f 308/275/293 304/276/293 303/277/293 
f 308/275/293 303/277/293 306/278/294 
f 312/279/293 304/276/293 308/275/293 
f 312/279/293 308/275/293 310/280/272 
f 313/249/295 314/250/284 315/251/275 
f 313/249/295 315/251/275 316/252/296 
f 314/250/284 317/253/297 318/254/298 
f 314/250/284 318/254/298 315/251/275 
f 317/253/297 319/255/299 320/256/300 
f 317/253/297 320/256/300 318/254/298 
f 319/255/299 321/257/301 322/258/302 
f 319/255/299 322/258/302 320/256/300 
f 321/257/301 323/259/259 324/260/289 
f 321/257/301 324/260/289 322/258/302 
f 323/259/259 313/249/295 316/252/296 
f 323/259/259 316/252/296 324/260/289 
f 320/256/300 315/251/275 318/254/298 
f 325/261/262 326/262/262 327/263/262 
f 325/261/262 327/263/262 328/264/262 
f 326/262/265 329/265/265 330/266/265 
f 326/262/265 330/266/265 327/263/265 
f 329/265/303 331/267/303 332/268/303 
f 329/265/303 332/268/303 330/266/279 
f 331/267/268 333/269/268 334/270/280 
f 331/267/268 334/270/280 332/268/280 
f 333/269/269 335/271/270 336/272/269 
f 333/269/269 336/272/269 334/270/269 
f 335/271/292 325/273/292 328/274/292 
f 335/271/292 328/274/292 336/272/292 
f 332/275/293 328/276/293 327/277/294 
f 332/275/293 327/277/294 330/278/294 
f 336/279/293 328/276/293 332/275/293 
f 336/279/293 332/275/293 334/280/293 
f 337/249/304 338/250/250 339/251/305 
f 337/249/304 339/251/305 340/252/286 
f 338/250/250 341/253/253 342/254/277 
f 338/250/250 342/254/277 339/251/305 
f 341/253/253 343/255/255 344/256/256 
f 341/253/253 344/256/256 342/254/277 
f 343/255/255 345/257/257 346/258/258 
f 343/255/255 346/258/258 344/256/256 
f 345/257/257 347/259/306 348/260/260 
f 345/257/257 348/260/260 346/258/258 
f 347/259/306 337/249/304 340/252/286 
f 347/259/306 340/252/286 348/260/260 
f 344/256/256 339/251/305 342/254/277 
f 349/261/261 350/262/261 351/263/261 
f 349/261/261 351/263/261 352/264/262 
f 350/262/265 353/265/265 354/266/265 
f 350/262/265 354/266/265 351/263/265 
f 353/265/266 355/267/266 356/268/266 
f 353/265/266 356/268/266 354/266/266 
f 355/267/268 357/269/280 358/270/268 
f 355/267/268 358/270/268 356/268/268 
f 357/269/269 359/271/269 360/272/269 
f 357/269/269 360/272/269 358/270/270 
f 359/271/307 349/273/307 352/274/307 
f 359/271/307 352/274/307 360/272/292 
f 356/275/293 352/276/293 351/277/293 
f 356/275/293 351/277/293 354/278/294 
f 360/279/293 352/276/293 356/275/293 
f 360/279/293 356/275/293 358/280/293 
f 361/249/257 362/250/259 363/251/278 
f 361/249/257 363/251/278 364/252/258 
f 362/250/259 365/253/295 366/254/308 
f 362/250/259 366/254/308 363/251/278 
f 365/253/295 367/255/309 368/256/285 
f 365/253/295 368/256/285 366/254/308 
f 367/255/309 369/257/310 370/258/277 
f 367/255/309 370/258/277 368/256/285 
f 369/257/310 371/259/311 372/260/300 
f 369/257/310 372/260/300 370/258/277 
f 371/259/311 361/249/257 364/252/258 
f 371/259/311 364/252/258 372/260/300 
f 372/260/300 368/256/285 370/258/277 
f 373/261/281 374/262/281 375/263/281 
f 373/261/281 375/263/281 376/264/281 
f 374/262/271 377/265/282 378/266/271 
f 374/262/271 378/266/271 375/263/271 
f 377/265/261 379/267/261 380/268/261 
f 377/265/261 380/268/261 378/266/261 
f 379/267/265 381/269/265 382/270/263 
f 379/267/265 382/270/263 380/268/263 
f 381/269/266 383/271/266 384/272/266 
f 381/269/266 384/272/266 382/270/266 
f 383/271/268 373/273/280 376/274/268 
f 383/271/268 376/274/268 384/272/268 
f 380/275/272 376/276/272 375/277/272 
f 380/275/272 375/277/272 378/278/294 
f 384/279/272 376/276/272 380/275/272 
f 384/279/272 380/275/272 382/280/272 
f 385/281/312 386/282/313 387/283/314 
f 385/281/312 387/283/314 388/284/312 
f 386/282/313 389/285/315 390/286/316 
f 386/282/313 390/286/316 387/283/314 
f 389/285/315 391/258/262 392/287/262 
f 389/285/315 392/287/262 390/286/316 
f 391/258/262 393/288/317 394/289/318 
f 391/258/262 394/289/318 392/287/262 
f 393/288/317 395/290/319 396/291/320 
f 393/288/317 396/291/320 394/289/318 
f 395/290/319 397/292/321 398/293/322 
f 395/290/319 398/293/322 396/291/320 
f 397/292/321 399/294/323 400/295/324 
f 397/292/321 400/295/324 398/293/322 
f 399/294/323 401/296/325 402/297/326 
f 399/294/323 402/297/326 400/295/324 
f 401/296/325 403/298/327 404/299/328 
f 401/296/325 404/299/328 402/297/326 
f 403/298/327 405/300/329 406/301/330 
f 403/298/327 406/301/330 404/299/328 
f 405/300/329 407/302/280 408/303/280 
f 405/300/329 408/303/280 406/301/330 
f 407/302/280 409/304/331 410/305/332 
f 407/302/280 410/305/332 408/303/280 
f 409/304/331 411/306/333 412/307/334 
f 409/304/331 412/307/334 410/305/332 
f 411/306/333 413/252/335 414/308/336 
f 411/306/333 414/308/336 412/307/334 
f 413/252/335 415/309/337 416/310/338 
f 413/252/335 416/310/338 414/308/336 
f 415/309/337 385/311/339 388/312/339 
f 415/309/337 388/312/339 416/310/338 
f 401/313/340 399/314/341 397/315/342 
f 411/316/341 409/317/341 389/318/341 
f 411/316/341 389/318/341 386/319/342 
f 402/320/272 398/321/294 400/322/272 
f 405/323/341 403/324/342 395/325/342 
f 405/323/341 395/325/342 393/326/341 
f 403/324/342 401/313/340 397/315/342 
f 403/324/342 397/315/342 395/325/342 
f 391/327/341 389/318/341 409/317/341 
f 391/327/341 409/317/341 407/328/341 
f 415/329/340 413/330/341 385/331/341 
f 385/331/341 413/330/341 411/316/341 
f 385/331/341 411/316/341 386/319/342 
f 391/327/341 407/328/341 405/323/341 
f 391/327/341 405/323/341 393/326/341 
f 406/332/293 394/333/293 396/334/293 
f 406/332/293 396/334/293 404/335/293 
f 404/335/293 396/334/293 398/321/294 
f 404/335/293 398/321/294 402/320/272 
f 410/336/293 390/337/293 392/338/293 
f 410/336/293 392/338/293 408/339/293 
f 408/339/293 392/338/293 394/333/293 
f 408/339/293 394/333/293 406/332/293 
f 416/340/272 388/341/272 414/342/293 
f 412/343/293 387/344/293 390/337/293 
f 412/343/293 390/337/293 410/336/293 
f 414/342/293 388/341/272 387/344/293 
f 414/342/293 387/344/293 412/343/293 
f 346/258/258 340/252/286 339/251/305 
f 346/258/258 339/251/305 344/256/256 
f 348/260/260 340/252/286 346/258/258 
f 250/258/258 244/252/252 243/251/251 
f 250/258/258 243/251/251 248/256/256 
f 252/260/260 244/252/252 250/258/258 
f 274/258/258 268/252/276 267/251/275 
f 274/258/258 267/251/275 272/256/256 
f 276/260/278 268/252/276 274/258/258 
f 298/258/258 292/252/286 291/251/285 
f 298/258/258 291/251/285 296/256/287 
f 300/260/289 292/252/286 298/258/258 
f 372/260/300 364/252/258 366/254/308 
f 372/260/300 366/254/308 368/256/285 
f 366/254/308 364/252/258 363/251/278 
f 322/258/302 316/252/296 315/251/275 
f 322/258/302 315/251/275 320/256/300 
f 324/260/289 316/252/296 322/258/302 
# 672 faces

#
# object DrawCall_0315
#

v  3.4628 2.8407 -0.3686
v  3.4324 2.8127 -0.4688
v  2.7184 3.4491 -0.4747
v  2.7423 3.4829 -0.3745
v  4.0341 2.0626 -0.3635
v  3.9986 2.0416 -0.4638
v  4.3922 1.1695 -0.4599
v  4.4312 1.1827 -0.3596
v  4.6422 -0.7262 -0.3558
v  4.4467 -1.6717 -0.3560
v  4.4075 -1.6592 -0.4563
v  4.6012 -0.7222 -0.4561
v  4.6369 0.2393 -0.3570
v  4.5960 0.2347 -0.4573
v  4.0590 -2.5559 -0.3577
v  4.0233 -2.5355 -0.4580
v  3.4962 -3.3401 -0.3607
v  3.4655 -3.3126 -0.4610
v  2.7584 -3.9567 -0.4653
v  2.7827 -3.9900 -0.3650
v  1.0338 -4.7806 -0.3766
v  0.0749 -4.8867 -0.3833
v  0.0749 -4.8454 -0.4834
v  1.0253 -4.7402 -0.4767
v  1.9498 -4.4773 -0.3704
v  1.9330 -4.4396 -0.4706
v  -0.8852 -4.7910 -0.3903
v  -0.8765 -4.7505 -0.4903
v  -1.8043 -4.4976 -0.3972
v  -1.7874 -4.4597 -0.4971
v  -2.6180 -3.9857 -0.5037
v  -2.6425 -4.0193 -0.4038
v  -3.9342 -2.5990 -0.4148
v  -4.3314 -1.7190 -0.4187
v  -4.2918 -1.7061 -0.5184
v  -3.8982 -2.5782 -0.5146
v  -3.3629 -3.3771 -0.4097
v  -3.3320 -3.3493 -0.5096
v  -4.5371 -0.7757 -0.4213
v  -4.4956 -0.7713 -0.5211
v  -4.5423 0.1898 -0.4226
v  -4.5008 0.1856 -0.5223
v  -4.3071 1.1226 -0.5220
v  -4.3468 1.1354 -0.4223
v  -3.3963 2.8037 -0.4176
v  -2.6828 3.4537 -0.4132
v  -2.6580 3.4201 -0.5131
v  -3.3651 2.7760 -0.5173
v  -3.9592 2.0195 -0.4206
v  -3.9229 1.9989 -0.5204
v  -1.8499 3.9410 -0.4079
v  -1.8326 3.9030 -0.5078
v  -0.9340 4.2443 -0.4017
v  -0.9249 4.2036 -0.5016
v  0.0255 4.3088 -0.4950
v  0.0250 4.3504 -0.3950
v  1.9042 3.9612 -0.3811
v  1.8878 3.9231 -0.4812
v  0.9850 4.2546 -0.3880
v  0.9769 4.2139 -0.4881
v  3.1479 2.5540 -0.3310
v  2.4939 3.1370 -0.3364
v  3.6665 1.8477 -0.3264
v  3.7672 1.6247 -0.3255
v  4.0270 1.0489 -0.3229
v  3.1300 2.5378 -0.2967
v  2.4797 3.1175 -0.3021
v  3.6456 1.8356 -0.2922
v  3.7463 1.6112 -0.2840
v  3.9484 1.0230 -0.2461
v  3.7319 1.5355 -0.2193
v  3.9905 1.0369 -0.2873
v  3.6817 1.4681 -0.1414
v  3.4850 1.3928 0.0097
v  3.9994 0.5071 -0.1379
v  3.7965 0.4506 0.0131
v  4.0410 -1.5422 -0.3196
v  4.2185 -0.6839 -0.3194
v  4.2137 0.1926 -0.3205
v  4.1617 0.4316 -0.3212
v  4.1368 0.4302 -0.2798
v  4.0801 0.4826 -0.2155
v  4.0180 -1.5349 -0.2854
v  4.1944 -0.6815 -0.2852
v  4.1897 0.1900 -0.2863
v  3.6891 -2.3448 -0.3211
v  3.1782 -3.0567 -0.3239
v  2.9974 -3.2214 -0.3250
v  2.5305 -3.6467 -0.3278
v  3.6681 -2.3329 -0.2869
v  3.1601 -3.0407 -0.2897
v  2.9780 -3.2059 -0.2836
v  2.4814 -3.5800 -0.2509
v  2.9014 -3.2156 -0.2194
v  2.5077 -3.6157 -0.2922
v  2.8215 -3.1888 -0.1418
v  2.0065 -3.7882 -0.1469
v  2.6887 -3.0251 0.0094
v  1.8897 -3.6128 0.0044
v  0.0725 -4.4607 -0.3443
v  0.9430 -4.3644 -0.3382
v  1.7744 -4.0890 -0.3327
v  1.9855 -3.9656 -0.3313
v  1.9764 -3.9425 -0.2899
v  2.0084 -3.8723 -0.2249
v  0.0722 -4.4365 -0.3100
v  0.9377 -4.3408 -0.3040
v  1.7644 -4.0670 -0.2984
v  -0.7990 -4.3738 -0.3507
v  -1.6334 -4.1074 -0.3570
v  -1.8458 -3.9863 -0.3587
v  -2.3942 -3.6733 -0.3630
v  -0.7942 -4.3501 -0.3163
v  -1.6238 -4.0853 -0.3226
v  -1.8372 -3.9630 -0.3171
v  -2.3463 -3.6060 -0.2854
v  -1.8703 -3.8933 -0.2526
v  -2.3720 -3.6420 -0.3271
v  -1.8697 -3.8091 -0.1746
v  -1.7557 -3.6324 -0.0216
v  -2.6913 -3.2185 -0.1812
v  -2.5611 -3.0534 -0.0281
v  -3.9274 -1.5852 -0.3765
v  -3.5669 -2.3840 -0.3729
v  -3.0483 -3.0903 -0.3683
v  -2.8657 -3.2531 -0.3669
v  -2.8467 -3.2373 -0.3252
v  -2.7704 -3.2462 -0.2599
v  -3.9047 -1.5776 -0.3420
v  -3.5462 -2.3718 -0.3384
v  -3.0305 -3.0740 -0.3339
v  -4.1141 -0.7288 -0.3789
v  -4.1189 0.1476 -0.3800
v  -4.0694 0.3873 -0.3799
v  -3.9414 1.0060 -0.3798
v  -4.0903 -0.7261 -0.3443
v  -4.0950 0.1453 -0.3455
v  -4.0447 0.3861 -0.3382
v  -3.8629 0.9809 -0.3018
v  -3.9889 0.4391 -0.2731
v  -3.9049 0.9943 -0.3437
v  -3.9090 0.4644 -0.1944
v  -3.7063 0.4102 -0.0405
v  -3.6016 1.4288 -0.1934
v  -3.4050 1.3557 -0.0395
v  -2.4309 3.1104 -0.3716
v  -3.0786 2.5204 -0.3755
v  -3.5895 1.8086 -0.3782
v  -3.6878 1.5845 -0.3787
v  -3.6670 1.5712 -0.3370
v  -3.6521 1.4957 -0.2720
v  -2.4167 3.0911 -0.3371
v  -3.0607 2.5045 -0.3410
v  -3.5687 1.7967 -0.3437
v  -1.6748 3.5528 -0.3667
v  -0.8433 3.8281 -0.3611
v  -0.6003 3.8551 -0.3594
v  0.0272 3.9244 -0.3550
v  -1.6650 3.5309 -0.3322
v  -0.8383 3.8046 -0.3267
v  -0.5940 3.8312 -0.3178
v  0.0274 3.8418 -0.2775
v  -0.5265 3.7943 -0.2525
v  0.0273 3.8861 -0.3192
v  -0.4780 3.7259 -0.1739
v  -0.4674 3.5160 -0.0212
v  0.5334 3.7313 -0.1667
v  0.5242 3.5213 -0.0141
v  1.7330 3.5711 -0.3424
v  0.8986 3.8375 -0.3487
v  0.6554 3.8618 -0.3504
v  0.6490 3.8379 -0.3089
v  0.5816 3.8003 -0.2446
v  1.7233 3.5491 -0.3080
v  0.8937 3.8140 -0.3143
v  0.0445 -0.2658 1.5158
v  -0.4450 0.4008 1.5384
v  -0.2152 0.5195 1.5399
v  0.0400 0.5614 1.5417
v  -0.6269 0.2168 1.5374
v  -0.7430 -0.0144 1.5368
v  -0.7821 -0.2703 1.5368
v  -0.7403 -0.5257 1.5375
v  -0.6216 -0.7556 1.5386
v  -0.4378 -0.9376 1.5401
v  -0.2067 -1.0539 1.5419
v  0.0489 -1.0930 1.5438
v  0.3041 -1.0511 1.5456
v  0.5339 -0.9324 1.5470
v  0.7157 -0.7484 1.5481
v  0.8319 -0.5172 1.5487
v  0.8710 -0.2614 1.5486
v  0.8291 -0.0060 1.5480
v  0.7105 0.2240 1.5469
v  0.5267 0.4060 1.5454
v  0.2956 0.5223 1.5436
# 196 vertices

vn 0.6855 0.6204 -0.3811
vn 0.6853 0.6206 -0.3811
vn 0.5413 0.7491 -0.3819
vn 0.5416 0.7488 -0.3819
vn 0.7994 0.4648 -0.3807
vn 0.7993 0.4650 -0.3807
vn 0.8786 0.2892 -0.3800
vn 0.8786 0.2891 -0.3800
vn 0.9207 -0.0918 -0.3794
vn 0.8817 -0.2806 -0.3793
vn 0.8817 -0.2807 -0.3793
vn 0.9207 -0.0919 -0.3794
vn 0.9196 0.1008 -0.3797
vn 0.9196 0.1009 -0.3797
vn 0.8044 -0.4571 -0.3794
vn 0.8043 -0.4573 -0.3794
vn 0.6921 -0.6138 -0.3798
vn 0.6919 -0.6140 -0.3798
vn 0.5493 -0.7441 -0.3801
vn 0.5496 -0.7439 -0.3801
vn 0.2000 -0.9026 -0.3812
vn 0.0079 -0.9242 -0.3819
vn 0.0075 -0.9242 -0.3819
vn 0.1995 -0.9027 -0.3812
vn 0.3832 -0.8416 -0.3807
vn 0.3828 -0.8418 -0.3807
vn -0.1844 -0.9053 -0.3825
vn -0.1849 -0.9052 -0.3825
vn -0.3687 -0.8469 -0.3833
vn -0.3691 -0.8467 -0.3833
vn -0.5371 -0.7511 -0.3839
vn -0.5368 -0.7513 -0.3839
vn -0.7959 -0.4672 -0.3850
vn -0.8757 -0.2910 -0.3853
vn -0.8757 -0.2909 -0.3853
vn -0.7961 -0.4669 -0.3850
vn -0.6813 -0.6229 -0.3846
vn -0.6815 -0.6226 -0.3846
vn -0.9169 -0.1021 -0.3858
vn -0.9179 0.0912 -0.3861
vn -0.8788 0.2804 -0.3862
vn -0.8787 0.2806 -0.3861
vn -0.6880 0.6145 -0.3862
vn -0.5449 0.7446 -0.3857
vn -0.5452 0.7443 -0.3857
vn -0.6882 0.6142 -0.3862
vn -0.8009 0.4576 -0.3862
vn -0.8011 0.4573 -0.3862
vn -0.3778 0.8419 -0.3854
vn -0.3782 0.8417 -0.3854
vn -0.1942 0.9023 -0.3848
vn -0.1946 0.9022 -0.3848
vn -0.0025 0.9233 -0.3841
vn -0.0020 0.9233 -0.3841
vn 0.3741 0.8447 -0.3827
vn 0.3737 0.8449 -0.3827
vn 0.1902 0.9038 -0.3834
vn 0.1898 0.9039 -0.3834
vn -0.1925 -0.2784 -0.9410
vn -0.2459 -0.2310 -0.9414
vn -0.4354 -0.4023 -0.8054
vn -0.3421 -0.4850 -0.8048
vn -0.2882 -0.1735 -0.9417
vn -0.5094 -0.3056 -0.8044
vn -0.5787 -0.2647 -0.7714
vn -0.3177 -0.1084 -0.9420
vn -0.4854 -0.1586 -0.8598
vn -0.6028 -0.5525 -0.5757
vn -0.4746 -0.6663 -0.5751
vn -0.7009 -0.4204 -0.5761
vn -0.7770 -0.3422 -0.5284
vn -0.6582 -0.2202 -0.7199
vn -0.7582 -0.2897 -0.5841
vn -0.6489 -0.2112 -0.7310
vn -0.6326 -0.2245 -0.7412
vn -0.5528 -0.1857 -0.8123
vn -0.6400 -0.2016 -0.7414
vn -0.3188 0.1026 -0.9422
vn -0.5629 0.1803 -0.8067
vn -0.5880 0.0581 -0.8067
vn -0.3333 0.0327 -0.9422
vn -0.5874 -0.0665 -0.8066
vn -0.3329 -0.0387 -0.9422
vn -0.6161 -0.1389 -0.7753
vn -0.8305 -0.1980 -0.5207
vn -0.7802 -0.2232 -0.5843
vn -0.7779 0.2485 -0.5771
vn -0.8125 0.0806 -0.5773
vn -0.8142 -0.0912 -0.5734
vn -0.2901 0.1680 -0.9421
vn -0.5125 0.2944 -0.8066
vn -0.2483 0.2259 -0.9420
vn -0.4433 0.3945 -0.8049
vn -0.4259 0.4726 -0.7716
vn -0.1955 0.2739 -0.9417
vn -0.2954 0.4171 -0.8595
vn -0.7088 0.4053 -0.5773
vn -0.6134 0.5394 -0.5769
vn -0.5623 0.6356 -0.5290
vn -0.4085 0.5615 -0.7197
vn -0.5062 0.6341 -0.5846
vn -0.3969 0.5554 -0.7307
vn -0.4043 0.5357 -0.7413
vn -0.3850 0.5502 -0.7410
vn -0.3424 0.4725 -0.8121
vn 0.0049 0.3399 -0.9404
vn 0.0026 0.5942 -0.8043
vn -0.1212 0.5808 -0.8050
vn -0.0660 0.3322 -0.9409
vn -0.2396 0.5420 -0.8055
vn -0.1338 0.3098 -0.9413
vn -0.3176 0.5468 -0.7747
vn -0.4417 0.7307 -0.5206
vn -0.4497 0.6757 -0.5842
vn -0.0005 0.8181 -0.5751
vn -0.1709 0.7995 -0.5758
vn -0.3348 0.7484 -0.5725
vn 0.0759 0.3327 -0.9400
vn 0.1264 0.5816 -0.8036
vn 0.1438 0.3110 -0.9395
vn 0.2427 0.5465 -0.8015
vn 0.3221 0.5539 -0.7678
vn 0.2057 0.2756 -0.9390
vn 0.3102 0.4138 -0.8559
vn 0.1699 0.8008 -0.5743
vn 0.3265 0.7513 -0.5736
vn 0.4334 0.7323 -0.5252
vn 0.4115 0.5645 -0.7155
vn 0.4496 0.6788 -0.5805
vn 0.4095 0.5518 -0.7265
vn 0.3885 0.5528 -0.7372
vn 0.3480 0.4751 -0.8082
vn 0.4081 0.5389 -0.7369
vn 0.3303 0.1058 -0.9379
vn 0.5699 0.1855 -0.8005
vn 0.5189 0.2987 -0.8009
vn 0.3010 0.1707 -0.9382
vn 0.4453 0.3988 -0.8017
vn 0.2589 0.2282 -0.9386
vn 0.4258 0.4741 -0.7707
vn 0.5609 0.6471 -0.5164
vn 0.5064 0.6380 -0.5800
vn 0.7803 0.2560 -0.5706
vn 0.7101 0.4118 -0.5711
vn 0.6105 0.5512 -0.5687
vn 0.3455 0.0363 -0.9377
vn 0.5963 0.0643 -0.8002
vn 0.3458 -0.0349 -0.9376
vn 0.5991 -0.0569 -0.7987
vn 0.6306 -0.1302 -0.7652
vn 0.3314 -0.1046 -0.9377
vn 0.4946 -0.1617 -0.8540
vn 0.8166 0.0891 -0.5703
vn 0.8180 -0.0748 -0.5703
vn 0.8331 -0.1822 -0.5223
vn 0.6682 -0.2122 -0.7131
vn 0.7877 -0.2138 -0.5777
vn 0.6556 -0.2141 -0.7241
vn 0.6501 -0.1938 -0.7347
vn 0.5642 -0.1790 -0.8060
vn 0.6428 -0.2167 -0.7348
vn 0.2087 -0.2757 -0.9383
vn 0.3580 -0.4800 -0.8009
vn 0.4497 -0.3961 -0.8006
vn 0.2613 -0.2277 -0.9380
vn 0.5219 -0.2951 -0.8004
vn 0.3029 -0.1699 -0.9378
vn 0.5871 -0.2533 -0.7689
vn 0.7917 -0.3297 -0.5143
vn 0.7665 -0.2803 -0.5778
vn 0.4886 -0.6599 -0.5708
vn 0.6148 -0.5444 -0.5707
vn 0.7164 -0.4066 -0.5670
vn 0.1471 -0.3117 -0.9387
vn 0.2508 -0.5429 -0.8015
vn 0.0795 -0.3342 -0.9391
vn 0.1361 -0.5833 -0.8008
vn 0.0758 -0.6365 -0.7676
vn 0.0086 -0.3422 -0.9396
vn 0.0042 -0.5160 -0.8566
vn 0.3410 -0.7464 -0.5715
vn 0.1853 -0.7987 -0.5725
vn 0.0874 -0.8469 -0.5245
vn 0.0088 -0.6979 -0.7161
vn 0.0436 -0.8132 -0.5804
vn 0.0032 -0.6865 -0.7271
vn 0.0210 -0.6750 -0.7375
vn 0.0089 -0.5879 -0.8089
vn -0.0031 -0.6749 -0.7379
vn -0.2337 -0.5465 -0.8042
vn -0.1305 -0.3137 -0.9405
vn -0.1150 -0.5841 -0.8035
vn -0.0624 -0.3352 -0.9401
vn -0.0552 -0.6333 -0.7720
vn -0.0662 -0.8533 -0.5173
vn -0.0265 -0.8136 -0.5808
vn -0.3255 -0.7509 -0.5746
vn -0.1627 -0.8054 -0.5700
vn 0.0071 -0.0012 -1.0000
vn -0.0122 0.0250 -0.9996
vn -0.0031 0.0297 -0.9996
vn 0.0070 0.0313 -0.9995
vn -0.0193 0.0178 -0.9997
vn -0.0239 0.0087 -0.9997
vn -0.0254 -0.0014 -0.9997
vn -0.0238 -0.0115 -0.9997
vn -0.0191 -0.0205 -0.9996
vn -0.0119 -0.0277 -0.9995
vn -0.0028 -0.0322 -0.9995
vn 0.0073 -0.0338 -0.9994
vn 0.0173 -0.0322 -0.9993
vn 0.0264 -0.0275 -0.9993
vn 0.0336 -0.0202 -0.9992
vn 0.0382 -0.0111 -0.9992
vn 0.0397 -0.0010 -0.9992
vn 0.0381 0.0090 -0.9992
vn 0.0334 0.0180 -0.9993
vn 0.0262 0.0252 -0.9993
vn 0.0170 0.0298 -0.9994
# 219 vertex normals

vt 0.0401 0.2606 0.0000
vt 0.0401 0.2605 0.0000
vt 0.0401 0.2608 0.0000
vt 0.0401 0.2603 0.0000
vt 0.0401 0.2602 0.0000
vt 0.0401 0.2599 0.0000
vt 0.0401 0.2592 0.0000
vt 0.0401 0.2588 0.0000
vt 0.0401 0.2596 0.0000
vt 0.0401 0.2585 0.0000
vt 0.0401 0.2582 0.0000
vt 0.0401 0.2580 0.0000
vt 0.0401 0.2579 0.0000
vt 0.0400 0.2576 0.0000
vt 0.0400 0.2577 0.0000
vt 0.0400 0.2578 0.0000
vt 0.0399 0.2580 0.0000
vt 0.0399 0.2579 0.0000
vt 0.0399 0.2585 0.0000
vt 0.0399 0.2588 0.0000
vt 0.0399 0.2582 0.0000
vt 0.0399 0.2592 0.0000
vt 0.0399 0.2596 0.0000
vt 0.0399 0.2599 0.0000
vt 0.0399 0.2606 0.0000
vt 0.0399 0.2608 0.0000
vt 0.0399 0.2605 0.0000
vt 0.0399 0.2603 0.0000
vt 0.0399 0.2602 0.0000
vt 0.0400 0.2610 0.0000
vt 0.0400 0.2611 0.0000
vt 0.0400 0.2612 0.0000
vt 0.0400 0.2607 0.0000
vt 0.0401 0.2601 0.0000
vt 0.0401 0.2604 0.0000
vt 0.0401 0.2600 0.0000
vt 0.0401 0.2597 0.0000
vt 0.0401 0.2589 0.0000
vt 0.0401 0.2595 0.0000
vt 0.0401 0.2586 0.0000
vt 0.0401 0.2583 0.0000
vt 0.0400 0.2581 0.0000
vt 0.0400 0.2580 0.0000
vt 0.0400 0.2579 0.0000
vt 0.0399 0.2581 0.0000
vt 0.0399 0.2583 0.0000
vt 0.0399 0.2589 0.0000
vt 0.0399 0.2586 0.0000
vt 0.0399 0.2595 0.0000
vt 0.0399 0.2597 0.0000
vt 0.0399 0.2600 0.0000
vt 0.0399 0.2607 0.0000
vt 0.0399 0.2601 0.0000
vt 0.0399 0.2604 0.0000
vt 0.0400 0.2608 0.0000
vt 0.0400 0.2609 0.0000
vt 0.0400 0.2594 0.0000
vt 0.0400 0.2598 0.0000
vt 0.0400 0.2599 0.0000
vt 0.0400 0.2597 0.0000
vt 0.0400 0.2595 0.0000
vt 0.0400 0.2592 0.0000
vt 0.0400 0.2591 0.0000
vt 0.0400 0.2590 0.0000
vt 0.0400 0.2589 0.0000
# 65 texture coords

o DrawCall_0315
g DrawCall_0315
usemtl 24fe1dbe_dds
s 1
f 417/345/343 418/346/344 419/347/345 
f 417/345/343 419/347/345 420/347/346 
f 421/348/347 422/349/348 418/346/344 
f 421/348/347 418/346/344 417/345/343 
f 423/350/349 422/349/348 421/348/347 
f 423/350/349 421/348/347 424/350/350 
f 425/351/351 426/352/352 427/352/353 
f 425/351/351 427/352/353 428/351/354 
f 429/353/355 425/351/351 428/351/354 
f 429/353/355 428/351/354 430/353/356 
f 423/350/349 424/350/350 429/353/355 
f 423/350/349 429/353/355 430/353/356 
f 431/354/357 432/354/358 427/352/353 
f 431/354/357 427/352/353 426/352/352 
f 433/355/359 434/355/360 432/354/358 
f 433/355/359 432/354/358 431/354/357 
f 435/356/361 434/355/360 433/355/359 
f 435/356/361 433/355/359 436/357/362 
f 437/358/363 438/358/364 439/358/365 
f 437/358/363 439/358/365 440/359/366 
f 441/359/367 437/358/363 440/359/366 
f 441/359/367 440/359/366 442/360/368 
f 435/356/361 436/357/362 441/359/367 
f 435/356/361 441/359/367 442/360/368 
f 443/358/369 444/359/370 439/358/365 
f 443/358/369 439/358/365 438/358/364 
f 445/359/371 446/360/372 444/359/370 
f 445/359/371 444/359/370 443/358/369 
f 447/361/373 446/360/372 445/359/371 
f 447/361/373 445/359/371 448/362/374 
f 449/363/375 450/364/376 451/364/377 
f 449/363/375 451/364/377 452/363/378 
f 453/365/379 449/363/375 452/363/378 
f 453/365/379 452/363/378 454/365/380 
f 447/361/373 448/362/374 453/365/379 
f 447/361/373 453/365/379 454/365/380 
f 455/366/381 456/366/381 451/364/377 
f 455/366/381 451/364/377 450/364/376 
f 457/367/382 458/367/382 456/366/381 
f 457/367/382 456/366/381 455/366/381 
f 459/368/383 458/367/382 457/367/382 
f 459/368/383 457/367/382 460/368/384 
f 461/369/385 462/370/386 463/370/387 
f 461/369/385 463/370/387 464/371/388 
f 465/372/389 461/369/385 464/371/388 
f 465/372/389 464/371/388 466/373/390 
f 459/368/383 460/368/384 465/372/389 
f 459/368/383 465/372/389 466/373/390 
f 467/374/391 468/374/392 463/370/387 
f 467/374/391 463/370/387 462/370/386 
f 469/375/393 470/375/394 468/374/392 
f 469/375/393 468/374/392 467/374/391 
f 471/375/395 470/375/394 469/375/393 
f 471/375/395 469/375/393 472/376/396 
f 473/374/397 420/347/346 419/347/345 
f 473/374/397 419/347/345 474/374/398 
f 475/375/399 473/374/397 474/374/398 
f 475/375/399 474/374/398 476/375/400 
f 471/375/395 472/376/396 475/375/399 
f 471/375/395 475/375/399 476/375/400 
f 419/347/401 418/346/402 477/346/403 
f 419/347/401 477/346/403 478/377/404 
f 418/346/402 422/349/405 479/349/406 
f 418/346/402 479/349/406 477/346/403 
f 480/378/407 422/349/405 423/350/408 
f 480/378/407 423/350/408 481/350/409 
f 477/346/403 482/379/410 483/377/411 
f 477/346/403 483/377/411 478/377/404 
f 479/349/406 484/349/412 482/379/410 
f 479/349/406 482/379/410 477/346/403 
f 485/378/413 484/349/412 479/349/406 
f 485/378/413 479/349/406 480/378/407 
f 486/350/414 487/378/415 485/378/413 
f 486/350/414 485/378/413 488/350/416 
f 486/350/414 489/380/417 487/378/415 
f 490/380/418 489/380/417 491/381/419 
f 490/380/418 491/381/419 492/381/418 
f 485/378/413 480/378/407 481/350/409 
f 485/378/413 481/350/409 488/350/416 
f 480/378/407 479/349/406 422/349/405 
f 427/352/420 493/382/421 494/351/422 
f 427/352/420 494/351/422 428/351/423 
f 428/351/423 494/351/422 495/383/424 
f 428/351/423 495/383/424 430/353/425 
f 496/353/426 481/350/409 423/350/408 
f 496/353/426 423/350/408 430/353/425 
f 486/350/414 488/350/416 497/353/427 
f 486/350/414 497/353/427 498/381/428 
f 494/351/422 493/382/421 499/382/429 
f 494/351/422 499/382/429 500/351/430 
f 495/383/424 494/351/422 500/351/430 
f 495/383/424 500/351/430 501/383/431 
f 496/353/426 495/383/424 501/383/431 
f 496/353/426 501/383/431 497/353/427 
f 496/353/426 497/353/427 488/350/416 
f 496/353/426 488/350/416 481/350/409 
f 496/353/426 430/353/425 495/383/424 
f 427/352/420 432/354/432 502/384/433 
f 427/352/420 502/384/433 493/382/421 
f 432/354/432 434/355/434 503/385/435 
f 432/354/432 503/385/435 502/384/433 
f 504/355/436 434/355/434 435/356/437 
f 504/355/436 435/356/437 505/386/438 
f 502/384/433 506/384/439 499/382/429 
f 502/384/433 499/382/429 493/382/421 
f 503/385/435 507/385/440 506/384/439 
f 503/385/435 506/384/439 502/384/433 
f 508/355/441 507/385/440 503/385/435 
f 508/355/441 503/385/435 504/355/436 
f 509/386/442 510/355/443 508/355/441 
f 509/386/442 508/355/441 511/386/444 
f 512/355/445 509/386/442 513/387/446 
f 514/385/447 512/355/445 513/387/446 
f 514/385/447 513/387/446 515/386/447 
f 508/355/441 504/355/436 505/386/438 
f 508/355/441 505/386/438 511/386/444 
f 504/355/436 503/385/435 434/355/434 
f 439/358/448 516/360/449 517/360/450 
f 439/358/448 517/360/450 440/359/451 
f 440/359/451 517/360/450 518/388/452 
f 440/359/451 518/388/452 442/360/453 
f 519/388/454 505/386/438 435/356/437 
f 519/388/454 435/356/437 442/360/453 
f 509/386/442 511/386/444 520/387/455 
f 509/386/442 520/387/455 521/387/456 
f 517/360/450 516/360/449 522/360/457 
f 517/360/450 522/360/457 523/360/458 
f 518/388/452 517/360/450 523/360/458 
f 518/388/452 523/360/458 524/388/459 
f 519/388/454 518/388/452 524/388/459 
f 519/388/454 524/388/459 520/387/455 
f 519/388/454 520/387/455 511/386/444 
f 519/388/454 511/386/444 505/386/438 
f 519/388/454 442/360/453 518/388/452 
f 439/358/448 444/359/460 525/360/461 
f 439/358/448 525/360/461 516/360/449 
f 444/359/460 446/360/462 526/388/463 
f 444/359/460 526/388/463 525/360/461 
f 527/388/464 446/360/462 447/361/465 
f 527/388/464 447/361/465 528/389/466 
f 525/360/461 529/360/467 522/360/457 
f 525/360/461 522/360/457 516/360/449 
f 526/388/463 530/388/468 529/360/467 
f 526/388/463 529/360/467 525/360/461 
f 531/387/469 530/388/468 526/388/463 
f 531/387/469 526/388/463 527/388/464 
f 532/389/470 533/387/471 531/387/469 
f 532/389/470 531/387/469 534/389/472 
f 532/389/470 535/387/473 533/387/471 
f 536/386/474 535/387/473 537/365/475 
f 536/386/474 537/365/475 538/390/474 
f 531/387/469 527/388/464 528/389/466 
f 531/387/469 528/389/466 534/389/472 
f 527/388/464 526/388/463 446/360/462 
f 451/364/476 539/391/477 540/392/478 
f 451/364/476 540/392/478 452/363/479 
f 452/363/479 540/392/478 541/390/480 
f 452/363/479 541/390/480 454/365/481 
f 542/365/482 528/389/466 447/361/465 
f 542/365/482 447/361/465 454/365/481 
f 532/389/470 534/389/472 543/365/483 
f 532/389/470 543/365/483 544/365/484 
f 540/392/478 539/391/477 545/391/485 
f 540/392/478 545/391/485 546/392/486 
f 541/390/480 540/392/478 546/392/486 
f 541/390/480 546/392/486 547/390/487 
f 542/365/482 541/390/480 547/390/487 
f 542/365/482 547/390/487 543/365/483 
f 542/365/482 543/365/483 534/389/472 
f 542/365/482 534/389/472 528/389/466 
f 542/365/482 454/365/481 541/390/480 
f 451/364/476 456/366/488 548/366/489 
f 451/364/476 548/366/489 539/391/477 
f 456/366/488 458/367/490 549/393/491 
f 456/366/488 549/393/491 548/366/489 
f 550/367/492 458/367/490 459/368/493 
f 550/367/492 459/368/493 551/368/494 
f 548/366/489 552/366/495 545/391/485 
f 548/366/489 545/391/485 539/391/477 
f 549/393/491 553/393/496 552/366/495 
f 549/393/491 552/366/495 548/366/489 
f 554/367/497 553/393/496 549/393/491 
f 554/367/497 549/393/491 550/367/492 
f 555/368/498 556/394/499 554/367/497 
f 555/368/498 554/367/497 557/368/500 
f 555/368/498 558/394/501 556/394/499 
f 559/394/502 558/394/501 560/395/503 
f 559/394/502 560/395/503 561/395/502 
f 554/367/497 550/367/492 551/368/494 
f 554/367/497 551/368/494 557/368/500 
f 550/367/492 549/393/491 458/367/490 
f 463/370/504 562/396/505 563/371/506 
f 463/370/504 563/371/506 464/371/507 
f 464/371/507 563/371/506 564/373/508 
f 464/371/507 564/373/508 466/373/509 
f 565/397/510 551/368/494 459/368/493 
f 565/397/510 459/368/493 466/373/509 
f 555/368/498 557/368/500 566/397/511 
f 555/368/498 566/397/511 567/397/512 
f 563/371/506 562/396/505 568/396/513 
f 563/371/506 568/396/513 569/398/514 
f 564/373/508 563/371/506 569/398/514 
f 564/373/508 569/398/514 570/373/515 
f 565/397/510 564/373/508 570/373/515 
f 565/397/510 570/373/515 566/397/511 
f 565/397/510 566/397/511 557/368/500 
f 565/397/510 557/368/500 551/368/494 
f 565/397/510 466/373/509 564/373/508 
f 463/370/504 468/374/516 571/399/517 
f 463/370/504 571/399/517 562/396/505 
f 468/374/516 470/375/518 572/400/519 
f 468/374/516 572/400/519 571/399/517 
f 573/374/520 470/375/518 471/375/521 
f 573/374/520 471/375/521 574/374/522 
f 571/399/517 575/399/523 568/396/513 
f 571/399/517 568/396/513 562/396/505 
f 572/400/519 576/400/524 575/399/523 
f 572/400/519 575/399/523 571/399/517 
f 577/400/525 576/400/524 572/400/519 
f 577/400/525 572/400/519 573/374/520 
f 578/400/526 579/400/527 577/400/525 
f 578/400/526 577/400/525 580/374/528 
f 578/400/526 581/400/529 579/400/527 
f 582/399/530 581/400/529 583/400/531 
f 582/399/530 583/400/531 584/399/530 
f 577/400/525 573/374/520 574/374/522 
f 577/400/525 574/374/522 580/374/528 
f 573/374/520 572/400/519 470/375/518 
f 419/347/401 478/377/404 585/399/532 
f 419/347/401 585/399/532 474/374/533 
f 474/374/533 585/399/532 586/400/534 
f 474/374/533 586/400/534 476/375/535 
f 587/374/536 574/374/522 471/375/521 
f 587/374/536 471/375/521 476/375/535 
f 578/400/526 580/374/528 588/400/537 
f 578/400/526 588/400/537 589/400/538 
f 585/399/532 478/377/404 483/377/411 
f 585/399/532 483/377/411 590/399/539 
f 586/400/534 585/399/532 590/399/539 
f 586/400/534 590/399/539 591/400/540 
f 587/374/536 586/400/534 591/400/540 
f 587/374/536 591/400/540 588/400/537 
f 587/374/536 588/400/537 580/374/528 
f 587/374/536 580/374/528 574/374/522 
f 587/374/536 476/375/535 586/400/534 
f 592/401/541 593/402/542 594/402/543 
f 592/401/541 594/402/543 595/403/544 
f 592/401/541 596/404/545 593/402/542 
f 592/401/541 597/405/546 596/404/545 
f 592/401/541 598/401/547 597/405/546 
f 592/401/541 599/406/548 598/401/547 
f 592/401/541 600/407/549 599/406/548 
f 592/401/541 601/408/550 600/407/549 
f 592/401/541 602/409/551 601/408/550 
f 592/401/541 603/409/552 602/409/551 
f 592/401/541 604/409/553 603/409/552 
f 592/401/541 605/408/554 604/409/553 
f 592/401/541 606/407/555 605/408/554 
f 592/401/541 607/406/556 606/407/555 
f 592/401/541 608/401/557 607/406/556 
f 592/401/541 609/405/558 608/401/557 
f 592/401/541 610/404/559 609/405/558 
f 592/401/541 611/402/560 610/404/559 
f 592/401/541 612/402/561 611/402/560 
f 592/401/541 595/403/544 612/402/561 
f 513/387/446 509/386/442 521/387/456 
f 512/355/445 510/355/443 509/386/442 
f 491/381/419 489/380/417 486/350/414 
f 491/381/419 486/350/414 498/381/428 
f 583/400/531 581/400/529 578/400/526 
f 583/400/531 578/400/526 589/400/538 
f 560/395/503 555/368/498 567/397/512 
f 560/395/503 558/394/501 555/368/498 
f 537/365/475 532/389/470 544/365/484 
f 537/365/475 535/387/473 532/389/470 
# 275 faces

#
# object DrawCall_0320
#

v  -0.4506 0.4066 2.2503
v  -0.7962 0.8771 2.2472
v  -0.4025 1.0806 2.2498
v  -0.2192 0.5262 2.2518
v  -0.6339 0.2212 2.2492
v  -1.1078 0.5619 2.2454
v  -0.7509 -0.0117 2.2486
v  -1.3068 0.1658 2.2445
v  -0.7902 -0.2694 2.2487
v  -1.3737 -0.2726 2.2445
v  -0.7481 -0.5267 2.2493
v  -1.3020 -0.7101 2.2456
v  -0.6286 -0.7584 2.2504
v  -1.0988 -1.1041 2.2475
v  -0.4434 -0.9417 2.2520
v  -0.7838 -1.4160 2.2501
v  -0.2106 -1.0588 2.2538
v  -0.3879 -1.6152 2.2532
v  0.0469 -1.0982 2.2557
v  0.0501 -1.6822 2.2564
v  0.3040 -1.0561 2.2575
v  0.4873 -1.6104 2.2595
v  0.5355 -0.9364 2.2590
v  0.8810 -1.4070 2.2620
v  0.7187 -0.7511 2.2601
v  1.1926 -1.0918 2.2639
v  0.8357 -0.5182 2.2606
v  1.3916 -0.6956 2.2648
v  0.8751 -0.2604 2.2606
v  1.4585 -0.2573 2.2647
v  0.8329 -0.0032 2.2599
v  1.3868 0.1803 2.2637
v  0.7134 0.2285 2.2588
v  1.1836 0.5743 2.2618
v  0.5282 0.4119 2.2573
v  0.8686 0.8861 2.2591
v  0.2954 0.5290 2.2555
v  0.4727 1.0853 2.2560
v  0.0379 0.5684 2.2536
v  0.0348 1.1523 2.2528
v  -0.7926 0.8756 0.9866
v  -0.9685 1.1152 0.9851
v  -0.4922 1.3613 0.9882
v  -0.3989 1.0790 0.9892
v  -1.1042 0.5604 0.9848
v  -1.3454 0.7338 0.9828
v  -1.3032 0.1642 0.9838
v  -1.5862 0.2545 0.9817
v  -1.3701 -0.2741 0.9839
v  -1.6672 -0.2757 0.9818
v  -1.2984 -0.7117 0.9850
v  -1.5805 -0.8051 0.9830
v  -1.0952 -1.1057 0.9869
v  -1.3345 -1.2817 0.9854
v  -0.7802 -1.4175 0.9895
v  -0.9535 -1.6590 0.9886
v  -0.3843 -1.6167 0.9926
v  -0.4746 -1.8999 0.9923
v  0.0536 -1.6837 0.9958
v  0.0553 -1.9810 0.9962
v  0.4909 -1.6120 0.9988
v  0.5842 -1.8942 0.9999
v  0.8846 -1.4086 1.0014
v  1.0605 -1.6481 1.0029
v  1.1962 -1.0933 1.0032
v  1.4374 -1.2668 1.0052
v  1.3952 -0.6972 1.0042
v  1.6782 -0.7875 1.0063
v  1.4621 -0.2588 1.0041
v  1.7592 -0.2573 1.0062
v  1.3904 0.1787 1.0031
v  1.6724 0.2721 1.0050
v  1.1871 0.5727 1.0011
v  1.4265 0.7488 1.0026
v  0.8722 0.8846 0.9985
v  1.0455 1.1260 0.9994
v  0.4763 1.0837 0.9954
v  0.5666 1.3670 0.9957
v  0.0383 1.1507 0.9922
v  0.0367 1.4480 0.9918
v  3.1257 2.5397 1.2194
v  3.1174 2.5433 4.1326
v  2.4670 3.1229 4.1561
v  2.4754 3.1193 1.2142
v  3.6413 1.8375 1.2239
v  3.6330 1.8410 4.1371
v  4.1901 -0.6796 1.2309
v  4.0137 -1.5330 1.2309
v  4.0053 -1.5294 4.1729
v  4.1818 -0.6760 4.1442
v  4.1854 0.1918 1.2298
v  4.1771 0.1954 4.1430
v  4.1374 0.4293 1.2280
v  3.9915 1.0468 4.1407
v  3.6638 -2.3310 1.2292
v  3.6555 -2.3274 4.1424
v  3.1558 -3.0388 1.2264
v  3.1475 -3.0352 4.1397
v  0.9334 -4.3389 1.2121
v  0.0679 -4.4347 1.2063
v  0.0595 -4.4311 4.1482
v  0.9251 -4.3354 4.1254
v  1.7601 -4.0652 1.2177
v  1.7518 -4.0616 4.1309
v  1.9709 -3.9461 1.2179
v  2.5036 -3.6218 4.1358
v  -0.7986 -4.3483 1.1998
v  -0.8068 -4.3447 4.1130
v  -1.6282 -4.0834 1.1935
v  -1.6364 -4.0799 4.1067
v  -1.8402 -3.9666 1.1907
v  -2.3929 -3.6482 4.1008
v  -3.5505 -2.3699 1.1777
v  -3.9090 -1.5757 1.1744
v  -3.9173 -1.5721 4.1163
v  -3.5588 -2.3663 4.0909
v  -3.0349 -3.0722 1.1822
v  -3.0431 -3.0686 4.0954
v  -2.8565 -3.2360 1.1825
v  -4.0946 -0.7243 1.1718
v  -4.1029 -0.7207 4.0850
v  -4.0993 0.1472 1.1707
v  -4.1076 0.1507 4.0839
v  -3.0650 2.5063 1.1751
v  -2.4210 3.0929 1.1793
v  -2.4294 3.0965 4.1212
v  -3.0733 2.5099 4.0884
v  -3.5730 1.7986 1.1724
v  -3.5813 1.8021 4.0856
v  -3.6736 1.5782 1.1708
v  -3.9312 1.0041 4.0841
v  -1.6693 3.5327 1.1839
v  -1.6776 3.5363 4.0971
v  -0.8426 3.8065 1.1894
v  -0.8509 3.8101 4.1027
v  1.7190 3.5510 1.2081
v  1.7107 3.5546 4.1213
v  0.8894 3.8158 1.2018
v  0.8811 3.8194 4.1150
v  0.6489 3.8435 1.1989
v  0.0146 3.9058 4.1087
v  -0.4450 0.4008 1.5384
v  -0.4510 0.4068 2.3890
v  -0.2196 0.5264 2.3905
v  -0.2152 0.5195 1.5399
v  -0.6269 0.2168 1.5374
v  -0.6343 0.2214 2.3879
v  -0.7430 -0.0144 1.5368
v  -0.7513 -0.0115 2.3874
v  -0.7821 -0.2703 1.5368
v  -0.7906 -0.2693 2.3874
v  -0.7403 -0.5257 1.5375
v  -0.7485 -0.5265 2.3881
v  -0.6216 -0.7556 1.5386
v  -0.6290 -0.7582 2.3892
v  -0.4378 -0.9376 1.5401
v  -0.4438 -0.9416 2.3907
v  -0.2067 -1.0539 1.5419
v  -0.2110 -1.0587 2.3926
v  0.0489 -1.0930 1.5438
v  0.0465 -1.0981 2.3944
v  0.3041 -1.0511 1.5456
v  0.3036 -1.0559 2.3962
v  0.5339 -0.9324 1.5470
v  0.5351 -0.9363 2.3978
v  0.7157 -0.7484 1.5481
v  0.7183 -0.7509 2.3988
v  0.8319 -0.5172 1.5487
v  0.8353 -0.5180 2.3994
v  0.8710 -0.2614 1.5486
v  0.8747 -0.2603 2.3993
v  0.8291 -0.0060 1.5480
v  0.8325 -0.0030 2.3987
v  0.7105 0.2240 1.5469
v  0.7130 0.2287 2.3976
v  0.5267 0.4060 1.5454
v  0.5278 0.4120 2.3960
v  0.2956 0.5223 1.5436
v  0.2950 0.5291 2.3942
v  0.0400 0.5614 1.5417
v  0.0375 0.5685 2.3923
v  -0.7965 0.8773 2.3860
v  -0.4029 1.0807 2.3886
v  -1.1082 0.5621 2.3841
v  -1.3072 0.1659 2.3832
v  -1.3741 -0.2724 2.3833
v  -1.3024 -0.7100 2.3843
v  -1.0992 -1.1040 2.3863
v  -0.7842 -1.4158 2.3889
v  -0.3883 -1.6150 2.3920
v  0.0497 -1.6820 2.3952
v  0.4869 -1.6103 2.3982
v  0.8806 -1.4068 2.4008
v  1.1922 -1.0916 2.4026
v  1.3912 -0.6955 2.4036
v  1.4581 -0.2571 2.4035
v  1.3864 0.1804 2.4025
v  1.1832 0.5744 2.4005
v  0.8682 0.8863 2.3979
v  0.4723 1.0855 2.3948
v  0.0343 1.1525 2.3916
v  -0.9732 1.1172 2.6647
v  -0.4970 1.3633 2.6678
v  -1.3502 0.7359 2.6625
v  -1.5910 0.2566 2.6613
v  -1.6719 -0.2737 2.6614
v  -1.5852 -0.8030 2.6627
v  -1.3393 -1.2797 2.6650
v  -0.9583 -1.6569 2.6682
v  -0.4794 -1.8979 2.6719
v  0.0505 -1.9789 2.6758
v  0.5794 -1.8922 2.6795
v  1.0557 -1.6461 2.6826
v  1.4326 -1.2647 2.6848
v  1.6734 -0.7854 2.6860
v  1.7544 -0.2552 2.6859
v  1.6677 0.2742 2.6846
v  1.4217 0.7508 2.6823
v  1.0407 1.1281 2.6791
v  0.5618 1.3690 2.6754
v  0.0319 1.4501 2.6715
v  -1.1080 1.3008 2.6635
v  -0.5685 1.5796 2.6670
v  -1.5351 0.8688 2.6610
v  -1.8078 0.3258 2.6597
v  -1.8996 -0.2749 2.6598
v  -1.8013 -0.8746 2.6612
v  -1.5227 -1.4145 2.6639
v  -1.0911 -1.8419 2.6675
v  -0.5485 -2.1149 2.6717
v  0.0517 -2.2067 2.6761
v  0.6509 -2.1084 2.6803
v  1.1905 -1.8296 2.6838
v  1.6175 -1.3976 2.6863
v  1.8903 -0.8547 2.6876
v  1.9820 -0.2540 2.6875
v  1.8838 0.3457 2.6861
v  1.6052 0.8857 2.6834
v  1.1735 1.3131 2.6798
v  0.6310 1.5861 2.6756
v  0.0307 1.6779 2.6712
v  -1.1097 1.3015 3.2341
v  -0.5701 1.5803 3.2377
v  -1.5367 0.8695 3.2316
v  -1.8094 0.3265 3.2303
v  -1.9012 -0.2742 3.2304
v  -1.8030 -0.8739 3.2319
v  -1.5244 -1.4139 3.2345
v  -1.0927 -1.8412 3.2381
v  -0.5502 -2.1142 3.2423
v  0.0501 -2.2060 3.2467
v  0.6493 -2.1077 3.2509
v  1.1889 -1.8289 3.2544
v  1.6159 -1.3969 3.2569
v  1.8886 -0.8540 3.2582
v  1.9804 -0.2533 3.2581
v  1.8821 0.3464 3.2567
v  1.6035 0.8864 3.2540
v  1.1719 1.3138 3.2504
v  0.6294 1.5868 3.2462
v  0.0291 1.6786 3.2418
v  3.1300 2.5378 -0.2967
v  2.4797 3.1175 -0.3021
v  3.6456 1.8356 -0.2922
v  3.7443 1.6182 1.2237
v  3.7463 1.6112 -0.2840
v  4.1944 -0.6815 -0.2852
v  4.0180 -1.5349 -0.2854
v  4.1897 0.1900 -0.2863
v  4.1368 0.4302 -0.2798
v  3.6681 -2.3329 -0.2869
v  3.1601 -3.0407 -0.2897
v  2.9792 -3.2045 1.2242
v  2.9780 -3.2059 -0.2836
v  0.9377 -4.3408 -0.3040
v  0.0722 -4.4365 -0.3100
v  1.7644 -4.0670 -0.2984
v  1.9764 -3.9425 -0.2899
v  -0.7942 -4.3501 -0.3163
v  -1.6238 -4.0853 -0.3226
v  -1.8372 -3.9630 -0.3171
v  -3.5462 -2.3718 -0.3384
v  -3.9047 -1.5776 -0.3420
v  -3.0305 -3.0740 -0.3339
v  -2.8467 -3.2373 -0.3252
v  -4.0903 -0.7261 -0.3443
v  -4.0950 0.1453 -0.3455
v  -4.0538 0.3851 1.1695
v  -4.0447 0.3861 -0.3382
v  -3.0607 2.5045 -0.3410
v  -2.4167 3.0911 -0.3371
v  -3.5687 1.7967 -0.3437
v  -3.6670 1.5712 -0.3370
v  -1.6650 3.5309 -0.3322
v  -0.8383 3.8046 -0.3267
v  -0.6024 3.8367 1.1899
v  -0.5940 3.8312 -0.3178
v  1.7233 3.5491 -0.3080
v  0.8937 3.8140 -0.3143
v  0.6490 3.8379 -0.3089
v  3.7319 1.5355 -0.2193
v  3.7295 1.5379 1.2541
v  3.6817 1.4681 -0.1414
v  3.6661 1.4661 1.3034
v  3.4850 1.3928 0.0097
v  4.0801 0.4826 -0.2155
v  4.0777 0.4850 1.2579
v  3.9994 0.5070 -0.1379
v  3.9839 0.5050 1.3069
v  3.7965 0.4506 0.0131
v  2.9014 -3.2156 -0.2194
v  2.8983 -3.2154 1.2540
v  2.8215 -3.1888 -0.1418
v  2.8103 -3.1773 1.3030
v  2.6887 -3.0251 0.0094
v  2.0084 -3.8723 -0.2249
v  2.0053 -3.8721 1.2564
v  2.0065 -3.7882 -0.1469
v  1.9952 -3.7767 1.3019
v  1.8897 -3.6128 0.0044
v  -1.8703 -3.8933 -0.2526
v  -1.8756 -3.8930 1.2208
v  -1.8697 -3.8091 -0.1746
v  -1.8668 -3.7976 1.2704
v  -1.7557 -3.6324 -0.0216
v  -2.7704 -3.2462 -0.2599
v  -2.7757 -3.2460 1.2135
v  -2.6913 -3.2185 -0.1812
v  -2.6883 -3.2070 1.2638
v  -2.5611 -3.0534 -0.0281
v  -3.9889 0.4391 -0.2731
v  -3.9949 0.4415 1.2003
v  -3.9090 0.4644 -0.1944
v  -3.9017 0.4625 1.2506
v  -3.7063 0.4102 -0.0405
v  -3.6521 1.4957 -0.2720
v  -3.6582 1.4981 1.2014
v  -3.6016 1.4288 -0.1934
v  -3.5943 1.4269 1.2516
v  -3.4050 1.3557 -0.0395
v  -0.5265 3.7943 -0.2525
v  -0.5307 3.7980 1.2209
v  -0.4780 3.7259 -0.1739
v  -0.4821 3.7156 1.2710
v  -0.4674 3.5160 -0.0212
v  0.5816 3.8003 -0.2446
v  0.5774 3.8040 1.2288
v  0.5334 3.7313 -0.1667
v  0.5294 3.7211 1.2782
v  0.5242 3.5213 -0.0141
v  4.6292 -0.7206 4.1956
v  4.4337 -1.6661 4.2099
v  4.6240 0.2449 4.1944
v  4.4183 1.1883 4.1918
v  3.4498 2.8463 4.1828
v  2.7293 3.4885 4.1913
v  4.0211 2.0682 4.1878
v  1.0209 -4.7750 4.1748
v  0.0619 -4.8811 4.1826
v  1.9368 -4.4717 4.1810
v  2.7697 -3.9844 4.1863
v  4.0461 -2.5503 4.1937
v  3.4832 -3.3345 4.1906
v  -3.9472 -2.5934 4.1366
v  -4.3444 -1.7134 4.1472
v  -3.3759 -3.3715 4.1417
v  -2.6554 -4.0137 4.1476
v  -0.8981 -4.7854 4.1611
v  -1.8173 -4.4920 4.1542
v  -3.4093 2.8093 4.1338
v  -2.6958 3.4593 4.1526
v  -3.9721 2.0251 4.1308
v  -4.3598 1.1410 4.1291
v  -4.5500 -0.7701 4.1301
v  -4.5553 0.1954 4.1288
v  1.8912 3.9668 4.1703
v  0.9721 4.2602 4.1634
v  0.0120 4.3560 4.1564
v  -1.8629 3.9465 4.1435
v  -0.9469 4.2499 4.1497
v  -0.4885 -1.8516 2.6755
v  -1.2926 -1.2735 2.6690
v  -1.6308 -0.2507 2.6654
v  -1.3299 0.6933 2.6663
v  1.3858 -1.2591 2.6882
v  0.5880 -1.8458 2.6871
v  1.4019 0.7080 2.6858
v  1.7129 -0.2327 2.6892
v  -0.4625 1.3312 2.6718
v  0.5276 1.3366 2.6788
v  -1.2955 -1.2850 1.2205
v  -0.4914 -1.8631 1.2270
v  0.5992 -1.8573 1.2348
v  1.3971 -1.2705 1.2398
v  1.7285 -0.2307 1.2408
v  1.4174 0.7100 1.2375
v  -1.3373 0.6952 1.2178
v  -1.6381 -0.2488 1.2168
v  0.5317 1.3468 1.2303
v  -0.4584 1.3415 1.2233
# 400 vertices

vn 0.0072 -0.0012 -1.0000
vn 0.0071 -0.0012 -1.0000
vn 0.0071 -0.0013 -1.0000
vn -0.7397 -0.6730 -0.0013
vn -0.7392 -0.6735 -0.0013
vn -0.5839 -0.8118 -0.0007
vn -0.5835 -0.8121 -0.0007
vn -0.8597 -0.5108 -0.0018
vn -0.8633 -0.5046 -0.0024
vn -0.9951 0.0991 -0.0029
vn -0.9528 0.3037 -0.0031
vn -0.9528 0.3036 -0.0031
vn -0.9950 0.1001 -0.0029
vn -0.9947 -0.1025 -0.0027
vn -0.9940 -0.1094 -0.0033
vn -0.9682 -0.2502 0.0067
vn -0.9495 -0.3139 -0.0005
vn -0.8688 0.4952 -0.0031
vn -0.8695 0.4940 -0.0031
vn -0.7517 0.6595 -0.0030
vn -0.7474 0.6644 -0.0035
vn -0.2131 0.9770 -0.0018
vn -0.1100 0.9939 -0.0015
vn -0.2125 0.9772 -0.0018
vn -0.4050 0.9143 -0.0023
vn -0.4118 0.9113 -0.0029
vn -0.5375 0.8432 0.0065
vn -0.5926 0.8055 -0.0009
vn 0.2031 0.9792 -0.0006
vn 0.2014 0.9795 -0.0006
vn 0.0993 0.9951 -0.0009
vn 0.0992 0.9951 -0.0009
vn 0.3956 0.9184 -0.0000
vn 0.4015 0.9159 -0.0006
vn 0.5285 0.8489 0.0096
vn 0.5835 0.8121 0.0025
vn 0.8635 0.5043 0.0018
vn 0.9495 0.3138 0.0023
vn 0.9494 0.3140 0.0023
vn 0.8640 0.5036 0.0018
vn 0.7448 0.6673 0.0013
vn 0.7399 0.6727 0.0007
vn 0.6364 0.7713 0.0100
vn 0.9940 0.1098 0.0027
vn 0.9938 0.1109 0.0027
vn 0.9958 -0.0917 0.0029
vn 0.9951 -0.0987 0.0024
vn 0.7471 -0.6647 0.0029
vn 0.5926 -0.8055 0.0027
vn 0.5922 -0.8058 0.0027
vn 0.7461 -0.6658 0.0029
vn 0.8653 -0.5013 0.0031
vn 0.8686 -0.4955 0.0025
vn 0.9305 -0.3662 0.0122
vn 0.9527 -0.3037 0.0049
vn 0.4121 -0.9111 0.0023
vn 0.4127 -0.9109 0.0023
vn 0.2208 -0.9753 0.0018
vn 0.2134 -0.9770 0.0012
vn -0.4018 -0.9157 -0.0000
vn -0.4033 -0.9151 -0.0000
vn -0.2097 -0.9778 0.0006
vn -0.2034 -0.9791 -0.0000
vn -0.0610 -0.9981 0.0102
vn 0.0051 -1.0000 0.0030
vn -0.5926 0.8054 -0.0099
vn -0.5921 0.8058 -0.0099
vn -0.3139 0.9494 -0.0092
vn -0.3147 0.9492 -0.0092
vn -0.8125 0.5829 -0.0102
vn -0.8122 0.5833 -0.0102
vn -0.9528 0.3036 -0.0103
vn -0.9527 0.3037 -0.0102
vn -0.9999 -0.0054 -0.0100
vn -0.9494 -0.3138 -0.0095
vn -0.9494 -0.3140 -0.0095
vn -0.8061 -0.5917 -0.0087
vn -0.8058 -0.5921 -0.0087
vn -0.5839 -0.8118 -0.0078
vn -0.5833 -0.8122 -0.0078
vn -0.3044 -0.9525 -0.0069
vn -0.3037 -0.9528 -0.0069
vn -0.1512 -0.9885 -0.0063
vn 0.3140 -0.9494 -0.0051
vn 0.3148 -0.9492 -0.0051
vn 0.1619 -0.9868 -0.0054
vn 0.5922 -0.8058 -0.0045
vn 0.5927 -0.8054 -0.0045
vn 0.8122 -0.5833 -0.0041
vn 0.8125 -0.5829 -0.0041
vn 0.9527 -0.3038 -0.0041
vn 0.9528 -0.3035 -0.0041
vn 1.0000 0.0054 -0.0043
vn 0.9494 0.3140 -0.0048
vn 0.9495 0.3138 -0.0048
vn 0.8059 0.5920 -0.0056
vn 0.8062 0.5916 -0.0056
vn 0.5834 0.8121 -0.0065
vn 0.5840 0.8117 -0.0065
vn 0.3037 0.9527 -0.0075
vn 0.3045 0.9525 -0.0075
vn -0.0058 0.9999 -0.0084
vn -0.0049 1.0000 -0.0084
vn 0.5921 -0.8058 0.0027
vn 0.5927 -0.8054 0.0027
vn 0.3147 -0.9492 0.0021
vn 0.3140 -0.9494 0.0021
vn 0.8122 -0.5833 0.0030
vn 0.8125 -0.5829 0.0030
vn 0.9527 -0.3038 0.0031
vn 0.9528 -0.3035 0.0031
vn 1.0000 0.0054 0.0028
vn 0.9494 0.3141 0.0023
vn 0.8059 0.5921 0.0016
vn 0.8062 0.5916 0.0016
vn 0.5834 0.8122 0.0007
vn 0.5840 0.8118 0.0007
vn 0.3037 0.9528 -0.0003
vn 0.3045 0.9525 -0.0003
vn 0.1512 0.9885 -0.0008
vn 0.1513 0.9885 -0.0008
vn -0.3147 0.9492 -0.0021
vn -0.3140 0.9494 -0.0021
vn -0.1619 0.9868 -0.0017
vn -0.5927 0.8054 -0.0027
vn -0.5921 0.8058 -0.0027
vn -0.8125 0.5829 -0.0030
vn -0.8122 0.5833 -0.0030
vn -0.9528 0.3035 -0.0031
vn -0.9527 0.3038 -0.0031
vn -1.0000 -0.0054 -0.0028
vn -0.9495 -0.3138 -0.0023
vn -0.9494 -0.3141 -0.0023
vn -0.8062 -0.5916 -0.0016
vn -0.8059 -0.5921 -0.0016
vn -0.5840 -0.8118 -0.0007
vn -0.5834 -0.8122 -0.0007
vn -0.3045 -0.9525 0.0003
vn -0.3037 -0.9528 0.0003
vn 0.0050 -1.0000 0.0012
vn 0.0058 -1.0000 0.0012
vn -0.8062 -0.5917 -0.0016
vn -0.1512 -0.9885 0.0008
vn 0.1619 -0.9868 0.0017
vn 0.9528 -0.3036 0.0031
vn 0.8062 0.5917 0.0016
vn -0.0058 1.0000 -0.0012
vn -0.0050 1.0000 -0.0012
vn 0.0072 -0.0013 -1.0000
vn -1.0000 -0.0054 -0.0029
vn 0.3139 -0.9494 0.0021
vn 0.3147 -0.9492 0.0020
vn -0.7396 -0.6730 -0.0013
vn -0.7399 -0.6727 -0.0013
vn -0.8630 -0.5052 -0.0006
vn -0.8597 -0.5109 -0.0018
vn -0.9954 -0.0963 -0.0019
vn -0.9782 -0.2077 -0.0004
vn -0.9951 0.0991 -0.0030
vn -0.9527 0.3037 -0.0031
vn -0.9940 -0.1090 -0.0015
vn -0.9948 -0.1022 -0.0027
vn -0.8567 -0.5158 -0.0010
vn -0.9090 -0.4168 0.0001
vn -0.8688 0.4951 -0.0031
vn -0.8689 0.4949 -0.0031
vn -0.7474 0.6643 -0.0017
vn -0.7522 0.6590 -0.0029
vn -0.4001 0.9165 -0.0015
vn -0.4995 0.8663 -0.0003
vn -0.0051 1.0000 -0.0012
vn -0.0057 1.0000 -0.0012
vn -0.2136 0.9769 -0.0018
vn -0.4109 0.9117 -0.0011
vn -0.4051 0.9143 -0.0023
vn -0.7606 0.6492 -0.0022
vn -0.6771 0.7359 -0.0007
vn 0.2025 0.9793 -0.0006
vn 0.4015 0.9158 0.0012
vn 0.3948 0.9188 -0.0000
vn 0.7485 0.6632 0.0021
vn 0.6699 0.7425 0.0031
vn 0.8634 0.5045 0.0018
vn 0.7405 0.6721 0.0025
vn 0.3890 0.9212 0.0008
vn 0.4914 0.8710 0.0025
vn 0.9939 0.1099 0.0027
vn 0.9952 -0.0982 0.0042
vn 0.9958 -0.0915 0.0029
vn 0.8619 -0.5070 0.0038
vn 0.9137 -0.4063 0.0052
vn 0.7469 -0.6650 0.0029
vn 0.8685 -0.4956 0.0043
vn 0.8650 -0.5018 0.0031
vn 0.9963 -0.0858 0.0037
vn 0.9804 -0.1969 0.0052
vn 0.4117 -0.9113 0.0023
vn 0.2144 -0.9767 0.0030
vn 0.2205 -0.9754 0.0018
vn -0.2167 -0.9762 0.0014
vn -0.1041 -0.9946 0.0031
vn -0.4023 -0.9155 -0.0000
vn -0.2033 -0.9791 0.0019
vn -0.2105 -0.9776 0.0006
vn 0.2258 -0.9742 0.0026
vn 0.1161 -0.9932 0.0037
vn -0.9538 0.3005 -0.0023
vn -0.8685 0.4957 -0.0053
vn -0.6969 0.7172 -0.0025
vn -0.7110 0.7032 -0.0067
vn -0.3591 0.9333 -0.0026
vn -0.5863 -0.8101 0.0001
vn -0.4016 -0.9158 -0.0022
vn -0.1313 -0.9913 0.0012
vn -0.1510 -0.9885 -0.0030
vn 0.2689 -0.9632 0.0016
vn -0.0084 1.0000 -0.0004
vn 0.2031 0.9791 -0.0028
vn 0.4672 0.8841 0.0006
vn 0.4496 0.8932 -0.0036
vn 0.7770 0.6295 0.0011
vn -0.9517 0.3069 -0.0023
vn -0.9958 0.0911 -0.0052
vn -0.9834 -0.1813 -0.0023
vn -0.9870 -0.1603 -0.0064
vn -0.8332 -0.5529 -0.0021
vn 0.9484 0.3171 0.0031
vn 0.9940 0.1091 0.0005
vn 0.9854 -0.1703 0.0033
vn 0.9885 -0.1512 -0.0008
vn 0.8392 -0.5439 0.0027
vn -0.0016 1.0000 -0.0004
vn -0.2148 0.9766 -0.0040
vn -0.4762 0.8794 -0.0021
vn -0.4595 0.8882 -0.0062
vn -0.7838 0.6210 -0.0034
vn 0.5954 -0.8034 0.0035
vn 0.4106 -0.9118 0.0001
vn 0.1428 -0.9897 0.0019
vn 0.1614 -0.9869 -0.0021
vn -0.2585 -0.9660 0.0001
vn 0.9505 0.3106 0.0031
vn 0.8629 0.5054 -0.0004
vn 0.6897 0.7241 0.0014
vn 0.7032 0.7110 -0.0026
vn 0.3490 0.9371 -0.0006
vn -0.5808 -0.8141 0.0002
vn -0.7406 -0.6719 -0.0035
vn -0.8975 -0.4411 -0.0017
vn -0.8888 -0.4582 -0.0057
vn -0.9986 -0.0528 -0.0032
vn 0.5898 -0.8076 0.0035
vn 0.7473 -0.6645 0.0007
vn 0.9023 -0.4310 0.0034
vn 0.8937 -0.4487 -0.0007
vn 0.9991 -0.0420 0.0025
vn -0.1064 0.0244 0.9940
vn -0.1115 0.0282 0.9934
vn -0.0884 0.0271 0.9957
vn -0.0784 0.0240 0.9966
vn -0.1130 -0.0105 0.9935
vn -0.1083 -0.0322 0.9936
vn -0.0730 -0.0766 0.9944
vn -0.0508 -0.0595 0.9969
vn -0.0569 -0.0680 0.9961
vn -0.0748 -0.0827 0.9938
vn -0.0991 -0.0525 0.9937
vn -0.0158 0.1028 0.9946
vn -0.0136 0.1088 0.9940
vn -0.0076 0.0865 0.9962
vn -0.0075 0.0760 0.9971
vn -0.0510 0.0983 0.9939
vn -0.0702 0.0870 0.9937
vn -0.1015 0.0398 0.9940
vn -0.1078 0.0396 0.9934
vn -0.0867 0.0720 0.9936
vn 0.0870 0.0409 0.9954
vn 0.0933 0.0407 0.9948
vn 0.0739 0.0280 0.9969
vn 0.0640 0.0247 0.9976
vn 0.0718 0.0730 0.9947
vn 0.0551 0.0878 0.9946
vn 0.0004 0.1029 0.9947
vn -0.0017 0.1089 0.9941
vn 0.0357 0.0988 0.9945
vn 0.0597 -0.0760 0.9953
vn 0.0615 -0.0820 0.9947
vn 0.0434 -0.0675 0.9968
vn 0.0372 -0.0590 0.9976
vn 0.0855 -0.0515 0.9950
vn 0.0945 -0.0312 0.9950
vn 0.0921 0.0255 0.9954
vn 0.0971 0.0294 0.9948
vn 0.0990 -0.0093 0.9950
vn -0.0598 -0.0860 0.9945
vn -0.0651 -0.0896 0.9938
vn -0.0287 -0.1031 0.9943
vn -0.0065 -0.1053 0.9944
vn 0.0466 -0.0855 0.9952
vn 0.0519 -0.0890 0.9947
vn 0.0156 -0.1028 0.9946
vn 0.4799 0.1618 0.8623
vn 0.4798 0.1618 0.8623
vn 0.5503 0.1849 0.8143
vn 0.5504 0.1849 0.8142
vn 0.3797 -0.5149 0.7685
vn 0.3427 -0.4697 0.8136
vn 0.2995 -0.4063 0.8633
vn 0.2896 -0.3954 0.8717
vn -0.3009 -0.4089 0.8615
vn -0.3040 -0.4133 0.8583
vn -0.4871 0.1543 0.8596
vn -0.4921 0.1560 0.8564
vn -0.4922 0.1560 0.8564
vn -0.0089 0.5854 0.8107
vn -0.0089 0.5852 0.8108
vn -0.0089 0.6143 0.7891
vn -0.0089 0.6143 0.7890
vn 0.9708 -0.2397 0.0122
vn -0.5616 0.1781 0.8080
vn -0.5891 0.1869 0.7862
vn -0.5890 0.1869 0.7862
vn 0.2964 -0.4046 0.8651
vn 0.4133 -0.5600 0.7180
vn 0.3582 -0.4938 0.7923
vn -0.6446 0.7645 0.0064
vn 0.4748 0.1601 0.8654
vn 0.5780 0.1940 0.7926
vn 0.5782 0.1940 0.7925
vn -0.9265 -0.3763 0.0069
vn -0.0089 0.5064 0.8622
vn -0.0089 0.5118 0.8591
vn -0.0089 0.5119 0.8590
vn 0.0719 -0.9974 0.0105
vn 0.2952 0.4010 -0.8672
vn 0.8142 -0.5806 0.0008
vn 0.8172 -0.5764 -0.0034
vn 0.8158 -0.5784 -0.0014
vn 0.8126 -0.5828 0.0030
vn -0.8106 0.5856 -0.0052
vn -0.8122 0.5834 -0.0030
vn -0.8090 0.5878 -0.0075
vn -0.8075 0.5898 -0.0094
vn -0.2878 0.3987 -0.8708
vn 0.8042 0.5943 -0.0007
vn 0.8012 0.5984 -0.0049
vn 0.8026 0.5965 -0.0029
vn 0.8058 0.5921 0.0016
vn -0.8079 -0.5894 -0.0038
vn -0.8063 -0.5916 -0.0016
vn -0.8094 -0.5872 -0.0060
vn -0.8108 -0.5852 -0.0080
vn -0.4654 -0.1570 -0.8711
vn -0.3173 0.9483 -0.0043
vn -0.3221 0.9467 -0.0085
vn -0.3198 0.9475 -0.0065
vn 0.3114 -0.9503 -0.0002
vn 0.3088 -0.9511 -0.0024
vn 0.3065 -0.9518 -0.0044
vn 0.4778 -0.1514 -0.8653
vn -0.3011 -0.9536 -0.0019
vn -0.2962 -0.9551 -0.0061
vn -0.2985 -0.9544 -0.0041
vn -0.3038 -0.9527 0.0003
vn 0.3071 0.9517 -0.0025
vn 0.3097 0.9508 -0.0047
vn 0.3120 0.9501 -0.0067
vn 0.0089 -0.4967 -0.8679
vn -1.0000 -0.0085 -0.0051
vn -0.9999 -0.0136 -0.0092
vn -0.9999 -0.0112 -0.0073
vn -1.0000 -0.0058 -0.0028
vn 1.0000 0.0023 0.0006
vn 1.0000 0.0050 0.0028
vn 1.0000 -0.0004 -0.0016
vn 1.0000 -0.0028 -0.0036
vn -0.3465 -0.4730 0.8101
vn -0.3465 -0.4730 0.8100
vn -0.3633 -0.4965 0.7883
vn -0.3633 -0.4966 0.7883
# 380 vertex normals

vt 0.0472 0.2388 0.0000
vt 0.0471 0.2389 0.0000
vt 0.0472 0.2390 0.0000
vt 0.0471 0.2387 0.0000
vt 0.0470 0.2388 0.0000
vt 0.0471 0.2386 0.0000
vt 0.0470 0.2387 0.0000
vt 0.0471 0.2385 0.0000
vt 0.0470 0.2385 0.0000
vt 0.0471 0.2384 0.0000
vt 0.0470 0.2383 0.0000
vt 0.0471 0.2383 0.0000
vt 0.0470 0.2381 0.0000
vt 0.0472 0.2382 0.0000
vt 0.0471 0.2380 0.0000
vt 0.0472 0.2379 0.0000
vt 0.0473 0.2381 0.0000
vt 0.0473 0.2379 0.0000
vt 0.0473 0.2382 0.0000
vt 0.0474 0.2379 0.0000
vt 0.0474 0.2382 0.0000
vt 0.0475 0.2380 0.0000
vt 0.0474 0.2383 0.0000
vt 0.0475 0.2381 0.0000
vt 0.0475 0.2384 0.0000
vt 0.0476 0.2383 0.0000
vt 0.0475 0.2385 0.0000
vt 0.0476 0.2385 0.0000
vt 0.0475 0.2386 0.0000
vt 0.0476 0.2387 0.0000
vt 0.0474 0.2387 0.0000
vt 0.0475 0.2388 0.0000
vt 0.0474 0.2388 0.0000
vt 0.0475 0.2389 0.0000
vt 0.0473 0.2388 0.0000
vt 0.0474 0.2390 0.0000
vt 0.0473 0.2391 0.0000
vt 0.0471 0.2390 0.0000
vt 0.0471 0.2391 0.0000
vt 0.0472 0.2392 0.0000
vt 0.0472 0.2391 0.0000
vt 0.0470 0.2389 0.0000
vt 0.0469 0.2387 0.0000
vt 0.0469 0.2385 0.0000
vt 0.0469 0.2383 0.0000
vt 0.0471 0.2379 0.0000
vt 0.0472 0.2378 0.0000
vt 0.0473 0.2378 0.0000
vt 0.0474 0.2378 0.0000
vt 0.0475 0.2379 0.0000
vt 0.0476 0.2381 0.0000
vt 0.0477 0.2385 0.0000
vt 0.0476 0.2389 0.0000
vt 0.0475 0.2390 0.0000
vt 0.0475 0.2391 0.0000
vt 0.0474 0.2391 0.0000
vt 0.0474 0.2392 0.0000
vt 0.0473 0.2392 0.0000
vt 0.0460 0.2792 0.0000
vt 0.0460 0.2825 0.0000
vt 0.0461 0.2792 0.0000
vt 0.0461 0.2825 0.0000
vt 0.0463 0.2792 0.0000
vt 0.0464 0.2792 0.0000
vt 0.0464 0.2825 0.0000
vt 0.0463 0.2825 0.0000
vt 0.0462 0.2792 0.0000
vt 0.0462 0.2825 0.0000
vt 0.0465 0.2792 0.0000
vt 0.0465 0.2825 0.0000
vt 0.0468 0.2792 0.0000
vt 0.0468 0.2825 0.0000
vt 0.0467 0.2792 0.0000
vt 0.0467 0.2825 0.0000
vt 0.0466 0.2825 0.0000
vt 0.0447 0.2792 0.0000
vt 0.0447 0.2825 0.0000
vt 0.0448 0.2792 0.0000
vt 0.0448 0.2825 0.0000
vt 0.0449 0.2825 0.0000
vt 0.0450 0.2792 0.0000
vt 0.0451 0.2792 0.0000
vt 0.0451 0.2825 0.0000
vt 0.0450 0.2825 0.0000
vt 0.0449 0.2792 0.0000
vt 0.0452 0.2792 0.0000
vt 0.0452 0.2825 0.0000
vt 0.0455 0.2792 0.0000
vt 0.0455 0.2825 0.0000
vt 0.0454 0.2792 0.0000
vt 0.0454 0.2825 0.0000
vt 0.0453 0.2825 0.0000
vt 0.0456 0.2792 0.0000
vt 0.0456 0.2825 0.0000
vt 0.0457 0.2792 0.0000
vt 0.0457 0.2825 0.0000
vt 0.0459 0.2792 0.0000
vt 0.0459 0.2825 0.0000
vt 0.0458 0.2792 0.0000
vt 0.0458 0.2825 0.0000
vt 0.0474 0.2385 0.0000
vt 0.0475 0.2382 0.0000
vt 0.0476 0.2382 0.0000
vt 0.0477 0.2382 0.0000
vt 0.0478 0.2385 0.0000
vt 0.0478 0.2382 0.0000
vt 0.0479 0.2385 0.0000
vt 0.0479 0.2382 0.0000
vt 0.0480 0.2385 0.0000
vt 0.0480 0.2382 0.0000
vt 0.0481 0.2385 0.0000
vt 0.0481 0.2382 0.0000
vt 0.0466 0.2385 0.0000
vt 0.0466 0.2382 0.0000
vt 0.0465 0.2382 0.0000
vt 0.0465 0.2385 0.0000
vt 0.0467 0.2385 0.0000
vt 0.0467 0.2382 0.0000
vt 0.0468 0.2385 0.0000
vt 0.0468 0.2382 0.0000
vt 0.0469 0.2382 0.0000
vt 0.0470 0.2382 0.0000
vt 0.0471 0.2382 0.0000
vt 0.0472 0.2385 0.0000
vt 0.0473 0.2385 0.0000
vt 0.0471 0.2375 0.0000
vt 0.0471 0.2381 0.0000
vt 0.0472 0.2381 0.0000
vt 0.0472 0.2375 0.0000
vt 0.0470 0.2375 0.0000
vt 0.0469 0.2375 0.0000
vt 0.0469 0.2381 0.0000
vt 0.0468 0.2375 0.0000
vt 0.0468 0.2381 0.0000
vt 0.0467 0.2375 0.0000
vt 0.0467 0.2381 0.0000
vt 0.0466 0.2375 0.0000
vt 0.0466 0.2381 0.0000
vt 0.0465 0.2375 0.0000
vt 0.0465 0.2381 0.0000
vt 0.0480 0.2375 0.0000
vt 0.0480 0.2381 0.0000
vt 0.0481 0.2381 0.0000
vt 0.0481 0.2375 0.0000
vt 0.0479 0.2375 0.0000
vt 0.0479 0.2381 0.0000
vt 0.0478 0.2375 0.0000
vt 0.0478 0.2381 0.0000
vt 0.0477 0.2375 0.0000
vt 0.0477 0.2381 0.0000
vt 0.0476 0.2375 0.0000
vt 0.0475 0.2375 0.0000
vt 0.0474 0.2375 0.0000
vt 0.0474 0.2381 0.0000
vt 0.0473 0.2375 0.0000
vt 0.0475 0.2392 0.0000
vt 0.0476 0.2392 0.0000
vt 0.0476 0.2390 0.0000
vt 0.0477 0.2392 0.0000
vt 0.0477 0.2390 0.0000
vt 0.0478 0.2392 0.0000
vt 0.0478 0.2390 0.0000
vt 0.0479 0.2392 0.0000
vt 0.0479 0.2390 0.0000
vt 0.0480 0.2392 0.0000
vt 0.0480 0.2390 0.0000
vt 0.0481 0.2392 0.0000
vt 0.0481 0.2390 0.0000
vt 0.0466 0.2392 0.0000
vt 0.0466 0.2390 0.0000
vt 0.0465 0.2390 0.0000
vt 0.0465 0.2392 0.0000
vt 0.0467 0.2392 0.0000
vt 0.0467 0.2390 0.0000
vt 0.0468 0.2392 0.0000
vt 0.0468 0.2390 0.0000
vt 0.0469 0.2392 0.0000
vt 0.0469 0.2390 0.0000
vt 0.0470 0.2392 0.0000
vt 0.0470 0.2390 0.0000
vt 0.0471 0.2392 0.0000
vt 0.0473 0.2390 0.0000
vt 0.0474 0.2389 0.0000
vt 0.0477 0.2389 0.0000
vt 0.0478 0.2389 0.0000
vt 0.0479 0.2389 0.0000
vt 0.0480 0.2389 0.0000
vt 0.0481 0.2389 0.0000
vt 0.0466 0.2389 0.0000
vt 0.0465 0.2389 0.0000
vt 0.0467 0.2389 0.0000
vt 0.0468 0.2389 0.0000
vt 0.0469 0.2389 0.0000
vt 0.0472 0.2389 0.0000
vt 0.0473 0.2389 0.0000
vt 0.0474 0.2386 0.0000
vt 0.0476 0.2386 0.0000
vt 0.0477 0.2386 0.0000
vt 0.0478 0.2386 0.0000
vt 0.0479 0.2386 0.0000
vt 0.0480 0.2386 0.0000
vt 0.0481 0.2386 0.0000
vt 0.0466 0.2386 0.0000
vt 0.0465 0.2386 0.0000
vt 0.0467 0.2386 0.0000
vt 0.0468 0.2386 0.0000
vt 0.0469 0.2386 0.0000
vt 0.0470 0.2386 0.0000
vt 0.0472 0.2386 0.0000
vt 0.0473 0.2386 0.0000
vt 0.0476 0.2388 0.0000
vt 0.0470 0.2393 0.0000
vt 0.0472 0.2393 0.0000
vt 0.0470 0.2391 0.0000
vt 0.0469 0.2393 0.0000
vt 0.0469 0.2391 0.0000
vt 0.0468 0.2391 0.0000
vt 0.0468 0.2393 0.0000
vt 0.0473 0.2393 0.0000
vt 0.0475 0.2393 0.0000
vt 0.0476 0.2391 0.0000
vt 0.0472 0.2383 0.0000
vt 0.0468 0.2383 0.0000
vt 0.0473 0.2383 0.0000
vt 0.0475 0.2383 0.0000
vt 0.0470 0.2379 0.0000
vt 0.0469 0.2379 0.0000
vt 0.0468 0.2379 0.0000
vt 0.0476 0.2379 0.0000
vt 0.0469 0.2388 0.0000
vt 0.0468 0.2388 0.0000
vt 0.0467 0.2391 0.0000
vt 0.0467 0.2393 0.0000
vt 0.0476 0.2393 0.0000
vt 0.0467 0.2383 0.0000
vt 0.0467 0.2379 0.0000
vt 0.0467 0.2388 0.0000
vt 0.0468 0.2384 0.0000
vt 0.0469 0.2384 0.0000
vt 0.0468 0.2387 0.0000
vt 0.0472 0.2376 0.0000
vt 0.0473 0.2376 0.0000
vt 0.0471 0.2376 0.0000
vt 0.0471 0.2377 0.0000
vt 0.0470 0.2377 0.0000
vt 0.0470 0.2378 0.0000
vt 0.0469 0.2380 0.0000
vt 0.0469 0.2378 0.0000
vt 0.0477 0.2380 0.0000
vt 0.0477 0.2378 0.0000
vt 0.0476 0.2377 0.0000
vt 0.0476 0.2378 0.0000
vt 0.0474 0.2376 0.0000
vt 0.0475 0.2376 0.0000
vt 0.0475 0.2377 0.0000
vt 0.0477 0.2391 0.0000
vt 0.0478 0.2387 0.0000
vt 0.0477 0.2387 0.0000
vt 0.0478 0.2384 0.0000
vt 0.0471 0.2393 0.0000
vt 0.0472 0.2394 0.0000
vt 0.0473 0.2394 0.0000
vt 0.0474 0.2394 0.0000
vt 0.0474 0.2393 0.0000
vt 0.0471 0.2378 0.0000
vt 0.0475 0.2378 0.0000
vt 0.0453 0.2792 0.0000
vt 0.0477 0.2388 0.0000
vt 0.0466 0.2792 0.0000
vt 0.0468 0.2369 0.0000
vt 0.0467 0.2372 0.0000
vt 0.0470 0.2380 0.0000
vt 0.0472 0.2377 0.0000
vt 0.0470 0.2369 0.0000
vt 0.0479 0.2372 0.0000
vt 0.0477 0.2369 0.0000
vt 0.0474 0.2377 0.0000
vt 0.0476 0.2380 0.0000
vt 0.0480 0.2374 0.0000
vt 0.0476 0.2369 0.0000
vt 0.0482 0.2388 0.0000
vt 0.0480 0.2394 0.0000
vt 0.0482 0.2385 0.0000
vt 0.0464 0.2388 0.0000
vt 0.0464 0.2392 0.0000
vt 0.0464 0.2385 0.0000
vt 0.0466 0.2395 0.0000
vt 0.0472 0.2403 0.0000
vt 0.0474 0.2403 0.0000
vt 0.0470 0.2401 0.0000
vt 0.0475 0.2401 0.0000
# 291 texture coords

o DrawCall_0320
g DrawCall_0320
usemtl 24fe1dbe_dds
s 1
f 613/410/562 614/411/562 615/412/562 
f 613/410/562 615/412/562 616/410/562 
f 617/413/563 618/414/563 614/411/562 
f 617/413/563 614/411/562 613/410/562 
f 619/415/563 620/416/563 618/414/563 
f 619/415/563 618/414/563 617/413/563 
f 621/417/563 622/418/562 620/416/563 
f 621/417/563 620/416/563 619/415/563 
f 623/419/563 624/420/563 622/418/562 
f 623/419/563 622/418/562 621/417/563 
f 625/421/562 626/422/562 624/420/563 
f 625/421/562 624/420/563 623/419/563 
f 627/423/562 628/424/562 626/422/562 
f 627/423/562 626/422/562 625/421/562 
f 629/423/562 630/425/562 628/424/562 
f 629/423/562 628/424/562 627/423/562 
f 631/426/562 632/427/563 630/425/562 
f 631/426/562 630/425/562 629/423/562 
f 633/428/563 634/429/563 632/427/563 
f 633/428/563 632/427/563 631/426/562 
f 635/430/563 636/431/563 634/429/563 
f 635/430/563 634/429/563 633/428/563 
f 637/432/563 638/433/562 636/431/563 
f 637/432/563 636/431/563 635/430/563 
f 639/434/563 640/435/563 638/433/562 
f 639/434/563 638/433/562 637/432/563 
f 641/436/564 642/437/563 640/435/563 
f 641/436/564 640/435/563 639/434/563 
f 643/438/563 644/439/562 642/437/563 
f 643/438/563 642/437/563 641/436/564 
f 645/440/563 646/441/563 644/439/562 
f 645/440/563 644/439/562 643/438/563 
f 647/442/563 648/443/562 646/441/563 
f 647/442/563 646/441/563 645/440/563 
f 649/444/563 650/445/563 648/443/562 
f 649/444/563 648/443/562 647/442/563 
f 651/444/563 652/446/563 650/445/563 
f 651/444/563 650/445/563 649/444/563 
f 616/410/562 615/412/562 652/446/563 
f 616/410/562 652/446/563 651/444/563 
f 653/447/562 654/448/562 655/449/562 
f 653/447/562 655/449/562 656/450/562 
f 657/414/563 658/451/563 654/448/562 
f 657/414/563 654/448/562 653/447/562 
f 659/416/562 660/452/562 658/451/563 
f 659/416/562 658/451/563 657/414/563 
f 661/418/562 662/453/562 660/452/562 
f 661/418/562 660/452/562 659/416/562 
f 663/420/562 664/454/562 662/453/562 
f 663/420/562 662/453/562 661/418/562 
f 665/422/562 666/422/562 664/454/562 
f 665/422/562 664/454/562 663/420/562 
f 667/424/563 668/455/563 666/422/562 
f 667/424/563 666/422/562 665/422/562 
f 669/425/563 670/456/563 668/455/563 
f 669/425/563 668/455/563 667/424/563 
f 671/427/563 672/457/564 670/456/563 
f 671/427/563 670/456/563 669/425/563 
f 673/429/562 674/458/563 672/457/564 
f 673/429/562 672/457/564 671/427/563 
f 675/431/563 676/459/563 674/458/563 
f 675/431/563 674/458/563 673/429/562 
f 677/433/562 678/460/562 676/459/563 
f 677/433/562 676/459/563 675/431/563 
f 679/435/563 680/435/563 678/460/562 
f 679/435/563 678/460/562 677/433/562 
f 681/437/563 682/461/563 680/435/563 
f 681/437/563 680/435/563 679/435/563 
f 683/439/564 684/439/564 682/461/563 
f 683/439/564 682/461/563 681/437/563 
f 685/441/564 686/462/563 684/439/564 
f 685/441/564 684/439/564 683/439/564 
f 687/463/562 688/464/562 686/462/563 
f 687/463/562 686/462/563 685/441/564 
f 689/465/563 690/466/563 688/464/562 
f 689/465/563 688/464/562 687/463/562 
f 691/446/563 692/467/564 690/466/563 
f 691/446/563 690/466/563 689/465/563 
f 656/450/562 655/449/562 692/467/564 
f 656/450/562 692/467/564 691/446/563 
f 693/468/565 694/469/566 695/469/567 
f 693/468/565 695/469/567 696/468/568 
f 697/470/569 698/471/570 694/469/566 
f 697/470/569 694/469/566 693/468/565 
f 699/472/571 700/473/572 701/474/573 
f 699/472/571 701/474/573 702/475/574 
f 703/472/575 699/472/571 702/475/574 
f 703/472/575 702/475/574 704/475/576 
f 705/476/577 703/472/575 704/475/576 
f 705/476/577 704/475/576 706/477/578 
f 707/478/579 708/479/580 701/474/573 
f 707/478/579 701/474/573 700/473/572 
f 709/478/581 710/479/582 708/479/580 
f 709/478/581 708/479/580 707/478/579 
f 711/480/583 712/480/584 713/481/584 
f 711/480/583 713/481/584 714/481/585 
f 715/482/586 711/480/583 714/481/585 
f 715/482/586 714/481/585 716/483/587 
f 717/482/588 715/482/586 716/483/587 
f 717/482/588 716/483/587 718/484/589 
f 719/485/590 720/486/591 713/486/592 
f 719/485/590 713/486/592 712/485/593 
f 721/487/594 722/488/595 720/486/591 
f 721/487/594 720/486/591 719/485/590 
f 723/487/596 724/489/597 722/488/595 
f 723/487/596 722/488/595 721/487/594 
f 725/490/598 726/491/599 727/492/600 
f 725/490/598 727/492/600 728/493/601 
f 729/494/602 725/490/598 728/493/601 
f 729/494/602 728/493/601 730/489/603 
f 731/494/604 729/494/602 730/489/603 
f 731/494/604 730/489/603 724/489/597 
f 732/495/605 733/496/606 727/492/600 
f 732/495/605 727/492/600 726/491/599 
f 734/495/607 735/496/608 733/496/606 
f 734/495/607 733/496/606 732/495/605 
f 736/497/609 737/497/610 738/498/611 
f 736/497/609 738/498/611 739/498/612 
f 740/499/613 736/497/609 739/498/612 
f 740/499/613 739/498/612 741/500/614 
f 742/499/615 740/499/613 741/500/614 
f 742/499/615 741/500/614 743/501/616 
f 744/502/617 745/503/618 738/498/611 
f 744/502/617 738/498/611 737/497/610 
f 746/504/619 747/505/620 745/503/618 
f 746/504/619 745/503/618 744/502/617 
f 748/506/621 696/468/568 695/469/567 
f 748/506/621 695/469/567 749/507/622 
f 750/508/623 748/506/621 749/507/622 
f 750/508/623 749/507/622 751/509/624 
f 752/508/625 750/508/623 751/509/624 
f 752/508/625 751/509/624 753/505/626 
f 754/510/627 755/430/628 756/430/629 
f 754/510/627 756/430/629 757/510/630 
f 758/436/631 759/511/632 755/430/628 
f 758/436/631 755/430/628 754/510/627 
f 760/437/633 761/512/634 759/511/632 
f 760/437/633 759/511/632 758/436/631 
f 762/461/635 763/513/635 761/512/634 
f 762/461/635 761/512/634 760/437/633 
f 764/514/636 765/515/637 763/513/635 
f 764/514/636 763/513/635 762/461/635 
f 766/516/638 767/517/639 765/515/637 
f 766/516/638 765/515/637 764/514/636 
f 768/516/640 769/517/641 767/517/639 
f 768/516/640 767/517/639 766/516/638 
f 770/518/642 771/519/643 769/517/641 
f 770/518/642 769/517/641 768/516/640 
f 772/520/644 773/521/644 771/519/643 
f 772/520/644 771/519/643 770/518/642 
f 774/522/645 775/523/646 773/524/647 
f 774/522/645 773/524/647 772/525/647 
f 776/522/648 777/523/649 775/523/646 
f 776/522/648 775/523/646 774/522/645 
f 778/526/650 779/527/651 777/523/649 
f 778/526/650 777/523/649 776/522/648 
f 780/528/652 781/529/653 779/527/651 
f 780/528/652 779/527/651 778/526/650 
f 782/453/654 783/530/654 781/529/653 
f 782/453/654 781/529/653 780/528/652 
f 784/418/655 785/531/656 783/530/654 
f 784/418/655 783/530/654 782/453/654 
f 786/418/657 787/531/658 785/531/656 
f 786/418/657 785/531/656 784/418/655 
f 788/417/659 789/532/660 787/531/658 
f 788/417/659 787/531/658 786/418/657 
f 790/533/661 791/423/662 789/532/660 
f 790/533/661 789/532/660 788/417/659 
f 792/534/663 793/428/664 791/423/662 
f 792/534/663 791/423/662 790/533/661 
f 757/510/630 756/430/629 793/428/664 
f 757/510/630 793/428/664 792/534/663 
f 794/535/665 653/536/666 656/537/667 
f 794/535/665 656/537/667 795/538/668 
f 796/539/669 657/422/670 653/536/666 
f 796/539/669 653/536/666 794/535/665 
f 797/539/671 659/422/672 657/422/670 
f 797/539/671 657/422/670 796/539/669 
f 798/540/673 661/541/673 659/422/672 
f 798/540/673 659/422/672 797/539/671 
f 799/542/674 663/543/599 661/541/673 
f 799/542/674 661/541/673 798/540/673 
f 800/544/675 665/545/676 663/543/599 
f 800/544/675 663/543/599 799/542/674 
f 801/546/677 667/547/678 665/545/676 
f 801/546/677 665/545/676 800/544/675 
f 802/546/679 669/547/680 667/547/678 
f 802/546/679 667/547/678 801/546/677 
f 803/548/681 671/549/682 669/547/680 
f 803/548/681 669/547/680 802/546/679 
f 804/550/683 673/551/684 671/552/685 
f 804/550/683 671/552/685 803/553/685 
f 805/554/686 675/555/687 673/551/684 
f 805/554/686 673/551/684 804/550/683 
f 806/554/688 677/555/689 675/555/687 
f 806/554/688 675/555/687 805/554/686 
f 807/556/690 679/557/691 677/555/689 
f 807/556/690 677/555/689 806/554/688 
f 808/558/692 681/559/692 679/557/691 
f 808/558/692 679/557/691 807/556/690 
f 809/560/693 683/460/694 681/559/692 
f 809/560/693 681/559/692 808/558/692 
f 810/561/695 685/433/696 683/460/694 
f 810/561/695 683/460/694 809/560/693 
f 811/562/697 687/563/698 685/433/696 
f 811/562/697 685/433/696 810/561/695 
f 812/562/699 689/563/700 687/563/698 
f 812/562/699 687/563/698 811/562/697 
f 813/564/701 691/426/702 689/563/700 
f 813/564/701 689/563/700 812/562/699 
f 795/538/668 656/537/667 691/426/702 
f 795/538/668 691/426/702 813/564/701 
f 654/466/686 814/445/687 815/445/684 
f 654/466/686 815/445/684 655/466/683 
f 658/565/688 816/463/689 814/445/687 
f 658/565/688 814/445/687 654/466/686 
f 660/566/690 817/567/691 816/463/689 
f 660/566/690 816/463/689 658/565/688 
f 662/568/692 818/569/692 817/567/691 
f 662/568/692 817/567/691 660/566/690 
f 664/570/693 819/571/694 818/569/692 
f 664/570/693 818/569/692 662/568/692 
f 666/570/703 820/571/696 819/571/694 
f 666/570/703 819/571/694 664/570/693 
f 668/572/697 821/573/698 820/571/696 
f 668/572/697 820/571/696 666/570/703 
f 670/574/699 822/575/700 821/573/698 
f 670/574/699 821/573/698 668/572/697 
f 672/576/704 823/577/704 822/575/700 
f 672/576/704 822/575/700 670/574/699 
f 674/578/668 824/579/667 823/580/705 
f 674/578/668 823/580/705 672/581/705 
f 676/578/665 825/579/666 824/579/667 
f 676/578/665 824/579/667 674/578/668 
f 678/582/669 826/583/670 825/579/666 
f 678/582/669 825/579/666 676/578/665 
f 680/584/671 827/585/706 826/583/670 
f 680/584/671 826/583/670 678/582/669 
f 682/586/673 828/587/673 827/585/706 
f 682/586/673 827/585/706 680/584/671 
f 684/588/674 829/589/599 828/587/673 
f 684/588/674 828/587/673 682/586/673 
f 686/588/675 830/589/707 829/589/599 
f 686/588/675 829/589/599 684/588/674 
f 688/590/677 831/447/678 830/589/707 
f 688/590/677 830/589/707 686/588/675 
f 690/449/679 832/412/680 831/447/678 
f 690/449/679 831/447/678 688/590/677 
f 692/467/708 833/591/709 832/412/680 
f 692/467/708 832/412/680 690/449/679 
f 655/466/683 815/445/684 833/591/709 
f 655/466/683 833/591/709 692/467/708 
f 814/445/563 834/592/563 835/592/710 
f 814/445/563 835/592/710 815/445/710 
f 816/463/563 836/443/563 834/592/563 
f 816/463/563 834/592/563 814/445/563 
f 817/567/563 837/462/563 836/443/563 
f 817/567/563 836/443/563 816/463/563 
f 818/569/562 838/593/562 837/462/563 
f 818/569/562 837/462/563 817/567/563 
f 819/571/562 839/594/562 838/593/562 
f 819/571/562 838/593/562 818/569/562 
f 820/571/563 840/594/563 839/594/562 
f 820/571/563 839/594/562 819/571/562 
f 821/573/564 841/595/564 840/594/563 
f 821/573/564 840/594/563 820/571/563 
f 822/575/563 842/596/563 841/595/564 
f 822/575/563 841/595/564 821/573/564 
f 823/577/710 843/597/710 842/596/563 
f 823/577/710 842/596/563 822/575/563 
f 824/579/710 844/598/710 843/599/710 
f 824/579/710 843/599/710 823/580/564 
f 825/579/563 845/598/563 844/598/710 
f 825/579/563 844/598/710 824/579/710 
f 826/583/562 846/600/562 845/598/563 
f 826/583/562 845/598/563 825/579/563 
f 827/585/562 847/601/562 846/600/562 
f 827/585/562 846/600/562 826/583/562 
f 828/587/563 848/602/563 847/601/562 
f 828/587/563 847/601/562 827/585/562 
f 829/589/562 849/451/562 848/602/563 
f 829/589/562 848/602/563 828/587/563 
f 830/589/562 850/451/562 849/451/562 
f 830/589/562 849/451/562 829/589/562 
f 831/447/563 851/411/563 850/451/562 
f 831/447/563 850/451/562 830/589/562 
f 832/412/563 852/603/563 851/411/563 
f 832/412/563 851/411/563 831/447/563 
f 833/591/563 853/604/563 852/603/563 
f 833/591/563 852/603/563 832/412/563 
f 815/445/710 835/592/710 853/604/563 
f 815/445/710 853/604/563 833/591/563 
f 834/592/686 854/605/687 855/605/684 
f 834/592/686 855/605/684 835/592/683 
f 836/443/688 856/438/689 854/605/687 
f 836/443/688 854/605/687 834/592/686 
f 837/462/690 857/606/691 856/438/689 
f 837/462/690 856/438/689 836/443/688 
f 838/593/692 858/607/711 857/606/691 
f 838/593/692 857/606/691 837/462/690 
f 839/594/693 859/608/694 858/607/711 
f 839/594/693 858/607/711 838/593/692 
f 840/594/703 860/608/696 859/608/694 
f 840/594/703 859/608/694 839/594/693 
f 841/595/697 861/609/698 860/608/696 
f 841/595/697 860/608/696 840/594/703 
f 842/596/699 862/610/700 861/609/698 
f 842/596/699 861/609/698 841/595/697 
f 843/597/704 863/611/704 862/610/700 
f 843/597/704 862/610/700 842/596/699 
f 844/598/712 864/612/713 863/613/705 
f 844/598/712 863/613/705 843/599/705 
f 845/598/665 865/612/666 864/612/713 
f 845/598/665 864/612/713 844/598/712 
f 846/600/669 866/614/670 865/612/666 
f 846/600/669 865/612/666 845/598/665 
f 847/601/671 867/615/672 866/614/670 
f 847/601/671 866/614/670 846/600/669 
f 848/602/673 868/616/673 867/615/672 
f 848/602/673 867/615/672 847/601/671 
f 849/451/674 869/617/599 868/616/673 
f 849/451/674 868/616/673 848/602/673 
f 850/451/675 870/617/707 869/617/599 
f 850/451/675 869/617/599 849/451/674 
f 851/411/677 871/415/678 870/617/707 
f 851/411/677 870/617/707 850/451/675 
f 852/603/679 872/618/680 871/415/678 
f 852/603/679 871/415/678 851/411/677 
f 853/604/708 873/619/709 872/618/680 
f 853/604/708 872/618/680 852/603/679 
f 835/592/683 855/605/684 873/619/709 
f 835/592/683 873/619/709 853/604/708 
f 874/591/714 693/444/715 696/410/567 
f 874/591/714 696/410/567 875/412/568 
f 876/463/716 697/441/717 693/444/715 
f 876/463/716 693/444/715 874/591/714 
f 877/620/718 697/441/717 876/463/716 
f 877/620/718 876/463/716 878/463/719 
f 879/621/720 880/622/721 700/450/573 
f 879/621/720 700/450/573 699/623/720 
f 881/624/722 879/621/720 699/623/720 
f 881/624/722 699/623/720 703/625/723 
f 705/626/724 882/627/725 881/624/722 
f 705/626/724 881/624/722 703/625/723 
f 883/628/726 707/446/727 700/450/573 
f 883/628/726 700/450/573 880/622/721 
f 884/629/728 709/464/729 707/446/727 
f 884/629/728 707/446/727 883/628/726 
f 885/630/730 709/464/729 884/629/728 
f 885/630/730 884/629/728 886/629/731 
f 887/420/583 888/631/732 712/423/733 
f 887/420/583 712/423/733 711/531/734 
f 889/454/735 887/420/583 711/531/734 
f 889/454/735 711/531/734 715/530/736 
f 717/529/737 890/632/738 889/454/735 
f 717/529/737 889/454/735 715/530/736 
f 891/633/590 719/428/739 712/423/733 
f 891/633/590 712/423/733 888/631/732 
f 892/634/740 721/511/741 719/428/739 
f 892/634/740 719/428/739 891/633/590 
f 723/512/742 721/511/741 892/634/740 
f 723/512/742 892/634/740 893/634/743 
f 894/422/598 895/537/599 726/425/600 
f 894/422/598 726/425/600 725/635/744 
f 896/541/745 894/422/598 725/635/744 
f 896/541/745 725/635/744 729/636/602 
f 731/637/746 897/543/747 896/541/745 
f 731/637/746 896/541/745 729/636/602 
f 898/426/605 732/427/748 726/425/600 
f 898/426/605 726/425/600 895/537/599 
f 899/433/749 734/459/750 732/427/748 
f 899/433/749 732/427/748 898/426/605 
f 900/638/751 734/459/750 899/433/749 
f 900/638/751 899/433/749 901/433/752 
f 902/617/609 903/618/610 737/533/611 
f 902/617/609 737/533/611 736/418/753 
f 904/616/754 902/617/609 736/418/753 
f 904/616/754 736/418/753 740/453/755 
f 742/528/756 905/615/757 904/616/754 
f 742/528/756 904/616/754 740/453/755 
f 906/619/617 744/534/758 737/533/611 
f 906/619/617 737/533/611 903/618/610 
f 907/438/759 746/436/760 744/534/758 
f 907/438/759 744/534/758 906/619/617 
f 908/437/761 746/436/760 907/438/759 
f 908/437/761 907/438/759 909/438/762 
f 910/589/621 875/412/568 696/410/567 
f 910/589/621 696/410/567 748/414/763 
f 911/587/764 910/589/621 748/414/763 
f 911/587/764 748/414/763 750/639/765 
f 752/640/766 912/585/767 911/587/764 
f 752/640/766 911/587/764 750/639/765 
f 913/463/768 914/620/769 877/620/718 
f 913/463/768 877/620/718 878/463/719 
f 915/567/770 916/620/771 914/620/769 
f 915/567/770 914/620/769 913/463/768 
f 916/620/771 915/567/770 917/567/772 
f 918/627/773 882/627/725 705/626/724 
f 918/627/773 705/626/724 919/626/774 
f 920/627/775 918/627/773 919/626/774 
f 920/627/775 919/626/774 921/641/776 
f 921/641/776 922/642/777 920/627/775 
f 923/629/778 924/630/779 885/630/730 
f 923/629/778 885/630/730 886/629/731 
f 925/643/780 926/630/781 924/630/779 
f 925/643/780 924/630/779 923/629/778 
f 926/630/781 925/643/780 927/643/782 
f 928/632/783 890/632/738 717/529/737 
f 928/632/783 717/529/737 929/529/784 
f 930/632/785 928/632/783 929/529/784 
f 930/632/785 929/529/784 931/527/786 
f 931/527/786 932/644/787 930/632/785 
f 933/634/788 934/512/789 723/512/742 
f 933/634/788 723/512/742 893/634/743 
f 935/435/790 936/512/791 934/512/789 
f 935/435/790 934/512/789 933/634/788 
f 936/512/791 935/435/790 937/435/792 
f 938/543/793 897/543/747 731/637/746 
f 938/543/793 731/637/746 939/637/794 
f 940/543/795 938/543/793 939/637/794 
f 940/543/795 939/637/794 941/645/796 
f 941/645/796 942/545/797 940/543/795 
f 943/433/798 944/638/799 900/638/751 
f 943/433/798 900/638/751 901/433/752 
f 945/460/800 946/638/801 944/638/799 
f 945/460/800 944/638/799 943/433/798 
f 946/638/801 945/460/800 947/460/802 
f 948/615/803 905/615/757 742/528/756 
f 948/615/803 742/528/756 949/528/804 
f 950/615/805 948/615/803 949/528/804 
f 950/615/805 949/528/804 951/526/806 
f 951/526/806 952/614/807 950/615/805 
f 953/438/808 954/437/809 908/437/761 
f 953/438/808 908/437/761 909/438/762 
f 955/606/810 956/437/811 954/437/809 
f 955/606/810 954/437/809 953/438/808 
f 956/437/811 955/606/810 957/606/812 
f 958/585/813 912/585/767 752/640/766 
f 958/585/813 752/640/766 959/640/814 
f 960/585/815 958/585/813 959/640/814 
f 960/585/815 959/640/814 961/646/816 
f 961/646/816 962/583/817 960/585/815 
f 963/647/818 702/648/819 701/530/820 
f 963/647/818 701/530/820 964/529/821 
f 965/615/822 704/453/822 702/648/819 
f 965/615/822 702/648/819 963/647/818 
f 966/649/823 706/452/823 704/453/822 
f 966/649/823 704/453/822 965/615/822 
f 967/625/824 968/588/825 695/623/826 
f 967/625/824 695/623/826 694/589/827 
f 969/602/828 967/625/824 694/589/827 
f 969/602/828 694/589/827 698/602/828 
f 966/649/823 969/602/828 698/602/828 
f 966/649/823 698/602/828 706/452/823 
f 970/538/829 714/650/830 713/651/831 
f 970/538/829 713/651/831 971/564/832 
f 972/652/833 716/653/833 714/650/830 
f 972/652/833 714/650/830 970/538/829 
f 973/654/834 718/655/834 716/653/833 
f 973/654/834 716/653/833 972/652/833 
f 974/656/835 964/529/821 701/530/820 
f 974/656/835 701/530/820 708/656/836 
f 975/657/837 974/656/835 708/656/836 
f 975/657/837 708/656/836 710/635/837 
f 973/654/834 975/657/837 710/635/837 
f 973/654/834 710/635/837 718/655/834 
f 976/658/838 728/658/839 727/513/840 
f 976/658/838 727/513/840 977/515/841 
f 978/659/842 730/638/842 728/658/839 
f 978/659/842 728/658/839 976/658/838 
f 979/660/843 724/661/843 730/638/842 
f 979/660/843 730/638/842 978/659/842 
f 980/562/844 971/564/832 713/651/831 
f 980/562/844 713/651/831 720/662/845 
f 981/663/846 980/562/844 720/662/845 
f 981/663/846 720/662/845 722/664/846 
f 979/660/843 981/663/846 722/664/846 
f 979/660/843 722/664/846 724/661/843 
f 982/665/847 739/567/848 738/630/849 
f 982/665/847 738/630/849 983/566/850 
f 984/593/851 741/593/851 739/567/848 
f 984/593/851 739/567/848 982/665/847 
f 985/666/852 743/667/852 741/593/851 
f 985/666/852 741/593/851 984/593/851 
f 986/668/853 977/515/841 727/513/840 
f 986/668/853 727/513/840 733/668/854 
f 987/608/855 986/668/853 733/668/854 
f 987/608/855 733/668/854 735/514/855 
f 985/666/852 987/608/855 735/514/855 
f 985/666/852 735/514/855 743/667/852 
f 988/669/856 749/590/857 695/623/826 
f 988/669/856 695/623/826 968/588/825 
f 989/670/858 751/622/858 749/590/857 
f 989/670/858 749/590/857 988/669/856 
f 990/671/859 753/628/859 751/622/858 
f 990/671/859 751/622/858 989/670/858 
f 991/629/860 983/566/850 738/630/849 
f 991/629/860 738/630/849 745/565/861 
f 992/672/862 991/629/860 745/565/861 
f 992/672/862 745/565/861 747/673/862 
f 990/671/859 992/672/862 747/673/862 
f 990/671/859 747/673/862 753/628/859 
f 916/414/863 921/616/864 919/616/865 
f 916/414/863 919/616/865 914/414/866 
f 929/674/867 924/635/868 926/635/869 
f 929/674/867 926/635/869 931/674/870 
f 993/430/871 994/432/871 941/638/872 
f 993/430/871 941/638/872 936/675/872 
f 995/436/873 996/605/873 951/620/874 
f 995/436/873 951/620/874 946/607/875 
f 954/466/876 959/467/877 752/449/878 
f 954/466/876 752/449/878 908/466/879 
f 900/676/880 743/501/616 735/496/608 
f 900/676/880 735/496/608 734/495/607 
f 743/501/616 900/676/880 742/499/615 
f 946/607/875 951/620/874 949/677/881 
f 946/607/875 949/677/881 944/607/881 
f 944/607/881 949/677/881 742/677/882 
f 944/607/881 742/677/882 900/607/883 
f 931/674/870 926/635/869 997/631/884 
f 931/674/870 997/631/884 998/428/884 
f 717/674/885 885/635/886 924/635/868 
f 717/674/885 924/635/868 929/674/867 
f 885/678/887 718/484/589 710/479/582 
f 885/678/887 710/479/582 709/478/581 
f 718/484/589 885/678/887 717/482/588 
f 724/489/597 723/487/596 731/494/604 
f 999/618/888 1000/533/888 921/616/864 
f 999/618/888 921/616/864 916/414/863 
f 914/414/866 919/616/865 705/616/889 
f 914/414/866 705/616/889 877/414/890 
f 877/470/891 706/477/578 698/471/570 
f 877/470/891 698/471/570 697/470/569 
f 706/477/578 877/470/891 705/476/577 
f 1001/442/892 1002/444/892 961/467/893 
f 1001/442/892 961/467/893 956/466/894 
f 956/466/894 961/467/893 959/467/877 
f 956/466/894 959/467/877 954/466/876 
f 753/505/626 908/504/895 752/508/625 
f 908/504/895 753/505/626 747/505/620 
f 908/504/895 747/505/620 746/504/619 
f 937/679/896 942/680/896 1003/681/896 
f 937/679/896 1003/681/896 1004/682/896 
f 993/651/897 936/683/898 937/679/899 
f 993/651/897 937/679/899 1004/682/900 
f 994/530/901 1003/681/902 942/680/903 
f 994/530/901 942/680/903 941/546/904 
f 927/684/905 932/685/905 1005/686/905 
f 927/684/905 1005/686/905 1006/687/905 
f 997/513/906 926/688/907 927/684/908 
f 997/513/906 927/684/908 1006/687/909 
f 998/651/910 1005/686/911 932/685/912 
f 998/651/910 932/685/912 931/689/913 
f 917/576/914 922/690/914 1007/461/914 
f 917/576/914 1007/461/914 1008/462/914 
f 999/566/915 916/691/916 917/576/917 
f 999/566/915 917/576/917 1008/462/683 
f 1000/513/918 1007/461/668 922/690/919 
f 1000/513/918 922/690/919 921/692/920 
f 947/693/921 952/694/921 1009/451/921 
f 947/693/921 1009/451/921 1010/453/921 
f 995/632/922 946/695/923 947/693/924 
f 995/632/922 947/693/924 1010/453/925 
f 996/588/926 1009/451/680 952/694/927 
f 996/588/926 952/694/927 951/696/928 
f 957/697/929 962/698/929 1011/466/929 
f 957/697/929 1011/466/929 1012/449/929 
f 1001/588/930 956/699/931 957/697/932 
f 1001/588/930 957/697/932 1012/449/933 
f 1002/565/934 1011/466/935 962/698/936 
f 1002/565/934 962/698/936 961/700/937 
f 936/675/872 941/638/872 939/638/938 
f 936/675/872 939/638/938 934/675/939 
f 934/675/939 939/638/938 731/638/940 
f 934/675/939 731/638/940 723/675/941 
# 575 faces

