# 3ds Max Wavefront OBJ Exporter v0.99 - (c)2007 guruware
# File Created: 26.03.2025 21:16:42

mtllib LlantaDerTras.mtl

#
# object DrawCall_0184
#

v  4.5422 -1.3488 2.4343
v  4.7464 -0.3612 2.4345
v  4.5833 -0.3448 2.5815
v  4.3860 -1.2989 2.5813
v  4.7409 0.6474 2.4332
v  4.5780 0.6296 2.5803
v  4.3705 1.5815 2.5776
v  4.5261 1.6328 2.4305
v  4.3737 -0.3238 2.6421
v  4.1853 -1.2348 2.6418
v  4.3687 0.6065 2.6409
v  4.1705 1.5155 2.6384
v  4.1237 -0.2989 2.6385
v  3.9460 -1.1585 2.6383
v  4.1190 0.5789 2.6374
v  3.9320 1.4365 2.6350
v  2.7619 4.0354 2.4149
v  2.6661 3.9028 2.5626
v  3.3932 3.2547 2.5686
v  3.5144 3.3646 2.4211
v  3.9697 2.4695 2.5737
v  4.1112 2.5519 2.4264
v  2.5431 3.7318 2.6240
v  3.2373 3.1130 2.6297
v  3.7878 2.3633 2.6346
v  2.3966 3.5276 2.6215
v  3.0515 2.9438 2.6268
v  3.5709 2.2364 2.6314
v  -0.0244 -4.7071 2.4057
v  0.9773 -4.5962 2.4128
v  0.9420 -4.4362 2.5605
v  -0.0257 -4.5433 2.5537
v  1.9340 -4.2794 2.4192
v  1.8663 -4.1301 2.5668
v  2.7069 -3.6384 2.5722
v  2.8041 -3.7704 2.4248
v  0.8970 -4.2303 2.6220
v  -0.0270 -4.3326 2.6155
v  1.7795 -3.9381 2.6280
v  2.5820 -3.4686 2.6331
v  0.8434 -3.9847 2.6196
v  -0.0284 -4.0812 2.6135
v  1.6761 -3.7090 2.6252
v  2.4333 -3.2660 2.6301
v  3.9949 -2.1912 2.5796
v  4.1373 -2.2724 2.4325
v  3.4269 -2.9826 2.5765
v  3.5493 -3.0915 2.4293
v  3.8118 -2.0868 2.6402
v  3.2695 -2.8424 2.6373
v  3.5936 -1.9622 2.6367
v  3.0819 -2.6752 2.6340
v  -4.6270 -1.3983 2.3688
v  -4.2121 -2.3174 2.3729
v  -4.0714 -2.2347 2.5220
v  -4.4722 -1.3467 2.5180
v  -3.6153 -3.1302 2.3781
v  -3.4949 -3.0199 2.5271
v  -2.7678 -3.6679 2.5331
v  -2.8628 -3.8010 2.3843
v  -3.8899 -2.1283 2.5852
v  -4.2725 -1.2805 2.5814
v  -3.3394 -2.8780 2.5901
v  -2.6452 -3.4968 2.5958
v  -3.6730 -2.0014 2.5849
v  -4.0341 -1.2015 2.5813
v  -3.1536 -2.7088 2.5894
v  -2.4987 -3.2926 2.5948
v  -0.9945 -4.4467 2.5467
v  -1.0272 -4.6070 2.3985
v  -1.9221 -4.1506 2.5397
v  -1.9873 -4.3005 2.3912
v  -0.9520 -4.2403 2.6088
v  -1.8377 -3.9576 2.6021
v  -0.9011 -3.9941 2.6071
v  -1.7367 -3.7274 2.6008
v  -2.9049 4.0049 2.3744
v  -3.6502 3.3260 2.3699
v  -3.5286 3.2174 2.5192
v  -2.8086 3.8733 2.5235
v  -4.2381 2.5069 2.3667
v  -4.0966 2.4260 2.5161
v  -4.4878 1.5338 2.5144
v  -4.6431 1.5833 2.3650
v  -3.3716 3.0774 2.5825
v  -2.6841 3.7036 2.5867
v  -3.9139 2.3218 2.5796
v  -4.2874 1.4698 2.5780
v  -3.1840 2.9101 2.5823
v  -2.5354 3.5010 2.5862
v  -3.6957 2.1972 2.5795
v  -4.0481 1.3934 2.5780
v  -4.6798 -0.3947 2.5154
v  -4.8418 -0.4129 2.3660
v  -4.6850 0.5796 2.5141
v  -4.8473 0.5957 2.3647
v  -4.4707 -0.3715 2.5789
v  -4.4758 0.5588 2.5777
v  -4.2211 -0.3439 2.5789
v  -4.2258 0.5339 2.5778
v  1.8864 4.5350 2.4080
v  1.8203 4.3854 2.5560
v  0.9263 4.8415 2.4008
v  0.8928 4.6815 2.5490
v  -0.0760 4.7782 2.5419
v  -0.0765 4.9415 2.3935
v  1.7356 4.1926 2.6177
v  0.8500 4.4753 2.6110
v  -0.0751 4.5676 2.6043
v  1.6347 3.9624 2.6155
v  0.7990 4.2291 2.6092
v  -0.0737 4.3162 2.6028
v  -1.9681 4.3650 2.5289
v  -2.0349 4.5139 2.3800
v  -1.0437 4.6711 2.5351
v  -1.0782 4.8307 2.3865
v  -1.8816 4.1731 2.5918
v  -0.9991 4.4654 2.5978
v  -1.7782 3.9440 2.5911
v  -0.9455 4.2197 2.5967
v  4.5528 -1.3534 -1.2863
v  4.3975 -1.3039 -1.4357
v  4.5947 -0.3497 -1.4355
v  4.7570 -0.3658 -1.2861
v  4.5895 0.6246 -1.4367
v  4.7515 0.6428 -1.2874
v  4.3819 1.5766 -1.4394
v  4.5367 1.6282 -1.2901
v  4.1971 -1.2399 -1.4993
v  4.3855 -0.3289 -1.4991
v  4.3804 0.6014 -1.5002
v  4.1823 1.5104 -1.5028
v  3.9578 -1.1636 -1.5125
v  4.1355 -0.3040 -1.4991
v  4.1308 0.5738 -1.5003
v  3.9438 1.4314 -1.5026
v  2.7725 4.0309 -1.3057
v  3.5250 3.3601 -1.2995
v  3.4046 3.2498 -1.4484
v  2.6775 3.8978 -1.4544
v  4.1218 2.5473 -1.2942
v  3.9811 2.4646 -1.4433
v  3.2491 3.1079 -1.5114
v  2.5549 3.7267 -1.5171
v  3.7996 2.3582 -1.5065
v  3.0633 2.9387 -1.5108
v  2.4084 3.5225 -1.5293
v  3.5827 2.2313 -1.5062
v  -0.0138 -4.7116 -1.3148
v  -0.0142 -4.5482 -1.4632
v  0.9534 -4.4412 -1.4565
v  0.9879 -4.6008 -1.3078
v  1.8778 -4.1351 -1.4502
v  1.9446 -4.2840 -1.3014
v  2.7183 -3.6434 -1.4448
v  2.8146 -3.7750 -1.2958
v  -0.0152 -4.3377 -1.5256
v  0.9087 -4.2354 -1.5191
v  1.7913 -3.9432 -1.5132
v  2.5938 -3.4737 -1.5080
v  -0.0165 -4.0863 -1.5373
v  0.8552 -3.9898 -1.5180
v  1.6879 -3.7141 -1.5124
v  2.4451 -3.2711 -1.5076
v  4.1478 -2.2770 -1.2881
v  4.0063 -2.1961 -1.4374
v  3.5599 -3.0961 -1.2913
v  3.4383 -2.9875 -1.4405
v  3.8236 -2.0919 -1.5009
v  3.2813 -2.8475 -1.5039
v  3.6054 -1.9673 -1.5009
v  3.0937 -2.6802 -1.5037
v  -4.6164 -1.4028 -1.3518
v  -4.4608 -1.3516 -1.4990
v  -4.0600 -2.2396 -1.4950
v  -4.2015 -2.3220 -1.3477
v  -3.4834 -3.0248 -1.4899
v  -3.6047 -3.1347 -1.3424
v  -2.7564 -3.6729 -1.4839
v  -2.8522 -3.8055 -1.3362
v  -4.2608 -1.2855 -1.5597
v  -3.8781 -2.1334 -1.5559
v  -3.3276 -2.8831 -1.5511
v  -2.6334 -3.5019 -1.5453
v  -4.0222 -1.2066 -1.5695
v  -3.6612 -2.0065 -1.5528
v  -3.1419 -2.7139 -1.5482
v  -2.4869 -3.2977 -1.5428
v  -1.0166 -4.6116 -1.3221
v  -0.9831 -4.4516 -1.4703
v  -1.9767 -4.3051 -1.3294
v  -1.9106 -4.1555 -1.4773
v  -0.9402 -4.2454 -1.5323
v  -1.8259 -3.9627 -1.5390
v  -0.8893 -3.9992 -1.5305
v  -1.7249 -3.7325 -1.5368
v  -2.8944 4.0003 -1.3461
v  -2.7971 3.8683 -1.4935
v  -3.5172 3.2125 -1.4978
v  -3.6396 3.3214 -1.3506
v  -4.0852 2.4211 -1.5009
v  -4.2276 2.5023 -1.3538
v  -4.4763 1.5288 -1.5026
v  -4.6325 1.5787 -1.3556
v  -2.6723 3.6985 -1.5545
v  -3.3598 3.0723 -1.5586
v  -3.9021 2.3167 -1.5615
v  -4.2756 1.4648 -1.5632
v  -2.5235 3.4959 -1.5645
v  -3.1722 2.9051 -1.5553
v  -3.6839 2.1922 -1.5581
v  -4.0363 1.3884 -1.5596
v  -4.8312 -0.4175 -1.3546
v  -4.6683 -0.3997 -1.5016
v  -4.8367 0.5911 -1.3558
v  -4.6736 0.5747 -1.5029
v  -4.4590 -0.3766 -1.5622
v  -4.4640 0.5537 -1.5634
v  -4.2093 -0.3490 -1.5587
v  -4.2140 0.5288 -1.5598
v  1.8318 4.3805 -1.4610
v  1.8970 4.5304 -1.3125
v  0.9042 4.6766 -1.4680
v  0.9369 4.8369 -1.3198
v  -0.0646 4.7732 -1.4751
v  -0.0659 4.9370 -1.3271
v  1.7474 4.1875 -1.5235
v  0.8617 4.4702 -1.5301
v  -0.0633 4.5625 -1.5369
v  1.6464 3.9573 -1.5222
v  0.8108 4.2240 -1.5285
v  -0.0619 4.3111 -1.5348
v  -2.0243 4.5093 -1.3405
v  -1.9566 4.3601 -1.4881
v  -1.0676 4.8261 -1.3341
v  -1.0323 4.6661 -1.4819
v  -1.8698 4.1680 -1.5493
v  -0.9873 4.4603 -1.5434
v  -1.7664 3.9389 -1.5465
v  -0.9337 4.2146 -1.5409
v  0.6803 0.5392 0.4851
v  0.7219 0.5639 0.6026
v  0.7212 0.6811 0.6025
v  0.6794 0.7050 0.4849
v  0.8224 0.7402 0.6031
v  0.8224 0.7886 0.4858
v  0.9241 0.6822 0.6039
v  0.9663 0.7065 0.4869
v  0.9248 0.5649 0.6040
v  0.9672 0.5407 0.4871
v  0.8236 0.5058 0.6034
v  0.8242 0.4571 0.4862
v  0.6505 0.5208 0.1775
v  0.6495 0.5212 0.5006
v  0.6485 0.7226 0.5004
v  0.6494 0.7222 0.1773
v  0.8222 0.8243 0.5015
v  0.8231 0.8239 0.1784
v  0.9970 0.7245 0.5029
v  0.9980 0.7241 0.1797
v  0.9981 0.5231 0.5031
v  0.9991 0.5227 0.1800
v  0.8244 0.4215 0.5020
v  0.8253 0.4211 0.1789
v  0.6858 -0.4674 0.4864
v  0.7273 -0.4427 0.6039
v  0.7267 -0.3255 0.6037
v  0.6849 -0.3016 0.4862
v  0.8278 -0.2663 0.6044
v  0.8279 -0.2179 0.4871
v  0.9296 -0.3244 0.6052
v  0.9718 -0.3000 0.4882
v  0.9302 -0.4416 0.6053
v  0.9727 -0.4658 0.4884
v  0.8291 -0.5008 0.6047
v  0.8297 -0.5495 0.4875
v  0.6559 -0.4857 0.1788
v  0.6550 -0.4853 0.5019
v  0.6539 -0.2839 0.5017
v  0.6548 -0.2843 0.1785
v  0.8276 -0.1823 0.5028
v  0.8286 -0.1827 0.1796
v  1.0025 -0.2820 0.5041
v  1.0034 -0.2824 0.1810
v  1.0036 -0.4835 0.5044
v  1.0045 -0.4839 0.1813
v  0.8298 -0.5851 0.5033
v  0.8307 -0.5855 0.1802
v  -0.1825 -0.9754 0.4808
v  -0.1410 -0.9507 0.5983
v  -0.1416 -0.8335 0.5981
v  -0.1835 -0.8096 0.4806
v  -0.0405 -0.7743 0.5988
v  -0.0404 -0.7259 0.4815
v  0.0613 -0.8324 0.5996
v  0.1035 -0.8080 0.4826
v  0.0619 -0.9496 0.5997
v  0.1044 -0.9738 0.4828
v  -0.0392 -1.0088 0.5991
v  -0.0386 -1.0575 0.4819
v  -0.2124 -0.9937 0.1732
v  -0.2133 -0.9933 0.4963
v  -0.2144 -0.7919 0.4961
v  -0.2135 -0.7923 0.1730
v  -0.0407 -0.6903 0.4972
v  -0.0397 -0.6907 0.1741
v  0.1342 -0.7900 0.4986
v  0.1351 -0.7904 0.1755
v  0.1353 -0.9914 0.4988
v  0.1362 -0.9918 0.1757
v  -0.0385 -1.0931 0.4977
v  -0.0376 -1.0935 0.1746
v  -1.0617 0.5298 0.4727
v  -1.0202 0.5544 0.5902
v  -1.0208 0.6717 0.5900
v  -1.0626 0.6956 0.4725
v  -0.9197 0.7308 0.5907
v  -0.9196 0.7792 0.4734
v  -0.8179 0.6728 0.5915
v  -0.7757 0.6971 0.4745
v  -0.8173 0.5556 0.5916
v  -0.7748 0.5314 0.4747
v  -0.9184 0.4964 0.5910
v  -0.9178 0.4477 0.4738
v  -1.0916 0.5114 0.1651
v  -1.0925 0.5118 0.4882
v  -1.0936 0.7133 0.4879
v  -1.0927 0.7129 0.1648
v  -0.9198 0.8149 0.4891
v  -0.9189 0.8145 0.1659
v  -0.7450 0.7151 0.4904
v  -0.7441 0.7147 0.1673
v  -0.7439 0.5137 0.4907
v  -0.7430 0.5133 0.1676
v  -0.9177 0.4121 0.4896
v  -0.9168 0.4117 0.1664
v  -0.1934 1.0378 0.4782
v  -0.1519 1.0624 0.5957
v  -0.1525 1.1797 0.5956
v  -0.1943 1.2036 0.4780
v  -0.0514 1.2388 0.5962
v  -0.0513 1.2872 0.4790
v  0.0504 1.1808 0.5970
v  0.0926 1.2051 0.4801
v  0.0510 1.0635 0.5972
v  0.0935 1.0393 0.4803
v  -0.0501 1.0044 0.5965
v  -0.0495 0.9557 0.4794
v  -0.2233 1.0194 0.1707
v  -0.2242 1.0198 0.4938
v  -0.2253 1.2212 0.4935
v  -0.2244 1.2208 0.1704
v  -0.0515 1.3229 0.4946
v  -0.0506 1.3225 0.1715
v  0.1233 1.2231 0.4960
v  0.1242 1.2227 0.1729
v  0.1244 1.0217 0.4962
v  0.1253 1.0213 0.1731
v  -0.0494 0.9201 0.4951
v  -0.0484 0.9197 0.1720
v  -0.7694 -0.4752 0.4760
v  -0.8119 -0.4510 0.5929
v  -0.9130 -0.5102 0.5922
v  -0.9124 -0.5589 0.4751
v  -1.0148 -0.4521 0.5914
v  -1.0563 -0.4768 0.4739
v  -1.0154 -0.3349 0.5913
v  -1.0572 -0.3110 0.4737
v  -0.9143 -0.2757 0.5919
v  -0.9142 -0.2273 0.4747
v  -0.8125 -0.3338 0.5927
v  -0.7703 -0.3094 0.4758
v  -0.7376 -0.4932 0.1689
v  -0.7385 -0.4928 0.4920
v  -0.9123 -0.5945 0.4908
v  -0.9113 -0.5949 0.1677
v  -1.0871 -0.4947 0.4895
v  -1.0862 -0.4951 0.1663
v  -1.0882 -0.2933 0.4892
v  -1.0872 -0.2937 0.1661
v  -0.9144 -0.1917 0.4903
v  -0.9135 -0.1921 0.1672
v  -0.7396 -0.2914 0.4917
v  -0.7387 -0.2918 0.1686
v  -0.9833 -2.1986 -0.8960
v  -0.9839 -2.1984 -0.6989
v  -1.7962 -1.6615 -0.7053
v  -1.7956 -1.6618 -0.9025
v  -2.3413 -0.8544 -0.7102
v  -2.3408 -0.8547 -0.9073
v  -2.5364 0.1000 -0.7128
v  -2.5358 0.0997 -0.9099
v  -2.3516 1.0565 -0.7127
v  -2.3511 1.0562 -0.9097
v  -1.8152 1.8694 -0.7098
v  -1.8147 1.8691 -0.9069
v  -1.0088 2.4150 -0.7047
v  -1.0082 2.4147 -0.9018
v  -0.0551 2.6102 -0.6981
v  -0.0546 2.6099 -0.8952
v  0.9006 2.4252 -0.6911
v  0.9012 2.4250 -0.8882
v  1.7129 1.8884 -0.6846
v  1.7134 1.8882 -0.8817
v  2.2580 1.0813 -0.6797
v  2.2586 1.0811 -0.8768
v  2.4531 0.1269 -0.6772
v  2.4537 0.1266 -0.8743
v  2.2684 -0.8296 -0.6773
v  2.2689 -0.8298 -0.8744
v  1.7320 -1.6425 -0.6801
v  1.7325 -1.6427 -0.8772
v  0.9255 -2.1881 -0.6852
v  0.9261 -2.1883 -0.8823
v  -0.0281 -2.3833 -0.6918
v  -0.0276 -2.3835 -0.8889
# 416 vertices

vn 0.8734 -0.2787 0.3994
vn 0.9123 -0.0906 0.3993
vn 0.4931 -0.0486 0.8686
vn 0.4718 -0.1513 0.8686
vn 0.9113 0.1015 0.3991
vn 0.4925 0.0562 0.8685
vn 0.4701 0.1585 0.8682
vn 0.8703 0.2892 0.3987
vn 0.1414 -0.0136 0.9899
vn 0.1350 -0.0441 0.9899
vn 0.1412 0.0176 0.9898
vn 0.1345 0.0480 0.9897
vn -0.0141 0.0019 0.9999
vn -0.0138 0.0034 0.9999
vn -0.0140 0.0005 0.9999
vn -0.0138 -0.0010 0.9999
vn 0.5337 0.7468 0.3968
vn 0.2864 0.4080 0.8669
vn 0.3648 0.3384 0.8674
vn 0.6773 0.6190 0.3975
vn 0.4269 0.2540 0.8679
vn 0.7912 0.4642 0.3981
vn 0.0799 0.1222 0.9893
vn 0.1032 0.1015 0.9895
vn 0.1217 0.0764 0.9896
vn -0.0112 -0.0044 0.9999
vn -0.0123 -0.0035 0.9999
vn -0.0132 -0.0023 0.9999
vn 0.0022 -0.9179 0.3968
vn 0.1932 -0.8970 0.3975
vn 0.1007 -0.4881 0.8669
vn -0.0034 -0.4994 0.8664
vn 0.3758 -0.8368 0.3981
vn 0.2002 -0.4554 0.8675
vn 0.2908 -0.4027 0.8679
vn 0.5418 -0.7400 0.3987
vn 0.0247 -0.1442 0.9892
vn -0.0063 -0.1476 0.9890
vn 0.0543 -0.1345 0.9894
vn 0.0812 -0.1188 0.9896
vn -0.0086 0.0081 0.9999
vn -0.0072 0.0082 0.9999
vn -0.0100 0.0076 0.9999
vn -0.0113 0.0069 0.9999
vn 0.4296 -0.2472 0.8685
vn 0.7961 -0.4547 0.3993
vn 0.3684 -0.3322 0.8683
vn 0.6840 -0.6107 0.3991
vn 0.1225 -0.0726 0.9898
vn 0.1043 -0.0979 0.9897
vn -0.0132 0.0047 0.9999
vn -0.0124 0.0059 0.9999
vn -0.8737 -0.2875 0.3923
vn -0.7950 -0.4623 0.3928
vn -0.4378 -0.2511 0.8633
vn -0.4806 -0.1558 0.8630
vn -0.6816 -0.6170 0.3935
vn -0.3759 -0.3353 0.8639
vn -0.2980 -0.4050 0.8644
vn -0.5384 -0.7447 0.3943
vn -0.1355 -0.0738 0.9880
vn -0.1483 -0.0455 0.9879
vn -0.1171 -0.0989 0.9882
vn -0.0939 -0.1196 0.9884
vn -0.0011 0.0048 1.0000
vn -0.0005 0.0034 1.0000
vn -0.0020 0.0059 1.0000
vn -0.0031 0.0069 1.0000
vn -0.1076 -0.4888 0.8657
vn -0.1889 -0.8986 0.3960
vn -0.2072 -0.4569 0.8650
vn -0.3718 -0.8400 0.3951
vn -0.0372 -0.1445 0.9888
vn -0.0669 -0.1350 0.9886
vn -0.0057 0.0081 1.0000
vn -0.0044 0.0076 1.0000
vn -0.5464 0.7399 0.3924
vn -0.6882 0.6106 0.3920
vn -0.3795 0.3334 0.8630
vn -0.3023 0.4039 0.8634
vn -0.7999 0.4547 0.3917
vn -0.4404 0.2485 0.8627
vn -0.4823 0.1528 0.8626
vn -0.8768 0.2791 0.3916
vn -0.1182 0.1001 0.9879
vn -0.0952 0.1211 0.9881
vn -0.1363 0.0749 0.9878
vn -0.1488 0.0464 0.9878
vn -0.0020 -0.0034 1.0000
vn -0.0030 -0.0044 1.0000
vn -0.0011 -0.0022 1.0000
vn -0.0005 -0.0009 1.0000
vn -0.4965 -0.1059 0.8616
vn -0.8998 -0.1951 0.3901
vn -0.9208 -0.0045 0.3900
vn -0.5079 -0.0017 0.8614
vn -0.5034 0.0506 0.8626
vn -0.9156 0.0914 0.3916
vn -0.1532 -0.0307 0.9877
vn -0.1567 0.0004 0.9877
vn -0.1551 0.0160 0.9878
vn -0.0003 0.0027 1.0000
vn -0.0001 0.0013 1.0000
vn -0.0002 0.0006 1.0000
vn 0.3667 0.8418 0.3961
vn 0.1953 0.4597 0.8663
vn 0.1836 0.9000 0.3953
vn 0.0954 0.4914 0.8657
vn -0.0088 0.5016 0.8651
vn -0.0077 0.9189 0.3945
vn 0.0528 0.1376 0.9891
vn 0.0232 0.1470 0.9889
vn -0.0079 0.1501 0.9886
vn -0.0100 -0.0052 0.9999
vn -0.0086 -0.0056 0.9999
vn -0.0071 -0.0058 1.0000
vn -0.2121 0.4568 0.8639
vn -0.3808 0.8370 0.3930
vn -0.1129 0.4899 0.8645
vn -0.1986 0.8975 0.3937
vn -0.0684 0.1368 0.9882
vn -0.0388 0.1466 0.9884
vn -0.0036 -0.0048 1.0000
vn -0.0050 -0.0054 1.0000
vn -0.0057 -0.0056 1.0000
vn 0.8768 -0.2791 -0.3916
vn 0.4823 -0.1528 -0.8626
vn 0.5035 -0.0506 -0.8625
vn 0.9156 -0.0914 -0.3916
vn 0.5029 0.0538 -0.8627
vn 0.9145 0.1003 -0.3919
vn 0.4807 0.1559 -0.8629
vn 0.8737 0.2875 -0.3923
vn 0.1717 -0.0537 -0.9837
vn 0.1576 -0.0135 -0.9874
vn 0.1549 0.0151 -0.9878
vn 0.1483 0.0455 -0.9879
vn 0.0418 -0.0123 -0.9990
vn 0.0010 0.0070 -1.0000
vn 0.0003 -0.0020 -1.0000
vn 0.0005 -0.0034 -1.0000
vn 0.5384 0.7447 -0.3943
vn 0.6815 0.6169 -0.3935
vn 0.3760 0.3353 -0.8638
vn 0.2980 0.4049 -0.8644
vn 0.7950 0.4623 -0.3928
vn 0.4377 0.2511 -0.8633
vn 0.1206 0.0984 -0.9878
vn 0.1079 0.1392 -0.9844
vn 0.1355 0.0738 -0.9880
vn 0.0071 -0.0115 -0.9999
vn 0.0284 0.0284 -0.9992
vn 0.0012 -0.0047 -1.0000
vn 0.0077 -0.9189 -0.3945
vn 0.0088 -0.5016 -0.8651
vn 0.1128 -0.4898 -0.8645
vn 0.1986 -0.8975 -0.3937
vn 0.2121 -0.4568 -0.8639
vn 0.3808 -0.8370 -0.3930
vn 0.3023 -0.4039 -0.8634
vn 0.5464 -0.7399 -0.3924
vn 0.0080 -0.1742 -0.9847
vn 0.0419 -0.1482 -0.9881
vn 0.0684 -0.1368 -0.9882
vn 0.0952 -0.1211 -0.9881
vn 0.0073 -0.0376 -0.9993
vn 0.0130 0.0072 -0.9999
vn 0.0043 0.0051 -1.0000
vn 0.0030 0.0044 -1.0000
vn 0.7999 -0.4547 -0.3917
vn 0.4404 -0.2485 -0.8627
vn 0.6882 -0.6106 -0.3920
vn 0.3796 -0.3334 -0.8630
vn 0.1369 -0.0783 -0.9875
vn 0.1182 -0.1001 -0.9879
vn -0.0026 -0.0043 -1.0000
vn 0.0019 0.0034 -1.0000
vn -0.8703 -0.2892 -0.3987
vn -0.4701 -0.1585 -0.8682
vn -0.4269 -0.2540 -0.8679
vn -0.7912 -0.4642 -0.3982
vn -0.3648 -0.3384 -0.8674
vn -0.6773 -0.6190 -0.3975
vn -0.2864 -0.4080 -0.8669
vn -0.5337 -0.7468 -0.3968
vn -0.1574 -0.0556 -0.9860
vn -0.1222 -0.0798 -0.9893
vn -0.1032 -0.1015 -0.9895
vn -0.0799 -0.1222 -0.9893
vn -0.0275 -0.0127 -0.9995
vn 0.0170 -0.0042 -0.9998
vn 0.0123 0.0034 -0.9999
vn 0.0112 0.0044 -0.9999
vn -0.1836 -0.9000 -0.3952
vn -0.0954 -0.4914 -0.8657
vn -0.3667 -0.8418 -0.3961
vn -0.1953 -0.4597 -0.8664
vn -0.0262 -0.1487 -0.9885
vn -0.0528 -0.1376 -0.9891
vn 0.0012 0.0071 -1.0000
vn 0.0099 0.0051 -0.9999
vn -0.5417 0.7400 -0.3987
vn -0.2908 0.4027 -0.8679
vn -0.3684 0.3322 -0.8683
vn -0.6840 0.6107 -0.3991
vn -0.4296 0.2472 -0.8685
vn -0.7961 0.4547 -0.3993
vn -0.4718 0.1513 -0.8686
vn -0.8734 0.2787 -0.3994
vn -0.0955 0.1382 -0.9858
vn -0.1077 0.0974 -0.9894
vn -0.1225 0.0726 -0.9898
vn -0.1350 0.0441 -0.9899
vn -0.0144 0.0281 -0.9995
vn 0.0073 -0.0115 -0.9999
vn 0.0131 -0.0046 -0.9999
vn 0.0138 -0.0033 -0.9999
vn -0.8964 -0.1966 -0.3972
vn -0.4860 -0.1084 -0.8672
vn -0.9177 -0.0055 -0.3973
vn -0.9123 0.0906 -0.3993
vn -0.4931 0.0486 -0.8686
vn -0.4977 -0.0038 -0.8673
vn -0.1445 -0.0284 -0.9891
vn -0.1413 0.0136 -0.9899
vn -0.1429 -0.0020 -0.9897
vn 0.0123 0.0152 -0.9998
vn 0.0141 -0.0019 -0.9999
vn 0.0141 -0.0012 -0.9999
vn 0.2072 0.4569 -0.8651
vn 0.3718 0.8400 -0.3951
vn 0.1076 0.4889 -0.8657
vn 0.1889 0.8986 -0.3960
vn 0.0034 0.4995 -0.8663
vn -0.0022 0.9179 -0.3968
vn 0.0654 0.1382 -0.9882
vn 0.0372 0.1445 -0.9888
vn 0.0063 0.1477 -0.9890
vn -0.0025 -0.0045 -1.0000
vn 0.0057 -0.0081 -1.0000
vn 0.0072 -0.0081 -0.9999
vn -0.3758 0.8368 -0.3982
vn -0.2002 0.4554 -0.8675
vn -0.1932 0.8970 -0.3975
vn -0.1007 0.4881 -0.8669
vn -0.0528 0.1376 -0.9891
vn -0.0247 0.1443 -0.9892
vn 0.0169 -0.0044 -0.9998
vn 0.0086 -0.0080 -0.9999
vn -0.7997 -0.4647 0.3803
vn -0.5727 -0.3311 0.7499
vn -0.5762 0.3268 0.7491
vn -0.8046 0.4570 0.3792
vn -0.0079 0.6595 0.7517
vn -0.0087 0.9243 0.3815
vn 0.5647 0.3333 0.7550
vn 0.7958 0.4677 0.3847
vn 0.5681 -0.3253 0.7559
vn 0.8008 -0.4581 0.3859
vn -0.0008 -0.6577 0.7533
vn 0.0013 -0.9234 0.3839
vn -1.0000 -0.0054 -0.0028
vn -1.0000 -0.0054 -0.0029
vn -0.5050 0.8631 -0.0025
vn 0.4956 0.8685 0.0003
vn 0.4956 0.8685 0.0004
vn 1.0000 0.0054 0.0029
vn 0.5049 -0.8631 0.0025
vn 0.5049 -0.8632 0.0025
vn 0.5050 -0.8631 0.0025
vn -0.4956 -0.8685 -0.0003
vn -0.4956 -0.8686 -0.0003
vn -0.4957 -0.8685 -0.0004
vn -0.0072 0.0012 1.0000
vn -0.0072 0.0011 1.0000
vn -0.0073 0.0013 1.0000
vn -0.5763 0.3269 0.7490
vn -0.8046 0.4570 0.3791
vn -0.0079 0.6594 0.7517
vn -0.0088 0.9243 0.3816
vn 0.5646 0.3334 0.7550
vn 0.7958 0.4677 0.3846
vn 0.5682 -0.3253 0.7559
vn 0.8008 -0.4581 0.3858
vn -0.0008 -0.6576 0.7533
vn 0.0012 -0.9234 0.3838
vn 1.0000 0.0054 0.0028
vn 1.0000 0.0055 0.0029
vn -0.4956 -0.8685 -0.0004
vn -0.0071 0.0012 1.0000
vn -0.8046 0.4569 0.3792
vn 0.5646 0.3333 0.7551
vn 0.7957 0.4677 0.3847
vn 0.5682 -0.3253 0.7558
vn -0.0007 -0.6577 0.7533
vn 0.0012 -0.9234 0.3837
vn -0.5049 0.8632 -0.0025
vn -0.7996 -0.4647 0.3803
vn -0.0079 0.6596 0.7516
vn 0.7957 0.4677 0.3848
vn 0.8007 -0.4581 0.3859
vn -0.0008 -0.6576 0.7534
vn -1.0000 -0.0055 -0.0029
vn -0.5049 0.8631 -0.0025
vn 0.4957 0.8685 0.0003
vn -0.0072 0.0010 1.0000
vn -0.0072 0.0013 1.0000
vn -0.7997 -0.4647 0.3802
vn -0.5762 0.3269 0.7491
vn -0.0079 0.6595 0.7516
vn 0.5646 0.3333 0.7550
vn 0.7958 0.4676 0.3847
vn 0.8008 -0.4580 0.3859
vn 0.0013 -0.9234 0.3838
vn -0.5049 0.8632 -0.0026
vn -0.0071 0.0013 1.0000
vn 0.5682 -0.3254 0.7559
vn -0.0080 0.6595 0.7516
vn 0.4956 0.8686 0.0003
vn 0.4956 0.8686 0.0004
vn -0.5514 -0.8343 -0.0005
vn -0.7033 -0.7109 -0.0011
vn -0.7038 -0.7104 -0.0011
vn -0.9218 -0.3876 -0.0022
vn -0.9220 -0.3872 -0.0022
vn -0.9259 0.3776 -0.0031
vn -0.9261 0.3773 -0.0031
vn -0.7109 0.7033 -0.0029
vn -0.7114 0.7028 -0.0029
vn -0.3874 0.9219 -0.0023
vn -0.3883 0.9215 -0.0023
vn -0.0048 1.0000 -0.0013
vn -0.0059 1.0000 -0.0013
vn 0.3784 0.9256 -0.0000
vn 0.3775 0.9260 -0.0000
vn 0.7038 0.7104 0.0011
vn 0.7033 0.7109 0.0011
vn 0.9220 0.3873 0.0022
vn 0.9218 0.3876 0.0022
vn 0.9261 -0.3773 0.0031
vn 0.9259 -0.3776 0.0031
vn 0.7114 -0.7028 0.0028
vn 0.7109 -0.7033 0.0028
vn 0.3883 -0.9215 0.0022
vn 0.3874 -0.9219 0.0022
vn 0.0059 -1.0000 0.0012
vn 0.0049 -1.0000 0.0012
vn -0.1899 -0.9818 0.0007
vn 0.0071 -0.0012 -1.0000
vn 0.0072 -0.0012 -1.0000
vn 0.0071 -0.0011 -1.0000
vn 0.0071 -0.0013 -1.0000
# 352 vertex normals

vt 0.0414 0.3946 0.0000
vt 0.0416 0.3946 0.0000
vt 0.0417 0.3953 0.0000
vt 0.0416 0.3953 0.0000
vt 0.0417 0.3946 0.0000
vt 0.0419 0.3952 0.0000
vt 0.0421 0.3952 0.0000
vt 0.0419 0.3945 0.0000
vt 0.0419 0.3959 0.0000
vt 0.0417 0.3960 0.0000
vt 0.0421 0.3959 0.0000
vt 0.0423 0.3959 0.0000
vt 0.0421 0.3967 0.0000
vt 0.0419 0.3968 0.0000
vt 0.0423 0.3967 0.0000
vt 0.0425 0.3967 0.0000
vt 0.0424 0.3944 0.0000
vt 0.0426 0.3951 0.0000
vt 0.0424 0.3951 0.0000
vt 0.0423 0.3945 0.0000
vt 0.0423 0.3951 0.0000
vt 0.0421 0.3945 0.0000
vt 0.0428 0.3957 0.0000
vt 0.0426 0.3958 0.0000
vt 0.0424 0.3958 0.0000
vt 0.0430 0.3965 0.0000
vt 0.0428 0.3966 0.0000
vt 0.0426 0.3966 0.0000
vt 0.0403 0.3949 0.0000
vt 0.0405 0.3948 0.0000
vt 0.0407 0.3955 0.0000
vt 0.0405 0.3955 0.0000
vt 0.0407 0.3948 0.0000
vt 0.0409 0.3954 0.0000
vt 0.0410 0.3954 0.0000
vt 0.0409 0.3948 0.0000
vt 0.0409 0.3962 0.0000
vt 0.0407 0.3962 0.0000
vt 0.0410 0.3961 0.0000
vt 0.0412 0.3961 0.0000
vt 0.0411 0.3970 0.0000
vt 0.0409 0.3970 0.0000
vt 0.0412 0.3969 0.0000
vt 0.0414 0.3969 0.0000
vt 0.0414 0.3953 0.0000
vt 0.0412 0.3947 0.0000
vt 0.0412 0.3954 0.0000
vt 0.0410 0.3947 0.0000
vt 0.0416 0.3960 0.0000
vt 0.0414 0.3960 0.0000
vt 0.0418 0.3968 0.0000
vt 0.0416 0.3969 0.0000
vt 0.0393 0.3951 0.0000
vt 0.0395 0.3951 0.0000
vt 0.0396 0.3957 0.0000
vt 0.0395 0.3958 0.0000
vt 0.0396 0.3950 0.0000
vt 0.0398 0.3957 0.0000
vt 0.0400 0.3956 0.0000
vt 0.0398 0.3950 0.0000
vt 0.0398 0.3964 0.0000
vt 0.0396 0.3964 0.0000
vt 0.0400 0.3963 0.0000
vt 0.0402 0.3963 0.0000
vt 0.0400 0.3972 0.0000
vt 0.0398 0.3972 0.0000
vt 0.0402 0.3972 0.0000
vt 0.0404 0.3971 0.0000
vt 0.0403 0.3956 0.0000
vt 0.0402 0.3949 0.0000
vt 0.0402 0.3956 0.0000
vt 0.0400 0.3949 0.0000
vt 0.0405 0.3962 0.0000
vt 0.0403 0.3963 0.0000
vt 0.0407 0.3970 0.0000
vt 0.0405 0.3971 0.0000
vt 0.0435 0.3942 0.0000
vt 0.0437 0.3941 0.0000
vt 0.0438 0.3948 0.0000
vt 0.0437 0.3948 0.0000
vt 0.0438 0.3941 0.0000
vt 0.0440 0.3948 0.0000
vt 0.0442 0.3947 0.0000
vt 0.0440 0.3941 0.0000
vt 0.0440 0.3955 0.0000
vt 0.0438 0.3955 0.0000
vt 0.0442 0.3954 0.0000
vt 0.0444 0.3954 0.0000
vt 0.0442 0.3963 0.0000
vt 0.0440 0.3963 0.0000
vt 0.0444 0.3962 0.0000
vt 0.0446 0.3962 0.0000
vt 0.0393 0.3958 0.0000
vt 0.0391 0.3951 0.0000
vt 0.0444 0.3940 0.0000
vt 0.0445 0.3946 0.0000
vt 0.0444 0.3947 0.0000
vt 0.0442 0.3940 0.0000
vt 0.0395 0.3965 0.0000
vt 0.0447 0.3953 0.0000
vt 0.0445 0.3954 0.0000
vt 0.0397 0.3973 0.0000
vt 0.0449 0.3961 0.0000
vt 0.0447 0.3962 0.0000
vt 0.0426 0.3944 0.0000
vt 0.0428 0.3950 0.0000
vt 0.0428 0.3943 0.0000
vt 0.0430 0.3950 0.0000
vt 0.0431 0.3950 0.0000
vt 0.0430 0.3943 0.0000
vt 0.0430 0.3957 0.0000
vt 0.0431 0.3957 0.0000
vt 0.0433 0.3956 0.0000
vt 0.0432 0.3965 0.0000
vt 0.0433 0.3965 0.0000
vt 0.0435 0.3964 0.0000
vt 0.0435 0.3949 0.0000
vt 0.0433 0.3942 0.0000
vt 0.0433 0.3949 0.0000
vt 0.0431 0.3943 0.0000
vt 0.0437 0.3955 0.0000
vt 0.0435 0.3956 0.0000
vt 0.0439 0.3964 0.0000
vt 0.0437 0.3964 0.0000
vt 0.0385 0.3838 0.0000
vt 0.0384 0.3832 0.0000
vt 0.0385 0.3831 0.0000
vt 0.0387 0.3838 0.0000
vt 0.0387 0.3831 0.0000
vt 0.0389 0.3838 0.0000
vt 0.0389 0.3831 0.0000
vt 0.0391 0.3837 0.0000
vt 0.0382 0.3825 0.0000
vt 0.0383 0.3825 0.0000
vt 0.0385 0.3824 0.0000
vt 0.0387 0.3824 0.0000
vt 0.0380 0.3817 0.0000
vt 0.0381 0.3817 0.0000
vt 0.0383 0.3816 0.0000
vt 0.0385 0.3816 0.0000
vt 0.0396 0.3836 0.0000
vt 0.0394 0.3837 0.0000
vt 0.0392 0.3830 0.0000
vt 0.0394 0.3830 0.0000
vt 0.0392 0.3837 0.0000
vt 0.0391 0.3830 0.0000
vt 0.0391 0.3823 0.0000
vt 0.0392 0.3823 0.0000
vt 0.0389 0.3824 0.0000
vt 0.0388 0.3815 0.0000
vt 0.0390 0.3815 0.0000
vt 0.0387 0.3816 0.0000
vt 0.0375 0.3841 0.0000
vt 0.0373 0.3834 0.0000
vt 0.0375 0.3834 0.0000
vt 0.0376 0.3840 0.0000
vt 0.0377 0.3833 0.0000
vt 0.0378 0.3840 0.0000
vt 0.0378 0.3833 0.0000
vt 0.0380 0.3840 0.0000
vt 0.0371 0.3827 0.0000
vt 0.0373 0.3827 0.0000
vt 0.0375 0.3827 0.0000
vt 0.0376 0.3826 0.0000
vt 0.0369 0.3819 0.0000
vt 0.0371 0.3819 0.0000
vt 0.0373 0.3819 0.0000
vt 0.0374 0.3818 0.0000
vt 0.0384 0.3839 0.0000
vt 0.0382 0.3832 0.0000
vt 0.0382 0.3839 0.0000
vt 0.0380 0.3833 0.0000
vt 0.0380 0.3825 0.0000
vt 0.0378 0.3826 0.0000
vt 0.0378 0.3817 0.0000
vt 0.0376 0.3818 0.0000
vt 0.0364 0.3843 0.0000
vt 0.0363 0.3836 0.0000
vt 0.0364 0.3836 0.0000
vt 0.0366 0.3842 0.0000
vt 0.0366 0.3836 0.0000
vt 0.0368 0.3842 0.0000
vt 0.0368 0.3835 0.0000
vt 0.0369 0.3842 0.0000
vt 0.0361 0.3830 0.0000
vt 0.0363 0.3829 0.0000
vt 0.0364 0.3829 0.0000
vt 0.0366 0.3829 0.0000
vt 0.0359 0.3822 0.0000
vt 0.0360 0.3821 0.0000
vt 0.0362 0.3821 0.0000
vt 0.0364 0.3820 0.0000
vt 0.0373 0.3841 0.0000
vt 0.0371 0.3835 0.0000
vt 0.0371 0.3841 0.0000
vt 0.0370 0.3835 0.0000
vt 0.0370 0.3828 0.0000
vt 0.0368 0.3828 0.0000
vt 0.0367 0.3820 0.0000
vt 0.0366 0.3820 0.0000
vt 0.0406 0.3834 0.0000
vt 0.0405 0.3827 0.0000
vt 0.0406 0.3827 0.0000
vt 0.0408 0.3833 0.0000
vt 0.0408 0.3827 0.0000
vt 0.0410 0.3833 0.0000
vt 0.0410 0.3826 0.0000
vt 0.0412 0.3833 0.0000
vt 0.0403 0.3821 0.0000
vt 0.0404 0.3820 0.0000
vt 0.0406 0.3820 0.0000
vt 0.0408 0.3819 0.0000
vt 0.0401 0.3812 0.0000
vt 0.0402 0.3812 0.0000
vt 0.0404 0.3812 0.0000
vt 0.0406 0.3811 0.0000
vt 0.0362 0.3843 0.0000
vt 0.0361 0.3837 0.0000
vt 0.0415 0.3832 0.0000
vt 0.0413 0.3832 0.0000
vt 0.0412 0.3826 0.0000
vt 0.0413 0.3825 0.0000
vt 0.0359 0.3830 0.0000
vt 0.0410 0.3819 0.0000
vt 0.0412 0.3819 0.0000
vt 0.0357 0.3822 0.0000
vt 0.0408 0.3811 0.0000
vt 0.0409 0.3811 0.0000
vt 0.0396 0.3829 0.0000
vt 0.0398 0.3836 0.0000
vt 0.0398 0.3829 0.0000
vt 0.0399 0.3835 0.0000
vt 0.0399 0.3828 0.0000
vt 0.0401 0.3835 0.0000
vt 0.0394 0.3822 0.0000
vt 0.0396 0.3822 0.0000
vt 0.0398 0.3822 0.0000
vt 0.0392 0.3814 0.0000
vt 0.0394 0.3814 0.0000
vt 0.0395 0.3814 0.0000
vt 0.0404 0.3834 0.0000
vt 0.0403 0.3828 0.0000
vt 0.0403 0.3834 0.0000
vt 0.0401 0.3828 0.0000
vt 0.0401 0.3821 0.0000
vt 0.0399 0.3821 0.0000
vt 0.0399 0.3813 0.0000
vt 0.0397 0.3813 0.0000
vt 0.0474 0.2383 0.0000
vt 0.0473 0.2381 0.0000
vt 0.0472 0.2381 0.0000
vt 0.0471 0.2383 0.0000
vt 0.0471 0.2380 0.0000
vt 0.0470 0.2380 0.0000
vt 0.0472 0.2379 0.0000
vt 0.0471 0.2378 0.0000
vt 0.0473 0.2379 0.0000
vt 0.0474 0.2378 0.0000
vt 0.0474 0.2380 0.0000
vt 0.0475 0.2380 0.0000
vt 0.0469 0.2383 0.0000
vt 0.0476 0.2383 0.0000
vt 0.0476 0.2382 0.0000
vt 0.0469 0.2382 0.0000
vt 0.0476 0.2381 0.0000
vt 0.0469 0.2381 0.0000
vt 0.0476 0.2380 0.0000
vt 0.0469 0.2380 0.0000
vt 0.0476 0.2379 0.0000
vt 0.0469 0.2379 0.0000
vt 0.0476 0.2378 0.0000
vt 0.0469 0.2378 0.0000
vt 0.0471 0.2377 0.0000
vt 0.0471 0.2384 0.0000
vt 0.0474 0.2384 0.0000
vt 0.0474 0.2377 0.0000
vt 0.0472 0.2377 0.0000
vt 0.0473 0.2377 0.0000
vt 0.0473 0.2378 0.0000
vt 0.0472 0.2378 0.0000
vt 0.0473 0.2380 0.0000
vt 0.0472 0.2380 0.0000
vt 0.0473 0.2382 0.0000
vt 0.0472 0.2382 0.0000
vt 0.0473 0.2383 0.0000
vt 0.0472 0.2383 0.0000
vt 0.0473 0.2384 0.0000
vt 0.0472 0.2384 0.0000
vt 0.0473 0.2385 0.0000
vt 0.0472 0.2385 0.0000
vt 0.0473 0.2386 0.0000
vt 0.0472 0.2386 0.0000
vt 0.0470 0.2375 0.0000
vt 0.0475 0.2375 0.0000
vt 0.0472 0.2374 0.0000
vt 0.0468 0.2385 0.0000
vt 0.0477 0.2385 0.0000
vt 0.0478 0.2383 0.0000
vt 0.0467 0.2383 0.0000
vt 0.0466 0.2378 0.0000
vt 0.0466 0.2381 0.0000
vt 0.0466 0.2383 0.0000
vt 0.0467 0.2378 0.0000
vt 0.0478 0.2378 0.0000
vt 0.0477 0.2376 0.0000
vt 0.0468 0.2376 0.0000
vt 0.0478 0.2381 0.0000
vt 0.0467 0.2381 0.0000
vt 0.0472 0.2387 0.0000
vt 0.0475 0.2387 0.0000
vt 0.0470 0.2387 0.0000
vt 0.0474 0.2375 0.0000
vt 0.0474 0.2387 0.0000
vt 0.0477 0.2378 0.0000
vt 0.0477 0.2383 0.0000
vt 0.0476 0.2376 0.0000
vt 0.0476 0.2385 0.0000
# 317 texture coords

o DrawCall_0184
g DrawCall_0184
usemtl 24fe1dbe_dds
s 1
f 1/1/1 2/2/2 3/3/3 
f 1/1/1 3/3/3 4/4/4 
f 2/2/2 5/5/5 6/6/6 
f 2/2/2 6/6/6 3/3/3 
f 7/7/7 6/6/6 5/5/5 
f 7/7/7 5/5/5 8/8/8 
f 4/4/4 3/3/3 9/9/9 
f 4/4/4 9/9/9 10/10/10 
f 3/3/3 6/6/6 11/11/11 
f 3/3/3 11/11/11 9/9/9 
f 12/12/12 11/11/11 6/6/6 
f 12/12/12 6/6/6 7/7/7 
f 9/9/9 13/13/13 14/14/14 
f 9/9/9 14/14/14 10/10/10 
f 11/11/11 15/15/15 13/13/13 
f 11/11/11 13/13/13 9/9/9 
f 16/16/16 15/15/15 11/11/11 
f 16/16/16 11/11/11 12/12/12 
f 17/17/17 18/18/18 19/19/19 
f 17/17/17 19/19/19 20/20/20 
f 20/20/20 19/19/19 21/21/21 
f 20/20/20 21/21/21 22/22/22 
f 7/7/7 8/8/8 22/22/22 
f 7/7/7 22/22/22 21/21/21 
f 18/18/18 23/23/23 24/24/24 
f 18/18/18 24/24/24 19/19/19 
f 19/19/19 24/24/24 25/25/25 
f 19/19/19 25/25/25 21/21/21 
f 12/12/12 7/7/7 21/21/21 
f 12/12/12 21/21/21 25/25/25 
f 24/24/24 23/23/23 26/26/26 
f 24/24/24 26/26/26 27/27/27 
f 25/25/25 24/24/24 27/27/27 
f 25/25/25 27/27/27 28/28/28 
f 16/16/16 12/12/12 25/25/25 
f 16/16/16 25/25/25 28/28/28 
f 29/29/29 30/30/30 31/31/31 
f 29/29/29 31/31/31 32/32/32 
f 30/30/30 33/33/33 34/34/34 
f 30/30/30 34/34/34 31/31/31 
f 35/35/35 34/34/34 33/33/33 
f 35/35/35 33/33/33 36/36/36 
f 32/32/32 31/31/31 37/37/37 
f 32/32/32 37/37/37 38/38/38 
f 31/31/31 34/34/34 39/39/39 
f 31/31/31 39/39/39 37/37/37 
f 40/40/40 39/39/39 34/34/34 
f 40/40/40 34/34/34 35/35/35 
f 37/37/37 41/41/41 42/42/42 
f 37/37/37 42/42/42 38/38/38 
f 39/39/39 43/43/43 41/41/41 
f 39/39/39 41/41/41 37/37/37 
f 44/44/44 43/43/43 39/39/39 
f 44/44/44 39/39/39 40/40/40 
f 1/1/1 4/4/4 45/45/45 
f 1/1/1 45/45/45 46/46/46 
f 46/46/46 45/45/45 47/47/47 
f 46/46/46 47/47/47 48/48/48 
f 35/35/35 36/36/36 48/48/48 
f 35/35/35 48/48/48 47/47/47 
f 4/4/4 10/10/10 49/49/49 
f 4/4/4 49/49/49 45/45/45 
f 45/45/45 49/49/49 50/50/50 
f 45/45/45 50/50/50 47/47/47 
f 40/40/40 35/35/35 47/47/47 
f 40/40/40 47/47/47 50/50/50 
f 49/49/49 10/10/10 14/14/14 
f 49/49/49 14/14/14 51/51/51 
f 50/50/50 49/49/49 51/51/51 
f 50/50/50 51/51/51 52/52/52 
f 44/44/44 40/40/40 50/50/50 
f 44/44/44 50/50/50 52/52/52 
f 53/53/53 54/54/54 55/55/55 
f 53/53/53 55/55/55 56/56/56 
f 54/54/54 57/57/57 58/58/58 
f 54/54/54 58/58/58 55/55/55 
f 59/59/59 58/58/58 57/57/57 
f 59/59/59 57/57/57 60/60/60 
f 56/56/56 55/55/55 61/61/61 
f 56/56/56 61/61/61 62/62/62 
f 55/55/55 58/58/58 63/63/63 
f 55/55/55 63/63/63 61/61/61 
f 64/64/64 63/63/63 58/58/58 
f 64/64/64 58/58/58 59/59/59 
f 61/61/61 65/65/65 66/66/66 
f 61/61/61 66/66/66 62/62/62 
f 63/63/63 67/67/67 65/65/65 
f 63/63/63 65/65/65 61/61/61 
f 68/68/68 67/67/67 63/63/63 
f 68/68/68 63/63/63 64/64/64 
f 29/29/29 32/32/32 69/69/69 
f 29/29/29 69/69/69 70/70/70 
f 70/70/70 69/69/69 71/71/71 
f 70/70/70 71/71/71 72/72/72 
f 59/59/59 60/60/60 72/72/72 
f 59/59/59 72/72/72 71/71/71 
f 32/32/32 38/38/38 73/73/73 
f 32/32/32 73/73/73 69/69/69 
f 69/69/69 73/73/73 74/74/74 
f 69/69/69 74/74/74 71/71/71 
f 64/64/64 59/59/59 71/71/71 
f 64/64/64 71/71/71 74/74/74 
f 73/73/73 38/38/38 42/42/42 
f 73/73/73 42/42/42 75/75/75 
f 74/74/74 73/73/73 75/75/75 
f 74/74/74 75/75/75 76/76/76 
f 68/68/68 64/64/64 74/74/74 
f 68/68/68 74/74/74 76/76/76 
f 77/77/77 78/78/78 79/79/79 
f 77/77/77 79/79/79 80/80/80 
f 78/78/78 81/81/81 82/82/82 
f 78/78/78 82/82/82 79/79/79 
f 83/83/83 82/82/82 81/81/81 
f 83/83/83 81/81/81 84/84/84 
f 80/80/80 79/79/79 85/85/85 
f 80/80/80 85/85/85 86/86/86 
f 79/79/79 82/82/82 87/87/87 
f 79/79/79 87/87/87 85/85/85 
f 88/88/88 87/87/87 82/82/82 
f 88/88/88 82/82/82 83/83/83 
f 85/85/85 89/89/89 90/90/90 
f 85/85/85 90/90/90 86/86/86 
f 87/87/87 91/91/91 89/89/89 
f 87/87/87 89/89/89 85/85/85 
f 92/92/92 91/91/91 87/87/87 
f 92/92/92 87/87/87 88/88/88 
f 53/53/53 56/56/56 93/93/93 
f 53/53/53 93/93/93 94/94/94 
f 94/95/95 93/96/96 95/97/97 
f 94/95/95 95/97/97 96/98/98 
f 83/83/83 84/84/84 96/98/98 
f 83/83/83 96/98/98 95/97/97 
f 56/56/56 62/62/62 97/99/99 
f 56/56/56 97/99/99 93/93/93 
f 93/96/96 97/100/100 98/101/101 
f 93/96/96 98/101/101 95/97/97 
f 88/88/88 83/83/83 95/97/97 
f 88/88/88 95/97/97 98/101/101 
f 97/99/99 62/62/62 66/66/66 
f 97/99/99 66/66/66 99/102/102 
f 98/101/101 97/100/100 99/103/103 
f 98/101/101 99/103/103 100/104/104 
f 92/92/92 88/88/88 98/101/101 
f 92/92/92 98/101/101 100/104/104 
f 17/17/17 101/105/105 102/106/106 
f 17/17/17 102/106/106 18/18/18 
f 101/105/105 103/107/107 104/108/108 
f 101/105/105 104/108/108 102/106/106 
f 105/109/109 104/108/108 103/107/107 
f 105/109/109 103/107/107 106/110/110 
f 18/18/18 102/106/106 107/111/111 
f 18/18/18 107/111/111 23/23/23 
f 102/106/106 104/108/108 108/112/112 
f 102/106/106 108/112/112 107/111/111 
f 109/113/113 108/112/112 104/108/108 
f 109/113/113 104/108/108 105/109/109 
f 107/111/111 110/114/114 26/26/26 
f 107/111/111 26/26/26 23/23/23 
f 108/112/112 111/115/115 110/114/114 
f 108/112/112 110/114/114 107/111/111 
f 112/116/116 111/115/115 108/112/112 
f 112/116/116 108/112/112 109/113/113 
f 77/77/77 80/80/80 113/117/117 
f 77/77/77 113/117/117 114/118/118 
f 114/118/118 113/117/117 115/119/119 
f 114/118/118 115/119/119 116/120/120 
f 105/109/109 106/110/110 116/120/120 
f 105/109/109 116/120/120 115/119/119 
f 80/80/80 86/86/86 117/121/121 
f 80/80/80 117/121/121 113/117/117 
f 113/117/117 117/121/121 118/122/122 
f 113/117/117 118/122/122 115/119/119 
f 109/113/113 105/109/109 115/119/119 
f 109/113/113 115/119/119 118/122/122 
f 117/121/121 86/86/86 90/90/90 
f 117/121/121 90/90/90 119/123/123 
f 118/122/122 117/121/121 119/123/124 
f 118/122/122 119/123/124 120/124/125 
f 112/116/116 109/113/113 118/122/122 
f 112/116/116 118/122/122 120/124/125 
f 121/125/126 122/126/127 123/127/128 
f 121/125/126 123/127/128 124/128/129 
f 124/128/129 123/127/128 125/129/130 
f 124/128/129 125/129/130 126/130/131 
f 127/131/132 128/132/133 126/130/131 
f 127/131/132 126/130/131 125/129/130 
f 122/126/127 129/133/134 130/134/135 
f 122/126/127 130/134/135 123/127/128 
f 123/127/128 130/134/135 131/135/136 
f 123/127/128 131/135/136 125/129/130 
f 132/136/137 127/131/132 125/129/130 
f 132/136/137 125/129/130 131/135/136 
f 130/134/135 129/133/134 133/137/138 
f 130/134/135 133/137/138 134/138/139 
f 131/135/136 130/134/135 134/138/139 
f 131/135/136 134/138/139 135/139/140 
f 136/140/141 132/136/137 131/135/136 
f 136/140/141 131/135/136 135/139/140 
f 137/141/142 138/142/143 139/143/144 
f 137/141/142 139/143/144 140/144/145 
f 138/142/143 141/145/146 142/146/147 
f 138/142/143 142/146/147 139/143/144 
f 127/131/132 142/146/147 141/145/146 
f 127/131/132 141/145/146 128/132/133 
f 140/144/145 139/143/144 143/147/148 
f 140/144/145 143/147/148 144/148/149 
f 139/143/144 142/146/147 145/149/150 
f 139/143/144 145/149/150 143/147/148 
f 132/136/137 145/149/150 142/146/147 
f 132/136/137 142/146/147 127/131/132 
f 143/147/148 146/150/151 147/151/152 
f 143/147/148 147/151/152 144/148/149 
f 145/149/150 148/152/153 146/150/151 
f 145/149/150 146/150/151 143/147/148 
f 136/140/141 148/152/153 145/149/150 
f 136/140/141 145/149/150 132/136/137 
f 149/153/154 150/154/155 151/155/156 
f 149/153/154 151/155/156 152/156/157 
f 152/156/157 151/155/156 153/157/158 
f 152/156/157 153/157/158 154/158/159 
f 155/159/160 156/160/161 154/158/159 
f 155/159/160 154/158/159 153/157/158 
f 150/154/155 157/161/162 158/162/163 
f 150/154/155 158/162/163 151/155/156 
f 151/155/156 158/162/163 159/163/164 
f 151/155/156 159/163/164 153/157/158 
f 160/164/165 155/159/160 153/157/158 
f 160/164/165 153/157/158 159/163/164 
f 158/162/163 157/161/162 161/165/166 
f 158/162/163 161/165/166 162/166/167 
f 159/163/164 158/162/163 162/166/167 
f 159/163/164 162/166/167 163/167/168 
f 164/168/169 160/164/165 159/163/164 
f 164/168/169 159/163/164 163/167/168 
f 121/125/126 165/169/170 166/170/171 
f 121/125/126 166/170/171 122/126/127 
f 165/169/170 167/171/172 168/172/173 
f 165/169/170 168/172/173 166/170/171 
f 155/159/160 168/172/173 167/171/172 
f 155/159/160 167/171/172 156/160/161 
f 122/126/127 166/170/171 169/173/174 
f 122/126/127 169/173/174 129/133/134 
f 166/170/171 168/172/173 170/174/175 
f 166/170/171 170/174/175 169/173/174 
f 160/164/165 170/174/175 168/172/173 
f 160/164/165 168/172/173 155/159/160 
f 169/173/174 171/175/176 133/137/138 
f 169/173/174 133/137/138 129/133/134 
f 170/174/175 172/176/177 171/175/176 
f 170/174/175 171/175/176 169/173/174 
f 164/168/169 172/176/177 170/174/175 
f 164/168/169 170/174/175 160/164/165 
f 173/177/178 174/178/179 175/179/180 
f 173/177/178 175/179/180 176/180/181 
f 176/180/181 175/179/180 177/181/182 
f 176/180/181 177/181/182 178/182/183 
f 179/183/184 180/184/185 178/182/183 
f 179/183/184 178/182/183 177/181/182 
f 174/178/179 181/185/186 182/186/187 
f 174/178/179 182/186/187 175/179/180 
f 175/179/180 182/186/187 183/187/188 
f 175/179/180 183/187/188 177/181/182 
f 184/188/189 179/183/184 177/181/182 
f 184/188/189 177/181/182 183/187/188 
f 182/186/187 181/185/186 185/189/190 
f 182/186/187 185/189/190 186/190/191 
f 183/187/188 182/186/187 186/190/191 
f 183/187/188 186/190/191 187/191/192 
f 188/192/193 184/188/189 183/187/188 
f 188/192/193 183/187/188 187/191/192 
f 149/153/154 189/193/194 190/194/195 
f 149/153/154 190/194/195 150/154/155 
f 189/193/194 191/195/196 192/196/197 
f 189/193/194 192/196/197 190/194/195 
f 179/183/184 192/196/197 191/195/196 
f 179/183/184 191/195/196 180/184/185 
f 150/154/155 190/194/195 193/197/198 
f 150/154/155 193/197/198 157/161/162 
f 190/194/195 192/196/197 194/198/199 
f 190/194/195 194/198/199 193/197/198 
f 184/188/189 194/198/199 192/196/197 
f 184/188/189 192/196/197 179/183/184 
f 193/197/198 195/199/200 161/165/166 
f 193/197/198 161/165/166 157/161/162 
f 194/198/199 196/200/201 195/199/200 
f 194/198/199 195/199/200 193/197/198 
f 188/192/193 196/200/201 194/198/199 
f 188/192/193 194/198/199 184/188/189 
f 197/201/202 198/202/203 199/203/204 
f 197/201/202 199/203/204 200/204/205 
f 200/204/205 199/203/204 201/205/206 
f 200/204/205 201/205/206 202/206/207 
f 203/207/208 204/208/209 202/206/207 
f 203/207/208 202/206/207 201/205/206 
f 198/202/203 205/209/210 206/210/211 
f 198/202/203 206/210/211 199/203/204 
f 199/203/204 206/210/211 207/211/212 
f 199/203/204 207/211/212 201/205/206 
f 208/212/213 203/207/208 201/205/206 
f 208/212/213 201/205/206 207/211/212 
f 206/210/211 205/209/210 209/213/214 
f 206/210/211 209/213/214 210/214/215 
f 207/211/212 206/210/211 210/214/215 
f 207/211/212 210/214/215 211/215/216 
f 212/216/217 208/212/213 207/211/212 
f 212/216/217 207/211/212 211/215/216 
f 173/177/178 213/217/218 214/218/219 
f 173/177/178 214/218/219 174/178/179 
f 213/219/220 215/220/221 216/221/222 
f 213/219/220 216/221/222 214/222/223 
f 203/207/208 216/221/222 215/220/221 
f 203/207/208 215/220/221 204/208/209 
f 174/178/179 214/218/219 217/223/224 
f 174/178/179 217/223/224 181/185/186 
f 214/222/223 216/221/222 218/224/225 
f 214/222/223 218/224/225 217/225/226 
f 208/212/213 218/224/225 216/221/222 
f 208/212/213 216/221/222 203/207/208 
f 217/223/224 219/226/227 185/189/190 
f 217/223/224 185/189/190 181/185/186 
f 218/224/225 220/227/228 219/228/229 
f 218/224/225 219/228/229 217/225/226 
f 212/216/217 220/227/228 218/224/225 
f 212/216/217 218/224/225 208/212/213 
f 137/141/142 140/144/145 221/229/230 
f 137/141/142 221/229/230 222/230/231 
f 222/230/231 221/229/230 223/231/232 
f 222/230/231 223/231/232 224/232/233 
f 225/233/234 226/234/235 224/232/233 
f 225/233/234 224/232/233 223/231/232 
f 140/144/145 144/148/149 227/235/236 
f 140/144/145 227/235/236 221/229/230 
f 221/229/230 227/235/236 228/236/237 
f 221/229/230 228/236/237 223/231/232 
f 229/237/238 225/233/234 223/231/232 
f 229/237/238 223/231/232 228/236/237 
f 227/235/236 144/148/149 147/151/152 
f 227/235/236 147/151/152 230/238/239 
f 228/236/237 227/235/236 230/238/239 
f 228/236/237 230/238/239 231/239/240 
f 232/240/241 229/237/238 228/236/237 
f 232/240/241 228/236/237 231/239/240 
f 197/201/202 233/241/242 234/242/243 
f 197/201/202 234/242/243 198/202/203 
f 233/241/242 235/243/244 236/244/245 
f 233/241/242 236/244/245 234/242/243 
f 225/233/234 236/244/245 235/243/244 
f 225/233/234 235/243/244 226/234/235 
f 198/202/203 234/242/243 237/245/246 
f 198/202/203 237/245/246 205/209/210 
f 234/242/243 236/244/245 238/246/247 
f 234/242/243 238/246/247 237/245/246 
f 229/237/238 238/246/247 236/244/245 
f 229/237/238 236/244/245 225/233/234 
f 237/245/246 239/247/248 209/213/214 
f 237/245/246 209/213/214 205/209/210 
f 238/246/247 240/248/249 239/247/248 
f 238/246/247 239/247/248 237/245/246 
f 232/240/241 240/248/249 238/246/247 
f 232/240/241 238/246/247 229/237/238 
f 2/2/2 1/1/1 121/125/126 
f 2/2/2 121/125/126 124/128/129 
f 5/5/5 2/2/2 124/128/129 
f 5/5/5 124/128/129 126/130/131 
f 8/8/8 5/5/5 126/130/131 
f 8/8/8 126/130/131 128/132/133 
f 20/20/20 138/142/143 137/141/142 
f 20/20/20 137/141/142 17/17/17 
f 22/22/22 141/145/146 138/142/143 
f 22/22/22 138/142/143 20/20/20 
f 8/8/8 128/132/133 141/145/146 
f 8/8/8 141/145/146 22/22/22 
f 30/30/30 29/29/29 149/153/154 
f 30/30/30 149/153/154 152/156/157 
f 33/33/33 30/30/30 152/156/157 
f 33/33/33 152/156/157 154/158/159 
f 36/36/36 33/33/33 154/158/159 
f 36/36/36 154/158/159 156/160/161 
f 46/46/46 165/169/170 121/125/126 
f 46/46/46 121/125/126 1/1/1 
f 48/48/48 167/171/172 165/169/170 
f 48/48/48 165/169/170 46/46/46 
f 36/36/36 156/160/161 167/171/172 
f 36/36/36 167/171/172 48/48/48 
f 54/54/54 53/53/53 173/177/178 
f 54/54/54 173/177/178 176/180/181 
f 57/57/57 54/54/54 176/180/181 
f 57/57/57 176/180/181 178/182/183 
f 60/60/60 57/57/57 178/182/183 
f 60/60/60 178/182/183 180/184/185 
f 70/70/70 189/193/194 149/153/154 
f 70/70/70 149/153/154 29/29/29 
f 72/72/72 191/195/196 189/193/194 
f 72/72/72 189/193/194 70/70/70 
f 60/60/60 180/184/185 191/195/196 
f 60/60/60 191/195/196 72/72/72 
f 78/78/78 77/77/77 197/201/202 
f 78/78/78 197/201/202 200/204/205 
f 81/81/81 78/78/78 200/204/205 
f 81/81/81 200/204/205 202/206/207 
f 84/84/84 81/81/81 202/206/207 
f 84/84/84 202/206/207 204/208/209 
f 94/94/94 213/217/218 173/177/178 
f 94/94/94 173/177/178 53/53/53 
f 96/98/98 215/220/221 213/219/220 
f 96/98/98 213/219/220 94/95/95 
f 84/84/84 204/208/209 215/220/221 
f 84/84/84 215/220/221 96/98/98 
f 101/105/105 17/17/17 137/141/142 
f 101/105/105 137/141/142 222/230/231 
f 103/107/107 101/105/105 222/230/231 
f 103/107/107 222/230/231 224/232/233 
f 106/110/110 103/107/107 224/232/233 
f 106/110/110 224/232/233 226/234/235 
f 114/118/118 233/241/242 197/201/202 
f 114/118/118 197/201/202 77/77/77 
f 116/120/120 235/243/244 233/241/242 
f 116/120/120 233/241/242 114/118/118 
f 106/110/110 226/234/235 235/243/244 
f 106/110/110 235/243/244 116/120/120 
f 241/249/250 242/250/251 243/251/252 
f 241/249/250 243/251/252 244/252/253 
f 244/252/253 243/251/252 245/253/254 
f 244/252/253 245/253/254 246/254/255 
f 246/254/255 245/253/254 247/255/256 
f 246/254/255 247/255/256 248/256/257 
f 248/256/257 247/255/256 249/257/258 
f 248/256/257 249/257/258 250/258/259 
f 250/258/259 249/257/258 251/259/260 
f 250/258/259 251/259/260 252/260/261 
f 252/260/261 251/259/260 242/250/251 
f 252/260/261 242/250/251 241/249/250 
f 243/251/252 247/255/256 245/253/254 
f 253/261/262 254/262/263 255/263/262 
f 253/261/262 255/263/262 256/264/262 
f 256/264/264 255/263/264 257/265/264 
f 256/264/264 257/265/264 258/266/264 
f 258/266/265 257/265/265 259/267/265 
f 258/266/265 259/267/265 260/268/266 
f 260/268/267 259/267/267 261/269/267 
f 260/268/267 261/269/267 262/270/267 
f 262/270/268 261/269/269 263/271/269 
f 262/270/268 263/271/269 264/272/270 
f 264/272/271 263/271/272 254/271/271 
f 264/272/271 254/271/271 253/272/273 
f 259/273/274 257/266/275 255/274/274 
f 259/273/274 255/274/274 254/275/274 
f 263/265/274 261/276/276 259/273/274 
f 263/265/274 259/273/274 254/275/274 
f 265/249/250 266/250/251 267/251/277 
f 265/249/250 267/251/277 268/252/278 
f 268/252/278 267/251/277 269/253/279 
f 268/252/278 269/253/279 270/254/280 
f 270/254/280 269/253/279 271/255/281 
f 270/254/280 271/255/281 272/256/282 
f 272/256/282 271/255/281 273/257/283 
f 272/256/282 273/257/283 274/258/284 
f 274/258/284 273/257/283 275/259/285 
f 274/258/284 275/259/285 276/260/286 
f 276/260/286 275/259/285 266/250/251 
f 276/260/286 266/250/251 265/249/250 
f 266/250/251 273/257/283 271/255/281 
f 266/250/251 271/255/281 267/251/277 
f 277/261/262 278/262/263 279/263/262 
f 277/261/262 279/263/262 280/264/262 
f 280/264/264 279/263/264 281/265/264 
f 280/264/264 281/265/264 282/266/264 
f 282/266/265 281/265/266 283/267/265 
f 282/266/265 283/267/265 284/268/265 
f 284/268/267 283/267/287 285/269/287 
f 284/268/267 285/269/287 286/270/288 
f 286/270/269 285/269/269 287/271/269 
f 286/270/269 287/271/269 288/272/269 
f 288/272/271 287/271/271 278/271/271 
f 288/272/271 278/271/271 277/272/289 
f 283/273/290 281/266/290 279/274/290 
f 283/273/290 279/274/290 278/275/274 
f 287/265/274 285/276/290 283/273/290 
f 287/265/274 283/273/290 278/275/274 
f 289/249/250 290/250/251 291/251/252 
f 289/249/250 291/251/252 292/252/291 
f 292/252/291 291/251/252 293/253/254 
f 292/252/291 293/253/254 294/254/255 
f 294/254/255 293/253/254 295/255/292 
f 294/254/255 295/255/292 296/256/293 
f 296/256/293 295/255/292 297/257/294 
f 296/256/293 297/257/294 298/258/284 
f 298/258/284 297/257/294 299/259/295 
f 298/258/284 299/259/295 300/260/296 
f 300/260/296 299/259/295 290/250/251 
f 300/260/296 290/250/251 289/249/250 
f 290/250/251 297/257/294 295/255/292 
f 290/250/251 295/255/292 291/251/252 
f 301/261/262 302/262/263 303/263/262 
f 301/261/262 303/263/262 304/264/262 
f 304/264/297 303/263/297 305/265/297 
f 304/264/297 305/265/297 306/266/297 
f 306/266/266 305/265/266 307/267/266 
f 306/266/266 307/267/266 308/268/266 
f 308/268/267 307/267/267 309/269/267 
f 308/268/267 309/269/267 310/270/287 
f 310/270/270 309/269/270 311/271/270 
f 310/270/270 311/271/270 312/272/270 
f 312/272/271 311/271/271 302/271/271 
f 312/272/271 302/271/271 301/272/289 
f 307/273/274 305/266/274 303/274/274 
f 307/273/274 303/274/274 302/275/274 
f 311/265/274 309/276/290 307/273/274 
f 311/265/274 307/273/274 302/275/274 
f 313/249/298 314/250/251 315/251/252 
f 313/249/298 315/251/252 316/252/253 
f 316/252/253 315/251/252 317/253/299 
f 316/252/253 317/253/299 318/254/255 
f 318/254/255 317/253/299 319/255/292 
f 318/254/255 319/255/292 320/256/300 
f 320/256/300 319/255/292 321/257/283 
f 320/256/300 321/257/283 322/258/301 
f 322/258/301 321/257/283 323/259/302 
f 322/258/301 323/259/302 324/260/286 
f 324/260/286 323/259/302 314/250/251 
f 324/260/286 314/250/251 313/249/298 
f 315/251/252 319/255/292 317/253/299 
f 325/261/263 326/262/303 327/263/303 
f 325/261/263 327/263/303 328/264/263 
f 328/264/264 327/263/297 329/265/304 
f 328/264/264 329/265/304 330/266/264 
f 330/266/305 329/265/265 331/267/265 
f 330/266/305 331/267/265 332/268/305 
f 332/268/287 331/267/287 333/269/287 
f 332/268/287 333/269/287 334/270/267 
f 334/270/270 333/269/269 335/271/268 
f 334/270/270 335/271/268 336/272/270 
f 336/272/271 335/271/272 326/271/272 
f 336/272/271 326/271/272 325/272/289 
f 331/273/274 329/266/306 327/274/274 
f 331/273/274 327/274/274 326/275/307 
f 335/265/307 333/276/307 331/273/274 
f 335/265/307 331/273/274 326/275/307 
f 337/249/308 338/250/251 339/251/309 
f 337/249/308 339/251/309 340/252/278 
f 340/252/278 339/251/309 341/253/310 
f 340/252/278 341/253/310 342/254/255 
f 342/254/255 341/253/310 343/255/311 
f 342/254/255 343/255/311 344/256/312 
f 344/256/312 343/255/311 345/257/283 
f 344/256/312 345/257/283 346/258/313 
f 346/258/313 345/257/283 347/259/302 
f 346/258/313 347/259/302 348/260/314 
f 348/260/314 347/259/302 338/250/251 
f 348/260/314 338/250/251 337/249/308 
f 339/251/309 338/250/251 345/257/283 
f 339/251/309 345/257/283 343/255/311 
f 349/261/263 350/262/263 351/263/263 
f 349/261/263 351/263/263 352/264/263 
f 352/264/304 351/263/315 353/265/297 
f 352/264/304 353/265/297 354/266/264 
f 354/266/266 353/265/305 355/267/265 
f 354/266/266 355/267/265 356/268/266 
f 356/268/267 355/267/267 357/269/267 
f 356/268/267 357/269/267 358/270/267 
f 358/270/270 357/269/270 359/271/270 
f 358/270/270 359/271/270 360/272/269 
f 360/272/289 359/271/289 350/271/289 
f 360/272/289 350/271/289 349/272/289 
f 355/273/290 353/266/290 351/274/290 
f 355/273/290 351/274/290 350/275/290 
f 359/265/316 357/276/290 355/273/290 
f 359/265/316 355/273/290 350/275/290 
f 361/249/313 362/250/317 363/251/302 
f 361/249/313 363/251/302 364/252/286 
f 364/252/286 363/251/302 365/253/251 
f 364/252/286 365/253/251 366/254/250 
f 366/254/250 365/253/251 367/255/252 
f 366/254/250 367/255/252 368/256/253 
f 368/256/253 367/255/252 369/257/318 
f 368/256/253 369/257/318 370/258/255 
f 370/258/255 369/257/318 371/259/311 
f 370/258/255 371/259/311 372/260/282 
f 372/260/282 371/259/311 362/250/317 
f 372/260/282 362/250/317 361/249/313 
f 362/250/317 365/253/251 363/251/302 
f 373/261/270 374/262/270 375/263/270 
f 373/261/270 375/263/270 376/264/270 
f 376/264/271 375/263/289 377/265/271 
f 376/264/271 377/265/271 378/266/271 
f 378/266/262 377/265/262 379/267/262 
f 378/266/262 379/267/262 380/268/263 
f 380/268/264 379/267/297 381/269/297 
f 380/268/264 381/269/297 382/270/264 
f 382/270/319 381/269/265 383/271/319 
f 382/270/319 383/271/319 384/272/320 
f 384/272/267 383/271/267 374/271/267 
f 384/272/267 374/271/267 373/272/267 
f 379/273/274 377/266/290 375/274/274 
f 379/273/274 375/274/274 374/275/274 
f 383/265/274 381/276/307 379/273/274 
f 383/265/274 379/273/274 374/275/274 
f 385/277/321 386/278/321 387/279/322 
f 385/277/321 387/279/322 388/280/323 
f 388/280/323 387/279/322 389/279/324 
f 388/280/323 389/279/324 390/280/325 
f 390/280/325 389/279/324 391/257/262 
f 390/280/325 391/257/262 392/255/262 
f 392/255/262 391/257/262 393/257/326 
f 392/255/262 393/257/326 394/255/327 
f 394/255/327 393/257/326 395/281/328 
f 394/255/327 395/281/328 396/282/329 
f 396/282/329 395/281/328 397/250/330 
f 396/282/329 397/250/330 398/251/331 
f 398/251/331 397/250/330 399/250/332 
f 398/251/331 399/250/332 400/251/333 
f 400/251/333 399/250/332 401/283/334 
f 400/251/333 401/283/334 402/284/335 
f 402/284/335 401/283/334 403/283/336 
f 402/284/335 403/283/336 404/284/337 
f 404/284/337 403/283/336 405/285/338 
f 404/284/337 405/285/338 406/286/339 
f 406/286/339 405/285/338 407/285/267 
f 406/286/339 407/285/267 408/286/287 
f 408/286/287 407/285/267 409/287/340 
f 408/286/287 409/287/340 410/288/341 
f 410/288/341 409/287/340 411/289/342 
f 410/288/341 411/289/342 412/290/343 
f 412/290/343 411/289/342 413/289/344 
f 412/290/343 413/289/344 414/290/345 
f 414/290/345 413/289/344 415/291/346 
f 414/290/345 415/291/346 416/292/347 
f 416/292/347 415/291/346 386/291/348 
f 416/292/347 386/291/348 385/292/348 
f 402/293/349 398/294/350 400/295/351 
f 412/296/349 388/297/350 390/298/349 
f 412/296/349 390/298/349 410/299/349 
f 401/300/274 399/301/307 397/302/290 
f 406/303/349 394/304/349 396/305/349 
f 406/303/349 396/305/349 404/306/350 
f 404/306/350 396/305/349 398/294/350 
f 404/306/350 398/294/350 402/293/349 
f 392/307/349 408/308/349 410/299/349 
f 392/307/349 410/299/349 390/298/349 
f 416/309/352 385/310/350 414/311/349 
f 385/310/350 388/297/350 412/296/349 
f 385/310/350 412/296/349 414/311/349 
f 392/307/349 394/304/349 406/303/349 
f 392/307/349 406/303/349 408/308/349 
f 405/293/274 403/306/290 395/296/274 
f 405/293/274 395/296/274 393/311/274 
f 403/306/290 401/300/274 397/302/290 
f 403/306/290 397/302/290 395/296/274 
f 409/312/290 407/295/274 391/309/274 
f 409/312/290 391/309/274 389/313/290 
f 407/295/274 405/293/274 393/311/274 
f 407/295/274 393/311/274 391/309/274 
f 415/307/307 413/314/290 386/315/274 
f 411/316/290 409/312/290 389/313/290 
f 411/316/290 389/313/290 387/317/290 
f 413/314/290 411/316/290 387/317/290 
f 413/314/290 387/317/290 386/315/274 
f 339/251/309 343/255/311 341/253/310 
f 347/259/302 345/257/283 338/250/251 
f 323/259/302 321/257/283 314/250/251 
f 314/250/251 321/257/283 319/255/292 
f 314/250/251 319/255/292 315/251/252 
f 371/259/311 369/257/318 367/255/252 
f 371/259/311 367/255/252 365/253/251 
f 371/259/311 365/253/251 362/250/317 
f 291/251/252 295/255/292 293/253/254 
f 299/259/295 297/257/294 290/250/251 
f 267/251/277 271/255/281 269/253/279 
f 275/259/285 273/257/283 266/250/251 
f 251/259/260 249/257/258 242/250/251 
f 242/250/251 249/257/258 247/255/256 
f 242/250/251 247/255/256 243/251/252 
# 672 faces

#
# object DrawCall_0316
#

v  3.0516 2.9438 2.6268
v  2.3966 3.5276 2.6215
v  2.3744 3.4971 2.7122
v  3.0234 2.9185 2.7176
v  3.5709 2.2364 2.6314
v  3.5382 2.2175 2.7222
v  3.8960 1.4247 2.7257
v  3.9320 1.4365 2.6350
v  4.1237 -0.2989 2.6385
v  4.0860 -0.2950 2.7292
v  3.9099 -1.1469 2.7289
v  3.9460 -1.1585 2.6383
v  4.1190 0.5789 2.6374
v  4.0813 0.5748 2.7281
v  3.5936 -1.9622 2.6367
v  3.5606 -1.9435 2.7274
v  3.0819 -2.6752 2.6340
v  3.0535 -2.6500 2.7247
v  2.4107 -3.2355 2.7208
v  2.4333 -3.2660 2.6301
v  0.8434 -3.9847 2.6196
v  0.8351 -3.9478 2.7104
v  -0.0288 -4.0434 2.7044
v  -0.0283 -4.0812 2.6135
v  1.6761 -3.7090 2.6252
v  1.6603 -3.6745 2.7160
v  -0.9011 -3.9941 2.6071
v  -0.8937 -3.9571 2.6980
v  -1.7367 -3.7274 2.6008
v  -1.7218 -3.6927 2.6918
v  -2.4769 -3.2619 2.6859
v  -2.4986 -3.2926 2.5948
v  -3.6730 -2.0014 2.5849
v  -3.6407 -1.9823 2.6760
v  -3.9985 -1.1895 2.6725
v  -4.0341 -1.2015 2.5813
v  -3.1536 -2.7088 2.5894
v  -3.1260 -2.6833 2.6806
v  -4.2210 -0.3439 2.5789
v  -4.1839 -0.3396 2.6701
v  -4.2258 0.5339 2.5778
v  -4.1886 0.5303 2.6690
v  -4.0124 1.3821 2.6692
v  -4.0481 1.3934 2.5780
v  -3.1840 2.9101 2.5823
v  -3.1561 2.8852 2.6735
v  -2.5133 3.4707 2.6774
v  -2.5353 3.5010 2.5862
v  -3.6957 2.1972 2.5795
v  -3.6632 2.1787 2.6707
v  -1.7782 3.9440 2.5911
v  -1.7629 3.9097 2.6822
v  -0.9455 4.2197 2.5967
v  -0.9377 4.1830 2.6878
v  -0.0738 4.2786 2.6938
v  -0.0737 4.3162 2.6028
v  1.6347 3.9624 2.6155
v  1.6193 3.9280 2.7063
v  0.7991 4.2291 2.6092
v  0.7912 4.1923 2.7001
v  2.1709 3.2130 2.5843
v  2.7655 2.6830 2.5892
v  3.2370 2.0409 2.5934
v  3.3285 1.8382 2.5943
v  3.5647 1.3148 2.5966
v  3.4936 1.2911 2.5258
v  3.5317 1.3038 2.5639
v  3.3098 1.8259 2.5564
v  3.2970 1.7569 2.4975
v  2.1583 3.1952 2.5530
v  2.7494 2.6683 2.5579
v  3.2182 2.0299 2.5620
v  3.7388 -0.2605 2.5998
v  3.5774 -1.0408 2.5996
v  3.7345 0.5363 2.5988
v  3.6871 0.7536 2.5982
v  3.7171 -0.2584 2.5684
v  3.5567 -1.0342 2.5682
v  3.7128 0.5338 2.5674
v  3.6648 0.7522 2.5603
v  3.6135 0.7997 2.5009
v  3.5406 0.8218 2.4294
v  3.3569 0.7701 2.2896
v  3.2517 1.6954 2.4262
v  3.0737 1.6267 2.2865
v  3.2576 -1.7705 2.5982
v  2.7930 -2.4176 2.5957
v  2.6287 -2.5674 2.5947
v  2.2043 -2.9540 2.5921
v  2.1600 -2.8935 2.5214
v  2.1837 -2.9259 2.5595
v  2.6113 -2.5533 2.5568
v  2.5420 -2.5623 2.4974
v  3.2386 -1.7597 2.5668
v  2.7768 -2.4031 2.5643
v  0.7610 -3.6064 2.5826
v  -0.0303 -3.6939 2.5771
v  1.5169 -3.3561 2.5877
v  1.7088 -3.2439 2.5890
v  0.7565 -3.5850 2.5513
v  -0.0304 -3.6721 2.5458
v  1.5080 -3.3362 2.5564
v  1.7007 -3.2229 2.5511
v  1.7302 -3.1593 2.4924
v  1.7288 -3.0830 2.4212
v  1.6234 -2.9239 2.2817
v  2.4698 -2.5381 2.4258
v  2.3499 -2.3896 2.2863
v  -0.8226 -3.6149 2.5713
v  -1.5811 -3.3728 2.5656
v  -1.7742 -3.2627 2.5641
v  -2.2728 -2.9781 2.5602
v  -2.2288 -2.9172 2.4901
v  -2.2523 -2.9498 2.5278
v  -1.7661 -3.2416 2.5264
v  -1.7960 -3.1784 2.4672
v  -0.8181 -3.5935 2.5401
v  -1.5723 -3.3528 2.5344
v  -3.3388 -1.8060 2.5511
v  -3.6666 -1.0799 2.5479
v  -2.8673 -2.4481 2.5553
v  -2.7014 -2.5961 2.5567
v  -3.3198 -1.7950 2.5200
v  -3.6457 -1.0730 2.5168
v  -2.8511 -2.4334 2.5241
v  -2.6839 -2.5818 2.5190
v  -2.6142 -2.5901 2.4606
v  -2.5418 -2.5651 2.3901
v  -2.4227 -2.4154 2.2522
v  -1.7950 -3.1020 2.3961
v  -1.6906 -2.9417 2.2581
v  -3.8363 -0.3014 2.5457
v  -3.8406 0.4954 2.5447
v  -3.7956 0.7133 2.5448
v  -3.6793 1.2757 2.5449
v  -3.6076 1.2528 2.4751
v  -3.6460 1.2651 2.5126
v  -3.7730 0.7121 2.5072
v  -3.7219 0.7602 2.4486
v  -3.8145 -0.2990 2.5146
v  -3.8188 0.4932 2.5136
v  -2.8949 2.6525 2.5488
v  -2.3061 3.1889 2.5524
v  -3.3594 2.0054 2.5463
v  -3.4487 1.8017 2.5459
v  -2.8785 2.6379 2.5177
v  -2.2931 3.1712 2.5212
v  -3.3403 1.9945 2.5152
v  -3.4296 1.7895 2.5083
v  -3.4158 1.7207 2.4496
v  -3.3695 1.6597 2.3790
v  -3.1899 1.5929 2.2418
v  -3.6489 0.7830 2.3780
v  -3.4639 0.7334 2.2409
v  -1.6188 3.5910 2.5568
v  -0.8629 3.8413 2.5619
v  -0.6420 3.8658 2.5634
v  -0.0715 3.9289 2.5674
v  -0.0709 3.8536 2.4972
v  -0.0712 3.8939 2.5350
v  -0.6360 3.8440 2.5257
v  -0.5743 3.8103 2.4673
v  -1.6097 3.5710 2.5256
v  -0.8581 3.8199 2.5307
v  1.4793 3.6077 2.5789
v  0.7208 3.8499 2.5732
v  0.4996 3.8720 2.5716
v  1.4706 3.5876 2.5476
v  0.7164 3.8284 2.5419
v  0.4940 3.8501 2.5338
v  0.4331 3.8157 2.4745
v  0.3897 3.7529 2.4032
v  0.3821 3.5616 2.2649
v  -0.5298 3.7480 2.3967
v  -0.5194 3.5568 2.2585
v  -0.0461 0.1154 0.8764
v  -0.2821 0.8293 0.8493
v  -0.4910 0.7213 0.8480
v  -0.6563 0.5541 0.8470
v  -0.7619 0.3439 0.8465
v  -0.7974 0.1113 0.8465
v  -0.7594 -0.1209 0.8471
v  -0.6515 -0.3300 0.8481
v  -0.4844 -0.4954 0.8495
v  -0.2744 -0.6011 0.8511
v  -0.0420 -0.6367 0.8528
v  0.1900 -0.5986 0.8544
v  0.3989 -0.4907 0.8558
v  0.5643 -0.3234 0.8568
v  0.6699 -0.1132 0.8573
v  0.7054 0.1194 0.8572
v  0.6674 0.3516 0.8567
v  0.5595 0.5606 0.8557
v  0.3924 0.7261 0.8543
v  0.1823 0.8318 0.8526
v  -0.0501 0.8673 0.8509
# 196 vertices

vn 0.6813 0.6229 0.3843
vn 0.5368 0.7513 0.3840
vn 0.5371 0.7511 0.3839
vn 0.6816 0.6227 0.3843
vn 0.7959 0.4672 0.3850
vn 0.7961 0.4669 0.3850
vn 0.8757 0.2908 0.3854
vn 0.8756 0.2910 0.3854
vn 0.9180 -0.0912 0.3860
vn 0.8788 -0.2804 0.3861
vn 0.8787 -0.2806 0.3861
vn 0.9169 0.1021 0.3859
vn 0.9169 0.1021 0.3860
vn 0.8010 -0.4576 0.3861
vn 0.8011 -0.4574 0.3861
vn 0.6880 -0.6145 0.3860
vn 0.6882 -0.6143 0.3860
vn 0.5452 -0.7443 0.3857
vn 0.5449 -0.7445 0.3857
vn 0.1941 -0.9024 0.3847
vn 0.1946 -0.9023 0.3847
vn 0.0025 -0.9232 0.3842
vn 0.0020 -0.9232 0.3842
vn 0.3778 -0.8419 0.3854
vn 0.3782 -0.8417 0.3854
vn -0.1902 -0.9037 0.3835
vn -0.1898 -0.9038 0.3835
vn -0.3741 -0.8447 0.3827
vn -0.3737 -0.8449 0.3827
vn -0.5413 -0.7491 0.3819
vn -0.5416 -0.7489 0.3819
vn -0.7995 -0.4648 0.3806
vn -0.7993 -0.4650 0.3806
vn -0.8786 -0.2892 0.3800
vn -0.8786 -0.2891 0.3800
vn -0.6855 -0.6203 0.3812
vn -0.6853 -0.6205 0.3812
vn -0.9196 -0.1008 0.3798
vn -0.9206 0.0918 0.3795
vn -0.9206 0.0919 0.3795
vn -0.8817 0.2807 0.3793
vn -0.8817 0.2805 0.3793
vn -0.6921 0.6138 0.3797
vn -0.6919 0.6141 0.3797
vn -0.5494 0.7441 0.3801
vn -0.5497 0.7439 0.3801
vn -0.8044 0.4571 0.3795
vn -0.8043 0.4573 0.3795
vn -0.3832 0.8416 0.3807
vn -0.3828 0.8418 0.3807
vn -0.2000 0.9027 0.3811
vn -0.1995 0.9028 0.3811
vn -0.0075 0.9242 0.3819
vn -0.0079 0.9242 0.3819
vn 0.3687 0.8469 0.3832
vn 0.3691 0.8467 0.3832
vn 0.1844 0.9054 0.3825
vn 0.1849 0.9053 0.3825
vn -0.2057 -0.2756 0.9390
vn -0.3529 -0.4818 0.8021
vn -0.4455 -0.3989 0.8015
vn -0.2588 -0.2282 0.9386
vn -0.5188 -0.2987 0.8010
vn -0.3010 -0.1708 0.9382
vn -0.5843 -0.2577 0.7695
vn -0.4928 -0.1648 0.8544
vn -0.3303 -0.1058 0.9379
vn -0.6595 -0.2245 0.7174
vn -0.6544 -0.2269 0.7213
vn -0.7881 -0.3369 0.5151
vn -0.7635 -0.2871 0.5784
vn -0.4815 -0.6636 0.5725
vn -0.6091 -0.5497 0.5717
vn -0.7121 -0.4129 0.5678
vn -0.3314 0.1046 0.9377
vn -0.3458 0.0349 0.9376
vn -0.5969 0.0598 0.8000
vn -0.5717 0.1813 0.8002
vn -0.3455 -0.0363 0.9377
vn -0.5984 -0.0614 0.7988
vn -0.6291 -0.1350 0.7655
vn -0.8175 0.0817 0.5701
vn -0.7827 0.2489 0.5704
vn -0.8172 -0.0822 0.5705
vn -0.8331 -0.1853 0.5212
vn -0.7776 -0.2037 0.5948
vn -0.6480 -0.1990 0.7352
vn -0.5622 -0.1830 0.8065
vn -0.6405 -0.2218 0.7353
vn -0.5220 0.2951 0.8002
vn -0.3028 0.1699 0.9378
vn -0.4498 0.3961 0.8005
vn -0.2613 0.2277 0.9380
vn -0.4309 0.4714 0.7695
vn -0.3147 0.4127 0.8548
vn -0.2086 0.2758 0.9383
vn -0.4223 0.5537 0.7177
vn -0.4231 0.5481 0.7215
vn -0.5678 0.6423 0.5148
vn -0.5132 0.6340 0.5785
vn -0.7144 0.4055 0.5703
vn -0.6168 0.5462 0.5668
vn -0.0086 0.3422 0.9396
vn -0.0795 0.3343 0.9391
vn -0.1327 0.5822 0.8021
vn -0.0090 0.5961 0.8029
vn -0.1471 0.3118 0.9387
vn -0.2487 0.5459 0.8001
vn -0.3280 0.5524 0.7663
vn -0.1785 0.8005 0.5722
vn -0.0083 0.8194 0.5731
vn -0.3347 0.7492 0.5716
vn -0.4376 0.7322 0.5219
vn -0.4383 0.6732 0.5956
vn -0.3945 0.5504 0.7358
vn -0.3531 0.4734 0.8070
vn -0.4139 0.5362 0.7356
vn -0.3532 0.4734 0.8070
vn 0.1149 0.5841 0.8035
vn 0.0624 0.3352 0.9401
vn 0.2337 0.5465 0.8042
vn 0.1305 0.3137 0.9405
vn 0.3117 0.5521 0.7733
vn 0.2908 0.4223 0.8585
vn 0.1925 0.2784 0.9410
vn 0.3932 0.5696 0.7218
vn 0.3875 0.5685 0.7258
vn 0.4338 0.7368 0.5187
vn 0.4424 0.6819 0.5825
vn 0.1622 0.8028 0.5738
vn 0.3267 0.7533 0.5708
vn 0.3177 0.1085 0.9420
vn 0.2882 0.1735 0.9417
vn 0.5094 0.3019 0.8058
vn 0.5608 0.1884 0.8063
vn 0.2459 0.2310 0.9414
vn 0.4389 0.4012 0.8040
vn 0.4207 0.4791 0.7703
vn 0.7045 0.4145 0.5761
vn 0.7751 0.2583 0.5767
vn 0.6074 0.5473 0.5758
vn 0.5597 0.6404 0.5259
vn 0.5029 0.6225 0.5996
vn 0.3985 0.5419 0.7399
vn 0.3373 0.4782 0.8109
vn 0.3790 0.5562 0.7396
vn 0.5872 0.0665 0.8067
vn 0.3329 0.0387 0.9422
vn 0.5881 -0.0581 0.8067
vn 0.3333 -0.0327 0.9423
vn 0.6176 -0.1303 0.7756
vn 0.4870 -0.1511 0.8602
vn 0.3188 -0.1026 0.9422
vn 0.6595 -0.2019 0.7240
vn 0.6567 -0.1969 0.7280
vn 0.8326 -0.1877 0.5211
vn 0.7825 -0.2132 0.5850
vn 0.8114 0.0908 0.5774
vn 0.8152 -0.0809 0.5734
vn 0.1955 -0.2739 0.9417
vn 0.2484 -0.2259 0.9419
vn 0.4396 -0.3955 0.8064
vn 0.3473 -0.4791 0.8061
vn 0.2901 -0.1680 0.9421
vn 0.5126 -0.2980 0.8052
vn 0.5814 -0.2564 0.7721
vn 0.6086 -0.5444 0.5773
vn 0.4817 -0.6596 0.5771
vn 0.7053 -0.4113 0.5773
vn 0.7794 -0.3372 0.5281
vn 0.7446 -0.2893 0.6015
vn 0.6350 -0.2158 0.7418
vn 0.5548 -0.1777 0.8128
vn 0.6422 -0.1928 0.7419
vn 0.2396 -0.5419 0.8055
vn 0.1338 -0.3098 0.9413
vn 0.1212 -0.5807 0.8051
vn 0.0660 -0.3322 0.9409
vn 0.0620 -0.6307 0.7735
vn 0.0013 -0.5137 0.8580
vn -0.0049 -0.3399 0.9404
vn 0.0072 -0.6924 0.7215
vn 0.0111 -0.6883 0.7254
vn 0.0754 -0.8512 0.5194
vn 0.0353 -0.8117 0.5829
vn 0.3337 -0.7460 0.5763
vn 0.1713 -0.8020 0.5723
vn -0.1438 -0.3109 0.9395
vn -0.2449 -0.5434 0.8029
vn -0.0759 -0.3327 0.9400
vn -0.1299 -0.5828 0.8022
vn -0.0690 -0.6352 0.7692
vn -0.3329 -0.7485 0.5736
vn -0.1767 -0.7995 0.5741
vn -0.0832 -0.8468 0.5253
vn -0.0488 -0.7993 0.5990
vn -0.0137 -0.6733 0.7392
vn -0.0026 -0.5859 0.8103
vn 0.0104 -0.6731 0.7395
vn -0.0026 -0.5859 0.8104
vn -0.0071 0.0012 1.0000
vn -0.0173 0.0321 0.9993
vn -0.0264 0.0275 0.9993
vn -0.0336 0.0202 0.9992
vn -0.0382 0.0111 0.9992
vn -0.0397 0.0010 0.9992
vn -0.0380 -0.0090 0.9992
vn -0.0334 -0.0180 0.9993
vn -0.0261 -0.0252 0.9993
vn -0.0170 -0.0298 0.9994
vn -0.0070 -0.0313 0.9995
vn 0.0031 -0.0297 0.9996
vn 0.0121 -0.0250 0.9996
vn 0.0193 -0.0178 0.9997
vn 0.0239 -0.0086 0.9997
vn 0.0254 0.0014 0.9997
vn 0.0238 0.0114 0.9997
vn 0.0191 0.0205 0.9996
vn 0.0118 0.0277 0.9995
vn 0.0027 0.0322 0.9995
vn -0.0073 0.0338 0.9994
# 221 vertex normals

vt 0.0436 0.2516 0.0000
vt 0.0436 0.2515 0.0000
vt 0.0436 0.2517 0.0000
vt 0.0436 0.2518 0.0000
vt 0.0436 0.2520 0.0000
vt 0.0436 0.2521 0.0000
vt 0.0436 0.2519 0.0000
vt 0.0436 0.2522 0.0000
vt 0.0436 0.2523 0.0000
vt 0.0436 0.2524 0.0000
vt 0.0435 0.2524 0.0000
vt 0.0435 0.2523 0.0000
vt 0.0435 0.2522 0.0000
vt 0.0435 0.2521 0.0000
vt 0.0435 0.2520 0.0000
vt 0.0435 0.2519 0.0000
vt 0.0435 0.2518 0.0000
vt 0.0435 0.2516 0.0000
vt 0.0435 0.2515 0.0000
vt 0.0435 0.2517 0.0000
vt 0.0435 0.2514 0.0000
vt 0.0436 0.2514 0.0000
# 22 texture coords

o DrawCall_0316
g DrawCall_0316
usemtl 24fe1dbe_dds
s 1
f 417/318/353 418/319/354 419/319/355 
f 417/318/353 419/319/355 420/318/356 
f 421/320/357 417/318/353 420/318/356 
f 421/320/357 420/318/356 422/320/358 
f 423/321/359 424/321/360 421/320/357 
f 423/321/359 421/320/357 422/320/358 
f 425/322/361 426/322/361 427/323/362 
f 425/322/361 427/323/362 428/323/363 
f 429/324/364 430/324/365 426/322/361 
f 429/324/364 426/322/361 425/322/361 
f 423/321/359 430/324/365 429/324/364 
f 423/321/359 429/324/364 424/321/360 
f 431/325/366 428/323/363 427/323/362 
f 431/325/366 427/323/362 432/325/367 
f 433/325/368 431/325/366 432/325/367 
f 433/325/368 432/325/367 434/325/369 
f 435/326/370 436/326/371 433/325/368 
f 435/326/370 433/325/368 434/325/369 
f 437/327/372 438/327/373 439/327/374 
f 437/327/372 439/327/374 440/327/375 
f 441/327/376 442/327/377 438/327/373 
f 441/327/376 438/327/373 437/327/372 
f 435/326/370 442/327/377 441/327/376 
f 435/326/370 441/327/376 436/326/371 
f 443/328/378 440/327/375 439/327/374 
f 443/328/378 439/327/374 444/328/379 
f 445/328/380 443/328/378 444/328/379 
f 445/328/380 444/328/379 446/328/381 
f 447/329/382 448/329/383 445/328/380 
f 447/329/382 445/328/380 446/328/381 
f 449/330/384 450/330/385 451/331/386 
f 449/330/384 451/331/386 452/331/387 
f 453/330/388 454/330/389 450/330/385 
f 453/330/388 450/330/385 449/330/384 
f 447/329/382 454/330/389 453/330/388 
f 447/329/382 453/330/388 448/329/383 
f 455/332/390 452/331/387 451/331/386 
f 455/332/390 451/331/386 456/332/390 
f 457/333/391 455/332/390 456/332/390 
f 457/333/391 456/332/390 458/333/392 
f 459/334/393 460/334/394 457/333/391 
f 459/334/393 457/333/391 458/333/392 
f 461/335/395 462/335/396 463/336/397 
f 461/335/395 463/336/397 464/336/398 
f 465/337/399 466/337/400 462/335/396 
f 465/337/399 462/335/396 461/335/395 
f 459/334/393 466/337/400 465/337/399 
f 459/334/393 465/337/399 460/334/394 
f 467/336/401 464/336/398 463/336/397 
f 467/336/401 463/336/397 468/336/402 
f 469/338/403 467/336/401 468/336/402 
f 469/338/403 468/336/402 470/338/404 
f 471/339/405 472/339/406 469/338/403 
f 471/339/405 469/338/403 470/338/404 
f 473/319/407 474/319/408 419/319/355 
f 473/319/407 419/319/355 418/319/354 
f 475/339/409 476/339/410 474/319/408 
f 475/339/409 474/319/408 473/319/407 
f 471/339/405 476/339/410 475/339/409 
f 471/339/405 475/339/409 472/339/406 
f 419/319/411 477/318/412 478/318/413 
f 419/319/411 478/318/413 420/318/414 
f 420/318/414 478/318/413 479/320/415 
f 420/318/414 479/320/415 422/320/416 
f 480/320/417 481/321/418 423/321/419 
f 480/320/417 423/321/419 422/320/416 
f 482/321/420 483/321/421 484/320/422 
f 482/321/420 484/320/422 485/320/423 
f 478/318/413 477/318/412 486/318/424 
f 478/318/413 486/318/424 487/318/425 
f 479/320/415 478/318/413 487/318/425 
f 479/320/415 487/318/425 488/320/426 
f 480/320/417 479/320/415 488/320/426 
f 480/320/417 488/320/426 484/320/422 
f 480/320/417 484/320/422 483/321/421 
f 480/320/417 483/321/421 481/321/418 
f 480/320/417 422/320/416 479/320/415 
f 427/323/427 426/322/428 489/322/429 
f 427/323/427 489/322/429 490/323/430 
f 426/322/428 430/324/431 491/324/432 
f 426/322/428 491/324/432 489/322/429 
f 492/321/433 430/324/431 423/321/419 
f 492/321/433 423/321/419 481/321/418 
f 489/322/429 493/322/434 494/322/435 
f 489/322/429 494/322/435 490/323/430 
f 491/324/432 495/324/436 493/322/434 
f 491/324/432 493/322/434 489/322/429 
f 496/321/437 495/324/436 491/324/432 
f 496/321/437 491/324/432 492/321/433 
f 497/321/438 496/321/437 483/321/421 
f 497/321/438 483/321/421 482/321/420 
f 498/321/439 497/321/438 482/321/420 
f 499/321/440 498/321/439 500/320/441 
f 499/321/440 500/320/441 501/320/440 
f 496/321/437 492/321/433 481/321/418 
f 496/321/437 481/321/418 483/321/421 
f 492/321/433 491/324/432 430/324/431 
f 427/323/427 490/323/430 502/323/442 
f 427/323/427 502/323/442 432/325/443 
f 432/325/443 502/323/442 503/325/444 
f 432/325/443 503/325/444 434/325/445 
f 504/325/446 505/326/447 435/326/448 
f 504/325/446 435/326/448 434/325/445 
f 506/326/449 507/326/450 508/325/451 
f 506/326/449 508/325/451 509/325/452 
f 502/323/442 490/323/430 494/322/435 
f 502/323/442 494/322/435 510/323/453 
f 503/325/444 502/323/442 510/323/453 
f 503/325/444 510/323/453 511/325/454 
f 504/325/446 503/325/444 511/325/454 
f 504/325/446 511/325/454 508/325/451 
f 504/325/446 508/325/451 507/326/450 
f 504/325/446 507/326/450 505/326/447 
f 504/325/446 434/325/445 503/325/444 
f 439/327/455 438/327/456 512/326/457 
f 439/327/455 512/326/457 513/327/458 
f 438/327/456 442/327/459 514/326/460 
f 438/327/456 514/326/460 512/326/457 
f 515/326/461 442/327/459 435/326/448 
f 515/326/461 435/326/448 505/326/447 
f 512/326/457 516/326/462 517/327/463 
f 512/326/457 517/327/463 513/327/458 
f 514/326/460 518/326/464 516/326/462 
f 514/326/460 516/326/462 512/326/457 
f 519/326/465 518/326/464 514/326/460 
f 519/326/465 514/326/460 515/326/461 
f 520/326/466 519/326/465 507/326/450 
f 520/326/466 507/326/450 506/326/449 
f 521/326/467 520/326/466 506/326/449 
f 522/326/468 521/326/467 523/325/469 
f 522/326/468 523/325/469 524/325/470 
f 519/326/465 515/326/461 505/326/447 
f 519/326/465 505/326/447 507/326/450 
f 515/326/461 514/326/460 442/327/459 
f 439/327/455 513/327/458 525/329/471 
f 439/327/455 525/329/471 444/328/472 
f 444/328/472 525/329/471 526/329/473 
f 444/328/472 526/329/473 446/328/474 
f 527/329/475 528/329/476 447/329/477 
f 527/329/475 447/329/477 446/328/474 
f 529/329/478 530/329/479 531/329/480 
f 529/329/478 531/329/480 532/329/481 
f 525/329/471 513/327/458 517/327/463 
f 525/329/471 517/327/463 533/329/482 
f 526/329/473 525/329/471 533/329/482 
f 526/329/473 533/329/482 534/329/483 
f 527/329/475 526/329/473 534/329/483 
f 527/329/475 534/329/483 531/329/480 
f 527/329/475 531/329/480 530/329/479 
f 527/329/475 530/329/479 528/329/476 
f 527/329/475 446/328/474 526/329/473 
f 451/331/484 450/330/485 535/331/486 
f 451/331/484 535/331/486 536/331/487 
f 450/330/485 454/330/488 537/330/489 
f 450/330/485 537/330/489 535/331/486 
f 538/330/490 454/330/488 447/329/477 
f 538/330/490 447/329/477 528/329/476 
f 535/331/486 539/331/491 540/332/492 
f 535/331/486 540/332/492 536/331/487 
f 537/330/489 541/330/493 539/331/491 
f 537/330/489 539/331/491 535/331/486 
f 542/330/494 541/330/493 537/330/489 
f 542/330/494 537/330/489 538/330/490 
f 543/330/495 542/330/494 530/329/479 
f 543/330/495 530/329/479 529/329/478 
f 544/330/496 543/330/495 529/329/478 
f 545/330/497 544/330/496 546/329/498 
f 545/330/497 546/329/498 547/329/497 
f 542/330/494 538/330/490 528/329/476 
f 542/330/494 528/329/476 530/329/479 
f 538/330/490 537/330/489 454/330/488 
f 451/331/484 536/331/487 548/332/499 
f 451/331/484 548/332/499 456/332/500 
f 456/332/500 548/332/499 549/333/501 
f 456/332/500 549/333/501 458/333/502 
f 550/334/503 551/334/504 459/334/505 
f 550/334/503 459/334/505 458/333/502 
f 552/334/506 553/334/507 554/334/508 
f 552/334/506 554/334/508 555/334/509 
f 548/332/499 536/331/487 540/332/492 
f 548/332/499 540/332/492 556/332/510 
f 549/333/501 548/332/499 556/332/510 
f 549/333/501 556/332/510 557/333/511 
f 550/334/503 549/333/501 557/333/511 
f 550/334/503 557/333/511 554/334/508 
f 550/334/503 554/334/508 553/334/507 
f 550/334/503 553/334/507 551/334/504 
f 550/334/503 458/333/502 549/333/501 
f 463/336/512 462/335/513 558/335/514 
f 463/336/512 558/335/514 559/335/515 
f 462/335/513 466/337/516 560/337/517 
f 462/335/513 560/337/517 558/335/514 
f 561/337/518 466/337/516 459/334/505 
f 561/337/518 459/334/505 551/334/504 
f 558/335/514 562/335/519 563/335/520 
f 558/335/514 563/335/520 559/335/515 
f 560/337/517 564/337/521 562/335/519 
f 560/337/517 562/335/519 558/335/514 
f 565/337/522 564/337/521 560/337/517 
f 565/337/522 560/337/517 561/337/518 
f 566/337/523 565/337/522 553/334/507 
f 566/337/523 553/334/507 552/334/506 
f 567/337/524 566/337/523 552/334/506 
f 568/337/525 567/337/524 569/334/526 
f 568/337/525 569/334/526 570/334/525 
f 565/337/522 561/337/518 551/334/504 
f 565/337/522 551/334/504 553/334/507 
f 561/337/518 560/337/517 466/337/516 
f 463/336/512 559/335/515 571/336/527 
f 463/336/512 571/336/527 468/336/528 
f 468/336/528 571/336/527 572/336/529 
f 468/336/528 572/336/529 470/338/530 
f 573/336/531 574/319/532 471/339/533 
f 573/336/531 471/339/533 470/338/530 
f 575/319/534 576/319/535 577/336/536 
f 575/319/534 577/336/536 578/336/537 
f 571/336/527 559/335/515 563/335/520 
f 571/336/527 563/335/520 579/336/538 
f 572/336/529 571/336/527 579/336/538 
f 572/336/529 579/336/538 580/336/539 
f 573/336/531 572/336/529 580/336/539 
f 573/336/531 580/336/539 577/336/536 
f 573/336/531 577/336/536 576/319/535 
f 573/336/531 576/319/535 574/319/532 
f 573/336/531 470/338/530 572/336/529 
f 419/319/411 474/319/540 581/319/541 
f 419/319/411 581/319/541 477/318/412 
f 474/319/540 476/339/542 582/319/543 
f 474/319/540 582/319/543 581/319/541 
f 583/319/544 476/339/542 471/339/533 
f 583/319/544 471/339/533 574/319/532 
f 581/319/541 584/319/545 486/318/424 
f 581/319/541 486/318/424 477/318/412 
f 582/319/543 585/319/546 584/319/545 
f 582/319/543 584/319/545 581/319/541 
f 586/319/547 585/319/546 582/319/543 
f 586/319/547 582/319/543 583/319/544 
f 587/319/548 586/319/547 576/319/535 
f 587/319/548 576/319/535 575/319/534 
f 588/319/549 587/319/548 575/319/534 
f 589/319/550 588/319/549 590/336/551 
f 589/319/550 590/336/551 591/336/552 
f 586/319/547 583/319/544 574/319/532 
f 586/319/547 574/319/532 576/319/535 
f 583/319/544 582/319/543 476/339/542 
f 592/324/553 593/334/554 594/334/555 
f 592/324/553 594/334/555 595/334/556 
f 592/324/553 595/334/556 596/333/557 
f 592/324/553 596/333/557 597/333/558 
f 592/324/553 597/333/558 598/332/559 
f 592/324/553 598/332/559 599/332/560 
f 592/324/553 599/332/560 600/332/561 
f 592/324/553 600/332/561 601/332/562 
f 592/324/553 601/332/562 602/323/563 
f 592/324/553 602/323/563 603/322/564 
f 592/324/553 603/322/564 604/322/565 
f 592/324/553 604/322/565 605/322/566 
f 592/324/553 605/322/566 606/322/567 
f 592/324/553 606/322/567 607/324/568 
f 592/324/553 607/324/568 608/324/569 
f 592/324/553 608/324/569 609/321/570 
f 592/324/553 609/321/570 610/321/571 
f 592/324/553 610/321/571 611/321/572 
f 592/324/553 611/321/572 612/321/573 
f 592/324/553 612/321/573 593/334/554 
f 567/337/524 552/334/506 569/334/526 
f 569/334/526 552/334/506 555/334/509 
f 588/319/549 575/319/534 590/336/551 
f 590/336/551 575/319/534 578/336/537 
f 500/320/441 482/321/420 485/320/423 
f 498/321/439 482/321/420 500/320/441 
f 521/326/467 506/326/449 523/325/469 
f 523/325/469 506/326/449 509/325/452 
f 546/329/498 529/329/478 532/329/481 
f 544/330/496 529/329/478 546/329/498 
# 275 faces

#
# object DrawCall_0321
#

v  -0.4924 0.7250 0.2008
v  -0.2820 0.8338 0.2021
v  -0.4486 1.3377 0.2003
v  -0.8065 1.1528 0.1980
v  -0.6590 0.5565 0.1998
v  -1.0898 0.8662 0.1963
v  -0.7653 0.3447 0.1993
v  -1.2707 0.5061 0.1955
v  -0.8011 0.1105 0.1993
v  -1.3316 0.1076 0.1955
v  -0.7628 -0.1234 0.1999
v  -1.2664 -0.2902 0.1965
v  -0.6542 -0.3340 0.2009
v  -1.0816 -0.6484 0.1982
v  -0.4858 -0.5007 0.2023
v  -0.7953 -0.9319 0.2006
v  -0.2742 -0.6072 0.2039
v  -0.4354 -1.1129 0.2034
v  -0.0401 -0.6430 0.2057
v  -0.0372 -1.1739 0.2063
v  0.1936 -0.6047 0.2073
v  0.3603 -1.1086 0.2091
v  0.4041 -0.4959 0.2087
v  0.7182 -0.9237 0.2114
v  0.5706 -0.3274 0.2096
v  1.0014 -0.6371 0.2131
v  0.6770 -0.1157 0.2101
v  1.1823 -0.2770 0.2140
v  0.7128 0.1186 0.2101
v  1.2432 0.1215 0.2139
v  0.6745 0.3525 0.2095
v  1.1780 0.5193 0.2130
v  0.5658 0.5631 0.2085
v  0.9932 0.8775 0.2112
v  0.3974 0.7298 0.2071
v  0.7069 1.1610 0.2088
v  0.1858 0.8363 0.2055
v  0.3470 1.3420 0.2060
v  -0.0483 0.8721 0.2037
v  -0.0511 1.4029 0.2031
v  -0.8098 1.1542 1.3440
v  -0.4519 1.3391 1.3463
v  -0.5367 1.5957 1.3454
v  -0.9697 1.3720 1.3426
v  -1.0930 0.8676 1.3423
v  -1.3124 1.0253 1.3406
v  -1.2740 0.5075 1.3415
v  -1.5312 0.5896 1.3395
v  -1.3348 0.1090 1.3415
v  -1.6049 0.1076 1.3396
v  -1.2697 -0.2888 1.3425
v  -1.5260 -0.3737 1.3408
v  -1.0849 -0.6470 1.3443
v  -1.3025 -0.8070 1.3429
v  -0.7985 -0.9305 1.3466
v  -0.9561 -1.1500 1.3458
v  -0.4386 -1.1115 1.3495
v  -0.5207 -1.3690 1.3492
v  -0.0405 -1.1724 1.3524
v  -0.0390 -1.4427 1.3527
v  0.3570 -1.1072 1.3551
v  0.4418 -1.3638 1.3560
v  0.7149 -0.9223 1.3574
v  0.8748 -1.1401 1.3589
v  0.9982 -0.6357 1.3591
v  1.2175 -0.7934 1.3609
v  1.1791 -0.2756 1.3600
v  1.4364 -0.3577 1.3619
v  1.2399 0.1229 1.3599
v  1.5100 0.1243 1.3619
v  1.1748 0.5207 1.3589
v  1.4312 0.6056 1.3607
v  0.9900 0.8789 1.3572
v  1.2076 1.0389 1.3586
v  0.7036 1.1624 1.3548
v  0.8612 1.3819 1.3557
v  0.3438 1.3434 1.3520
v  0.4258 1.6009 1.3523
v  -0.0544 1.4043 1.3491
v  -0.0559 1.6746 1.3487
v  2.7533 2.6666 1.1796
v  2.1622 3.1935 1.1745
v  2.1698 3.1902 -1.5000
v  2.7609 2.6633 -1.4688
v  3.2221 2.0282 1.1838
v  3.2296 2.0249 -1.4646
v  3.7210 -0.2601 1.1901
v  3.7285 -0.2633 -1.4583
v  3.5682 -1.0392 -1.4848
v  3.5606 -1.0359 1.1897
v  3.7167 0.5321 1.1891
v  3.7243 0.5289 -1.4593
v  3.6730 0.7480 1.1896
v  3.5555 1.3029 -1.4614
v  3.2426 -1.7614 1.1886
v  3.2501 -1.7646 -1.4598
v  2.7807 -2.4048 1.1860
v  2.7883 -2.4080 -1.4623
v  0.7604 -3.5867 1.1731
v  0.7679 -3.5900 -1.4753
v  -0.0188 -3.6771 -1.5072
v  -0.0264 -3.6738 1.1673
v  1.5119 -3.3379 1.1781
v  1.5195 -3.3411 -1.4703
v  1.7035 -3.2296 1.1804
v  2.2029 -2.9413 -1.4659
v  -0.8141 -3.5952 1.1618
v  -0.8066 -3.5985 -1.4866
v  -1.5683 -3.3545 1.1561
v  -1.5608 -3.3577 -1.4923
v  -1.7611 -3.2483 1.1557
v  -2.2485 -2.9653 -1.4977
v  -3.3159 -1.7967 1.1417
v  -3.3084 -1.8000 -1.5067
v  -3.6342 -1.0780 -1.5362
v  -3.6418 -1.0747 1.1383
v  -2.8472 -2.4351 1.1459
v  -2.8396 -2.4384 -1.5025
v  -2.6850 -2.5841 1.1483
v  -3.8106 -0.3007 1.1364
v  -3.8030 -0.3040 -1.5120
v  -3.8148 0.4915 1.1354
v  -3.8073 0.4883 -1.5130
v  -2.8746 2.6362 1.1394
v  -2.8670 2.6330 -1.5090
v  -2.2815 3.1662 -1.5317
v  -2.2891 3.1695 1.1428
v  -3.3364 1.9928 1.1369
v  -3.3289 1.9895 -1.5115
v  -3.4278 1.7925 1.1376
v  -3.6469 1.2641 -1.5128
v  -1.6057 3.5693 1.1474
v  -1.5982 3.5661 -1.5010
v  -0.8542 3.8182 1.1524
v  -0.8467 3.8149 -1.4960
v  1.4745 3.5859 1.1694
v  1.4820 3.5827 -1.4790
v  0.7203 3.8267 1.1637
v  0.7279 3.8234 -1.4847
v  0.5017 3.8518 1.1631
v  -0.0599 3.9020 -1.4904
v  -0.4910 0.7213 0.8480
v  -0.2821 0.8293 0.8493
v  -0.2816 0.8336 0.0760
v  -0.4921 0.7249 0.0746
v  -0.6563 0.5541 0.8470
v  -0.6586 0.5564 0.0736
v  -0.7619 0.3439 0.8465
v  -0.7650 0.3446 0.0731
v  -0.7974 0.1113 0.8465
v  -0.8008 0.1103 0.0732
v  -0.7594 -0.1209 0.8471
v  -0.7625 -0.1236 0.0737
v  -0.6515 -0.3300 0.8481
v  -0.6538 -0.3342 0.0748
v  -0.4844 -0.4954 0.8495
v  -0.4854 -0.5009 0.0762
v  -0.2744 -0.6011 0.8511
v  -0.2738 -0.6073 0.0778
v  -0.0420 -0.6367 0.8528
v  -0.0397 -0.6432 0.0795
v  0.1900 -0.5986 0.8544
v  0.1940 -0.6048 0.0811
v  0.3989 -0.4907 0.8558
v  0.4044 -0.4961 0.0825
v  0.5643 -0.3234 0.8568
v  0.5710 -0.3276 0.0835
v  0.6699 -0.1132 0.8573
v  0.6773 -0.1158 0.0840
v  0.7054 0.1194 0.8572
v  0.7131 0.1185 0.0840
v  0.6674 0.3516 0.8567
v  0.6748 0.3524 0.0834
v  0.5595 0.5606 0.8557
v  0.5662 0.5630 0.0824
v  0.3924 0.7261 0.8543
v  0.3978 0.7296 0.0810
v  0.1823 0.8318 0.8526
v  0.1862 0.8361 0.0793
v  -0.0501 0.8673 0.8509
v  -0.0479 0.8719 0.0776
v  -0.8062 1.1526 0.0718
v  -0.4483 1.3376 0.0742
v  -1.0894 0.8661 0.0702
v  -1.2703 0.5059 0.0693
v  -1.3312 0.1074 0.0694
v  -1.2660 -0.2904 0.0703
v  -1.0812 -0.6485 0.0721
v  -0.7949 -0.9320 0.0745
v  -0.4350 -1.1131 0.0773
v  -0.0369 -1.1740 0.0802
v  0.3606 -1.1088 0.0830
v  0.7185 -0.9239 0.0853
v  1.0018 -0.6373 0.0870
v  1.1827 -0.2771 0.0878
v  1.2436 0.1213 0.0878
v  1.1784 0.5191 0.0868
v  0.9936 0.8773 0.0850
v  0.7073 1.1608 0.0827
v  0.3474 1.3419 0.0799
v  -0.0508 1.4028 0.0769
v  -0.5324 1.5938 -0.1815
v  -0.9653 1.3701 -0.1844
v  -1.3080 1.0234 -0.1864
v  -1.5269 0.5877 -0.1874
v  -1.6005 0.1057 -0.1874
v  -1.5217 -0.3756 -0.1862
v  -1.2981 -0.8089 -0.1840
v  -0.9517 -1.1518 -0.1812
v  -0.5164 -1.3709 -0.1778
v  -0.0347 -1.4446 -0.1742
v  0.4462 -1.3657 -0.1709
v  0.8791 -1.1420 -0.1681
v  1.2218 -0.7953 -0.1661
v  1.4407 -0.3596 -0.1650
v  1.5143 0.1225 -0.1651
v  1.4355 0.6037 -0.1663
v  1.2119 1.0370 -0.1684
v  0.8655 1.3800 -0.1713
v  0.4302 1.5990 -0.1747
v  -0.0515 1.6727 -0.1782
v  -0.5974 1.7905 -0.1822
v  -1.0879 1.5370 -0.1854
v  -1.4761 1.1442 -0.1877
v  -1.7240 0.6507 -0.1889
v  -1.8075 0.1046 -0.1888
v  -1.7181 -0.4406 -0.1875
v  -1.4649 -0.9315 -0.1851
v  -1.0724 -1.3200 -0.1818
v  -0.5792 -1.5682 -0.1780
v  -0.0336 -1.6517 -0.1740
v  0.5112 -1.5623 -0.1702
v  1.0017 -1.3089 -0.1670
v  1.3899 -0.9161 -0.1647
v  1.6378 -0.4225 -0.1635
v  1.7212 0.1236 -0.1636
v  1.6319 0.6688 -0.1649
v  1.3787 1.1596 -0.1673
v  0.9862 1.5482 -0.1706
v  0.4931 1.7963 -0.1745
v  -0.0526 1.8798 -0.1785
v  -0.5959 1.7898 -0.7010
v  -1.0864 1.5364 -0.7042
v  -1.4746 1.1436 -0.7065
v  -1.7226 0.6500 -0.7076
v  -1.8060 0.1039 -0.7076
v  -1.7167 -0.4413 -0.7063
v  -1.4634 -0.9321 -0.7038
v  -1.0710 -1.3207 -0.7006
v  -0.5778 -1.5688 -0.6967
v  -0.0321 -1.6523 -0.6927
v  0.5127 -1.5629 -0.6890
v  1.0032 -1.3095 -0.6858
v  1.3914 -0.9167 -0.6835
v  1.6393 -0.4232 -0.6823
v  1.7227 0.1229 -0.6824
v  1.6334 0.6681 -0.6837
v  1.3802 1.1590 -0.6861
v  0.9877 1.5475 -0.6894
v  0.4945 1.7957 -0.6932
v  -0.0512 1.8792 -0.6972
v  2.7494 2.6683 2.5579
v  2.1583 3.1952 2.5530
v  3.2182 2.0299 2.5620
v  3.3157 1.8288 1.1857
v  3.3098 1.8259 2.5564
v  3.7171 -0.2584 2.5684
v  3.5567 -1.0342 2.5682
v  3.7128 0.5338 2.5674
v  3.6648 0.7522 2.5603
v  3.2386 -1.7597 2.5668
v  2.7768 -2.4031 2.5643
v  2.6202 -2.5555 1.1861
v  2.6113 -2.5533 2.5568
v  0.7565 -3.5850 2.5513
v  -0.0304 -3.6721 2.5458
v  1.5080 -3.3362 2.5564
v  1.7007 -3.2229 2.5511
v  -0.8181 -3.5935 2.5401
v  -1.5723 -3.3528 2.5344
v  -1.7661 -3.2416 2.5264
v  -3.3198 -1.7950 2.5200
v  -3.6457 -1.0730 2.5168
v  -2.8511 -2.4334 2.5241
v  -2.6839 -2.5818 2.5190
v  -3.8145 -0.2990 2.5146
v  -3.8188 0.4932 2.5136
v  -3.7735 0.7079 1.1364
v  -3.7730 0.7121 2.5072
v  -2.8785 2.6379 2.5177
v  -2.2931 3.1712 2.5212
v  -3.3403 1.9945 2.5152
v  -3.4296 1.7895 2.5083
v  -1.6097 3.5710 2.5256
v  -0.8581 3.8199 2.5307
v  -0.6358 3.8457 1.1550
v  -0.6360 3.8440 2.5257
v  1.4706 3.5876 2.5476
v  0.7164 3.8284 2.5419
v  0.4940 3.8501 2.5338
v  3.2970 1.7569 2.4975
v  3.3024 1.7558 1.1581
v  3.2517 1.6954 2.4262
v  3.2451 1.6904 1.1126
v  3.0737 1.6267 2.2865
v  3.6135 0.7997 2.5009
v  3.6189 0.7986 1.1615
v  3.5406 0.8218 2.4294
v  3.5340 0.8167 1.1158
v  3.3569 0.7701 2.2896
v  2.5420 -2.5623 2.4974
v  2.5468 -2.5654 1.1580
v  2.4698 -2.5381 2.4258
v  2.4670 -2.5309 1.1122
v  2.3499 -2.3896 2.2863
v  1.7302 -3.1593 2.4924
v  1.7350 -3.1624 1.1457
v  1.7288 -3.0830 2.4212
v  1.7261 -3.0758 1.1040
v  1.6234 -2.9239 2.2817
v  -1.7960 -3.1784 2.4672
v  -1.7931 -3.1814 1.1277
v  -1.7950 -3.1020 2.3961
v  -1.7849 -3.0948 1.0825
v  -1.6906 -2.9417 2.2581
v  -2.6142 -2.5901 2.4606
v  -2.6114 -2.5932 1.1212
v  -2.5418 -2.5651 2.3901
v  -2.5317 -2.5579 1.0765
v  -2.4227 -2.4154 2.2522
v  -3.7219 0.7602 2.4486
v  -3.7198 0.7590 1.1091
v  -3.6489 0.7830 2.3780
v  -3.6347 0.7781 1.0646
v  -3.4639 0.7334 2.2409
v  -3.4158 1.7207 2.4496
v  -3.4136 1.7196 1.1101
v  -3.3695 1.6597 2.3790
v  -3.3553 1.6548 1.0655
v  -3.1899 1.5929 2.2418
v  -0.5743 3.8103 2.4673
v  -0.5705 3.8104 1.1279
v  -0.5260 3.7354 1.0831
v  -0.5194 3.5568 2.2585
v  -0.5298 3.7480 2.3967
v  0.4331 3.8157 2.4745
v  0.4369 3.8158 1.1351
v  0.3897 3.7529 2.4032
v  0.3935 3.7404 1.0897
v  0.3821 3.5616 2.2649
v  4.1355 -0.3040 -1.4991
v  3.9578 -1.1636 -1.5125
v  4.1308 0.5738 -1.5003
v  3.9438 1.4314 -1.5026
v  3.0633 2.9387 -1.5108
v  2.4084 3.5225 -1.5293
v  3.5827 2.2313 -1.5062
v  0.8552 -3.9898 -1.5180
v  -0.0165 -4.0863 -1.5373
v  1.6879 -3.7141 -1.5124
v  2.4451 -3.2711 -1.5076
v  3.6054 -1.9673 -1.5009
v  3.0937 -2.6802 -1.5037
v  -3.6612 -2.0065 -1.5528
v  -4.0222 -1.2066 -1.5695
v  -3.1418 -2.7139 -1.5482
v  -2.4869 -3.2977 -1.5428
v  -0.8893 -3.9992 -1.5305
v  -1.7249 -3.7325 -1.5368
v  -3.1722 2.9051 -1.5553
v  -2.5235 3.4959 -1.5645
v  -3.6839 2.1922 -1.5581
v  -4.0363 1.3884 -1.5596
v  -4.2093 -0.3490 -1.5587
v  -4.2140 0.5288 -1.5598
v  1.6464 3.9573 -1.5222
v  0.8108 4.2240 -1.5285
v  -0.0619 4.3111 -1.5348
v  -1.7664 3.9389 -1.5465
v  -0.9337 4.2146 -1.5409
v  -0.5246 -1.3288 -0.1812
v  -1.2557 -0.8033 -0.1871
v  -1.5631 0.1265 -0.1904
v  -1.2896 0.9847 -0.1895
v  0.4540 -1.3235 -0.1778
v  1.1793 -0.7901 -0.1697
v  1.1939 0.9981 -0.1718
v  1.4767 0.1429 -0.1687
v  -0.5010 1.5647 -0.1846
v  0.3991 1.5695 -0.1782
v  -0.5347 -1.3361 1.1355
v  -1.2658 -0.8105 1.1297
v  1.1820 -0.7973 1.1471
v  0.4567 -1.3307 1.1426
v  1.2005 1.0032 1.1450
v  1.4833 0.1480 1.1481
v  -1.5772 0.1315 1.1263
v  -1.3037 0.9897 1.1272
v  -0.5048 1.5772 1.1322
v  0.3953 1.5821 1.1386
# 400 vertices

vn -0.0071 0.0012 1.0000
vn -0.0072 0.0012 1.0000
vn -0.0071 0.0013 1.0000
vn -0.0072 0.0013 1.0000
vn -0.7399 -0.6727 -0.0013
vn -0.5839 -0.8118 -0.0007
vn -0.5835 -0.8121 -0.0007
vn -0.7389 -0.6738 -0.0013
vn -0.8598 -0.5106 -0.0018
vn -0.8632 -0.5049 -0.0012
vn -0.9951 0.0990 -0.0030
vn -0.9950 0.1002 -0.0030
vn -0.9527 0.3037 -0.0031
vn -0.9528 0.3036 -0.0031
vn -0.9947 -0.1025 -0.0027
vn -0.9940 -0.1095 -0.0021
vn -0.9681 -0.2502 -0.0116
vn -0.9494 -0.3140 -0.0041
vn -0.8689 0.4949 -0.0031
vn -0.8693 0.4942 -0.0031
vn -0.7520 0.6592 -0.0030
vn -0.7471 0.6647 -0.0023
vn -0.2136 0.9769 -0.0018
vn -0.2120 0.9773 -0.0018
vn -0.1100 0.9939 -0.0015
vn -0.4054 0.9141 -0.0023
vn -0.4113 0.9115 -0.0017
vn -0.5376 0.8431 -0.0117
vn -0.5922 0.8058 -0.0045
vn 0.2025 0.9793 -0.0006
vn 0.0993 0.9951 -0.0009
vn 0.2020 0.9794 -0.0006
vn 0.3951 0.9186 -0.0000
vn 0.4019 0.9157 0.0006
vn 0.5284 0.8489 -0.0087
vn 0.5839 0.8118 -0.0011
vn 0.8634 0.5045 0.0018
vn 0.8641 0.5033 0.0018
vn 0.9495 0.3139 0.0023
vn 0.9494 0.3140 0.0023
vn 0.7446 0.6675 0.0013
vn 0.7402 0.6724 0.0019
vn 0.6363 0.7714 -0.0083
vn 0.9939 0.1099 0.0027
vn 0.9938 0.1109 0.0027
vn 0.9958 -0.0918 0.0029
vn 0.9951 -0.0987 0.0035
vn 0.7469 -0.6650 0.0029
vn 0.7464 -0.6655 0.0029
vn 0.5926 -0.8055 0.0027
vn 0.5922 -0.8058 0.0027
vn 0.8651 -0.5015 0.0031
vn 0.8687 -0.4952 0.0037
vn 0.9305 -0.3663 -0.0060
vn 0.9528 -0.3036 0.0013
vn 0.4117 -0.9113 0.0023
vn 0.4131 -0.9107 0.0023
vn 0.2203 -0.9754 0.0018
vn 0.2140 -0.9768 0.0024
vn -0.4023 -0.9155 -0.0000
vn -0.4028 -0.9153 -0.0000
vn -0.2102 -0.9777 0.0006
vn -0.2029 -0.9792 0.0012
vn -0.0612 -0.9981 -0.0081
vn 0.0057 -1.0000 -0.0006
vn -0.5922 0.8058 0.0045
vn -0.3140 0.9494 0.0051
vn -0.3148 0.9492 0.0051
vn -0.5927 0.8054 0.0045
vn -0.8122 0.5833 0.0041
vn -0.8125 0.5829 0.0041
vn -0.9527 0.3038 0.0041
vn -0.9528 0.3036 0.0041
vn -1.0000 -0.0054 0.0043
vn -0.9494 -0.3141 0.0049
vn -0.9495 -0.3138 0.0049
vn -0.8059 -0.5920 0.0056
vn -0.8062 -0.5916 0.0056
vn -0.5834 -0.8121 0.0065
vn -0.5840 -0.8117 0.0065
vn -0.3037 -0.9527 0.0075
vn -0.3045 -0.9525 0.0075
vn -0.1513 -0.9885 0.0079
vn 0.3147 -0.9492 0.0092
vn 0.1618 -0.9868 0.0088
vn 0.3139 -0.9494 0.0092
vn 0.5926 -0.8054 0.0098
vn 0.5921 -0.8058 0.0099
vn 0.8125 -0.5829 0.0102
vn 0.8122 -0.5833 0.0102
vn 0.9528 -0.3035 0.0103
vn 0.9527 -0.3038 0.0103
vn 0.9999 0.0054 0.0100
vn 0.9494 0.3138 0.0095
vn 0.9494 0.3141 0.0095
vn 0.8061 0.5917 0.0087
vn 0.8058 0.5921 0.0087
vn 0.5839 0.8118 0.0078
vn 0.5833 0.8122 0.0078
vn 0.3044 0.9525 0.0069
vn 0.3036 0.9528 0.0069
vn -0.0050 1.0000 0.0059
vn -0.0059 1.0000 0.0059
vn 0.5927 -0.8054 0.0027
vn 0.3147 -0.9492 0.0021
vn 0.3140 -0.9494 0.0021
vn 0.5921 -0.8058 0.0027
vn 0.8125 -0.5829 0.0030
vn 0.8122 -0.5833 0.0030
vn 0.9528 -0.3036 0.0031
vn 0.9527 -0.3038 0.0031
vn 1.0000 0.0054 0.0028
vn 0.9495 0.3138 0.0023
vn 0.9494 0.3141 0.0023
vn 0.8062 0.5917 0.0016
vn 0.8059 0.5921 0.0016
vn 0.5840 0.8118 0.0007
vn 0.5834 0.8122 0.0007
vn 0.3045 0.9525 -0.0003
vn 0.3037 0.9528 -0.0003
vn 0.1512 0.9885 -0.0008
vn -0.3140 0.9494 -0.0021
vn -0.1619 0.9868 -0.0017
vn -0.3147 0.9492 -0.0021
vn -0.5921 0.8058 -0.0027
vn -0.5927 0.8054 -0.0027
vn -0.8122 0.5833 -0.0030
vn -0.8125 0.5829 -0.0030
vn -0.9527 0.3038 -0.0031
vn -0.9528 0.3035 -0.0031
vn -1.0000 -0.0054 -0.0028
vn -0.9494 -0.3141 -0.0023
vn -0.9495 -0.3138 -0.0023
vn -0.8059 -0.5921 -0.0016
vn -0.8062 -0.5917 -0.0016
vn -0.5834 -0.8122 -0.0007
vn -0.5840 -0.8118 -0.0007
vn -0.3037 -0.9528 0.0003
vn -0.3045 -0.9525 0.0003
vn 0.0058 -1.0000 0.0013
vn 0.0050 -1.0000 0.0012
vn -0.1512 -0.9885 0.0008
vn 0.1619 -0.9868 0.0017
vn 0.9528 -0.3035 0.0031
vn -0.0050 1.0000 -0.0012
vn -0.0058 1.0000 -0.0012
vn -1.0000 -0.0054 -0.0029
vn 1.0000 0.0054 0.0029
vn -0.7396 -0.6730 -0.0013
vn -0.8631 -0.5050 -0.0031
vn -0.8595 -0.5111 -0.0018
vn -0.9953 -0.0965 -0.0035
vn -0.9782 -0.2076 -0.0047
vn -0.9951 0.0991 -0.0030
vn -0.9940 -0.1090 -0.0039
vn -0.9948 -0.1022 -0.0027
vn -0.8563 -0.5164 -0.0026
vn -0.9093 -0.4161 -0.0042
vn -0.8688 0.4951 -0.0031
vn -0.7477 0.6641 -0.0042
vn -0.7520 0.6592 -0.0029
vn -0.3989 0.9170 -0.0030
vn -0.5007 0.8656 -0.0046
vn -0.2130 0.9770 -0.0018
vn -0.0051 1.0000 -0.0012
vn -0.0057 1.0000 -0.0013
vn -0.4114 0.9115 -0.0035
vn -0.4047 0.9144 -0.0023
vn -0.7599 0.6500 -0.0037
vn -0.6778 0.7352 -0.0050
vn 0.2031 0.9792 -0.0006
vn 0.4011 0.9160 -0.0012
vn 0.3953 0.9186 -0.0000
vn 0.7491 0.6624 0.0005
vn 0.6691 0.7431 -0.0012
vn 0.8636 0.5043 0.0018
vn 0.7402 0.6724 0.0001
vn 0.7450 0.6671 0.0013
vn 0.3901 0.9208 -0.0008
vn 0.4902 0.8716 -0.0018
vn 0.9939 0.1098 0.0027
vn 0.9952 -0.0983 0.0017
vn 0.9958 -0.0915 0.0029
vn 0.8622 -0.5065 0.0023
vn 0.9134 -0.4070 0.0010
vn 0.7471 -0.6647 0.0029
vn 0.8684 -0.4959 0.0019
vn 0.9963 -0.0854 0.0022
vn 0.9804 -0.1971 0.0009
vn 0.4122 -0.9111 0.0023
vn 0.2139 -0.9769 0.0006
vn 0.2210 -0.9753 0.0018
vn -0.2154 -0.9765 -0.0002
vn -0.1055 -0.9944 -0.0012
vn -0.4018 -0.9157 -0.0000
vn -0.2039 -0.9790 -0.0006
vn -0.2100 -0.9777 0.0006
vn 0.2271 -0.9739 0.0011
vn 0.1147 -0.9934 -0.0006
vn -0.9539 0.3002 -0.0039
vn -0.8683 0.4960 -0.0009
vn -0.6975 0.7166 -0.0032
vn -0.7109 0.7033 0.0009
vn -0.3590 0.9333 -0.0018
vn -0.5868 -0.8097 -0.0015
vn -0.4007 -0.9162 0.0022
vn -0.1322 -0.9912 0.0005
vn -0.1509 -0.9885 0.0046
vn 0.2690 -0.9631 0.0023
vn -0.0092 1.0000 -0.0021
vn 0.2043 0.9789 0.0016
vn 0.4668 0.8844 -0.0001
vn 0.4499 0.8931 0.0040
vn 0.7771 0.6294 0.0018
vn -0.9517 0.3069 -0.0039
vn -0.9958 0.0915 -0.0007
vn -0.9835 -0.1809 -0.0029
vn -0.9871 -0.1604 0.0012
vn -0.8332 -0.5530 -0.0013
vn 0.9484 0.3172 0.0015
vn 0.9941 0.1088 0.0049
vn 0.9853 -0.1706 0.0027
vn 0.9885 -0.1513 0.0068
vn 0.8392 -0.5439 0.0034
vn -0.0021 1.0000 -0.0021
vn -0.2137 0.9769 0.0004
vn -0.4767 0.8790 -0.0028
vn -0.4592 0.8883 0.0014
vn -0.7838 0.6210 -0.0026
vn 0.5949 -0.8038 0.0019
vn 0.4115 -0.9114 0.0045
vn 0.1420 -0.9899 0.0013
vn 0.1618 -0.9868 0.0054
vn -0.2585 -0.9660 0.0008
vn 0.9505 0.3108 0.0015
vn 0.8630 0.5051 0.0041
vn 0.6892 0.7246 0.0008
vn 0.7033 0.7108 0.0049
vn 0.3489 0.9371 0.0002
vn -0.5815 -0.8136 -0.0001
vn -0.7422 -0.6702 -0.0021
vn -0.8880 -0.4598 -0.0022
vn -0.9986 -0.0528 -0.0024
vn -0.8951 -0.4458 0.0017
vn 0.5895 -0.8078 0.0019
vn 0.7479 -0.6638 0.0052
vn 0.9022 -0.4312 0.0028
vn 0.8938 -0.4484 0.0069
vn 0.9991 -0.0420 0.0033
vn -0.0923 0.0220 -0.9955
vn -0.0642 0.0215 -0.9977
vn -0.0742 0.0247 -0.9969
vn -0.0973 0.0258 -0.9949
vn -0.0989 -0.0129 -0.9950
vn -0.0941 -0.0347 -0.9950
vn -0.0588 -0.0791 -0.9951
vn -0.0606 -0.0852 -0.9945
vn -0.0427 -0.0705 -0.9966
vn -0.0365 -0.0620 -0.9974
vn -0.0850 -0.0550 -0.9949
vn -0.0015 0.1004 -0.9949
vn 0.0067 0.0735 -0.9973
vn 0.0067 0.0840 -0.9964
vn 0.0006 0.1064 -0.9943
vn -0.0368 0.0959 -0.9947
vn -0.0560 0.0847 -0.9948
vn -0.0561 0.0847 -0.9948
vn -0.0874 0.0374 -0.9955
vn -0.0937 0.0371 -0.9949
vn -0.0725 0.0697 -0.9949
vn -0.0725 0.0696 -0.9949
vn 0.1011 0.0384 -0.9941
vn 0.0781 0.0222 -0.9967
vn 0.0881 0.0256 -0.9958
vn 0.1074 0.0382 -0.9935
vn 0.0859 0.0705 -0.9938
vn 0.0693 0.0853 -0.9939
vn 0.0147 0.1005 -0.9948
vn 0.0125 0.1064 -0.9942
vn 0.0499 0.0963 -0.9941
vn 0.0738 -0.0783 -0.9942
vn 0.0514 -0.0615 -0.9968
vn 0.0576 -0.0699 -0.9959
vn 0.0757 -0.0844 -0.9936
vn 0.0997 -0.0540 -0.9936
vn 0.1086 -0.0336 -0.9935
vn 0.1062 0.0230 -0.9941
vn 0.1112 0.0269 -0.9934
vn 0.1131 -0.0118 -0.9935
vn -0.0457 -0.0886 -0.9950
vn -0.0509 -0.0921 -0.9944
vn -0.0145 -0.1055 -0.9943
vn 0.0077 -0.1078 -0.9941
vn 0.0608 -0.0879 -0.9943
vn 0.0661 -0.0915 -0.9936
vn 0.0298 -0.1053 -0.9940
vn 0.4905 0.1591 -0.8568
vn 0.5598 0.1822 -0.8084
vn 0.5598 0.1822 -0.8083
vn 0.3896 -0.5154 -0.7633
vn 0.3014 -0.3967 -0.8670
vn 0.3111 -0.4076 -0.8585
vn 0.3535 -0.4706 -0.8084
vn -0.2892 -0.4120 -0.8641
vn -0.2924 -0.4164 -0.8609
vn -0.4765 0.1528 -0.8658
vn -0.4816 0.1544 -0.8627
vn 0.0026 0.5835 -0.8121
vn 0.0023 0.6127 -0.7903
vn 0.0023 0.6125 -0.7904
vn 0.0027 0.5834 -0.8121
vn 0.9708 -0.2398 -0.0061
vn -0.5525 0.1769 -0.8146
vn -0.5522 0.1769 -0.8147
vn -0.5804 0.1858 -0.7928
vn -0.5801 0.1857 -0.7931
vn 0.3081 -0.4058 -0.8605
vn 0.4224 -0.5603 -0.7124
vn 0.3686 -0.4945 -0.7872
vn -0.6447 0.7644 -0.0119
vn 0.4854 0.1574 -0.8600
vn 0.5871 0.1913 -0.7866
vn -0.9265 -0.3762 -0.0113
vn 0.0034 0.5043 -0.8635
vn 0.0034 0.5096 -0.8604
vn 0.0034 0.5097 -0.8604
vn 0.0717 -0.9974 -0.0077
vn 0.2835 0.4040 0.8697
vn 0.8142 -0.5806 0.0053
vn 0.8126 -0.5828 0.0030
vn 0.8157 -0.5784 0.0075
vn 0.8171 -0.5764 0.0095
vn -0.8106 0.5856 -0.0008
vn -0.8076 0.5898 0.0034
vn -0.8090 0.5878 0.0014
vn -0.8122 0.5834 -0.0030
vn -0.2996 0.4000 0.8662
vn 0.8042 0.5943 0.0038
vn 0.8058 0.5921 0.0016
vn 0.8026 0.5965 0.0060
vn 0.8011 0.5985 0.0080
vn -0.8079 -0.5893 0.0006
vn -0.8109 -0.5852 0.0048
vn -0.8095 -0.5871 0.0028
vn -0.8063 -0.5916 -0.0016
vn -0.4762 -0.1543 0.8657
vn -0.3173 0.9483 0.0002
vn -0.3199 0.9474 0.0024
vn -0.3222 0.9467 0.0043
vn 0.3114 -0.9503 0.0043
vn 0.3065 -0.9518 0.0084
vn 0.3088 -0.9511 0.0065
vn 0.4671 -0.1498 0.8714
vn -0.3012 -0.9536 0.0025
vn -0.3038 -0.9527 0.0003
vn -0.2986 -0.9544 0.0048
vn -0.2963 -0.9551 0.0067
vn 0.3070 0.9517 0.0019
vn 0.3119 0.9501 0.0061
vn 0.3096 0.9509 0.0042
vn 0.3044 0.9525 -0.0003
vn -0.0035 -0.4945 0.8691
vn -1.0000 -0.0085 -0.0006
vn -1.0000 -0.0058 -0.0028
vn -0.9999 -0.0112 0.0016
vn -0.9999 -0.0136 0.0036
vn 1.0000 0.0023 0.0051
vn 1.0000 -0.0028 0.0093
vn 1.0000 -0.0004 0.0073
vn 1.0000 0.0050 0.0028
vn -0.3357 -0.4760 -0.8129
vn -0.3357 -0.4761 -0.8128
vn -0.3527 -0.4994 -0.7913
vn -0.3528 -0.4996 -0.7912
# 374 vertex normals

vt 0.0496 0.2330 0.0000
vt 0.0496 0.2329 0.0000
vt 0.0496 0.2327 0.0000
vt 0.0497 0.2328 0.0000
vt 0.0497 0.2329 0.0000
vt 0.0497 0.2331 0.0000
vt 0.0498 0.2331 0.0000
vt 0.0497 0.2333 0.0000
vt 0.0498 0.2333 0.0000
vt 0.0497 0.2334 0.0000
vt 0.0498 0.2334 0.0000
vt 0.0496 0.2335 0.0000
vt 0.0497 0.2336 0.0000
vt 0.0497 0.2337 0.0000
vt 0.0496 0.2336 0.0000
vt 0.0496 0.2338 0.0000
vt 0.0495 0.2336 0.0000
vt 0.0495 0.2339 0.0000
vt 0.0494 0.2338 0.0000
vt 0.0494 0.2335 0.0000
vt 0.0494 0.2337 0.0000
vt 0.0493 0.2336 0.0000
vt 0.0494 0.2334 0.0000
vt 0.0493 0.2334 0.0000
vt 0.0494 0.2333 0.0000
vt 0.0493 0.2333 0.0000
vt 0.0494 0.2331 0.0000
vt 0.0493 0.2331 0.0000
vt 0.0494 0.2330 0.0000
vt 0.0493 0.2329 0.0000
vt 0.0494 0.2328 0.0000
vt 0.0495 0.2329 0.0000
vt 0.0494 0.2327 0.0000
vt 0.0495 0.2326 0.0000
vt 0.0497 0.2327 0.0000
vt 0.0496 0.2326 0.0000
vt 0.0496 0.2325 0.0000
vt 0.0497 0.2326 0.0000
vt 0.0498 0.2328 0.0000
vt 0.0498 0.2330 0.0000
vt 0.0498 0.2335 0.0000
vt 0.0498 0.2337 0.0000
vt 0.0497 0.2338 0.0000
vt 0.0497 0.2339 0.0000
vt 0.0496 0.2339 0.0000
vt 0.0496 0.2340 0.0000
vt 0.0495 0.2340 0.0000
vt 0.0494 0.2339 0.0000
vt 0.0494 0.2340 0.0000
vt 0.0493 0.2339 0.0000
vt 0.0493 0.2337 0.0000
vt 0.0492 0.2335 0.0000
vt 0.0492 0.2333 0.0000
vt 0.0492 0.2330 0.0000
vt 0.0493 0.2328 0.0000
vt 0.0493 0.2326 0.0000
vt 0.0494 0.2326 0.0000
vt 0.0494 0.2325 0.0000
vt 0.0495 0.2325 0.0000
vt 0.0492 0.2857 0.0000
vt 0.0491 0.2857 0.0000
vt 0.0491 0.2873 0.0000
vt 0.0492 0.2873 0.0000
vt 0.0494 0.2857 0.0000
vt 0.0494 0.2873 0.0000
vt 0.0498 0.2857 0.0000
vt 0.0498 0.2873 0.0000
vt 0.0499 0.2873 0.0000
vt 0.0499 0.2857 0.0000
vt 0.0496 0.2857 0.0000
vt 0.0496 0.2873 0.0000
vt 0.0495 0.2873 0.0000
vt 0.0501 0.2857 0.0000
vt 0.0501 0.2873 0.0000
vt 0.0502 0.2857 0.0000
vt 0.0502 0.2873 0.0000
vt 0.0506 0.2857 0.0000
vt 0.0506 0.2873 0.0000
vt 0.0508 0.2873 0.0000
vt 0.0508 0.2857 0.0000
vt 0.0505 0.2857 0.0000
vt 0.0505 0.2873 0.0000
vt 0.0504 0.2857 0.0000
vt 0.0503 0.2873 0.0000
vt 0.0467 0.2857 0.0000
vt 0.0466 0.2857 0.0000
vt 0.0466 0.2873 0.0000
vt 0.0467 0.2873 0.0000
vt 0.0469 0.2857 0.0000
vt 0.0469 0.2873 0.0000
vt 0.0470 0.2873 0.0000
vt 0.0473 0.2857 0.0000
vt 0.0473 0.2873 0.0000
vt 0.0474 0.2873 0.0000
vt 0.0474 0.2857 0.0000
vt 0.0471 0.2857 0.0000
vt 0.0471 0.2873 0.0000
vt 0.0476 0.2857 0.0000
vt 0.0476 0.2873 0.0000
vt 0.0477 0.2857 0.0000
vt 0.0477 0.2873 0.0000
vt 0.0481 0.2857 0.0000
vt 0.0481 0.2873 0.0000
vt 0.0483 0.2873 0.0000
vt 0.0483 0.2857 0.0000
vt 0.0480 0.2857 0.0000
vt 0.0480 0.2873 0.0000
vt 0.0479 0.2857 0.0000
vt 0.0478 0.2873 0.0000
vt 0.0484 0.2857 0.0000
vt 0.0484 0.2873 0.0000
vt 0.0485 0.2857 0.0000
vt 0.0485 0.2873 0.0000
vt 0.0490 0.2857 0.0000
vt 0.0490 0.2873 0.0000
vt 0.0488 0.2857 0.0000
vt 0.0488 0.2873 0.0000
vt 0.0487 0.2873 0.0000
vt 0.0494 0.2332 0.0000
vt 0.0493 0.2332 0.0000
vt 0.0493 0.2335 0.0000
vt 0.0492 0.2332 0.0000
vt 0.0491 0.2332 0.0000
vt 0.0491 0.2335 0.0000
vt 0.0490 0.2332 0.0000
vt 0.0490 0.2335 0.0000
vt 0.0489 0.2332 0.0000
vt 0.0489 0.2335 0.0000
vt 0.0488 0.2332 0.0000
vt 0.0488 0.2335 0.0000
vt 0.0501 0.2332 0.0000
vt 0.0502 0.2332 0.0000
vt 0.0502 0.2335 0.0000
vt 0.0501 0.2335 0.0000
vt 0.0500 0.2332 0.0000
vt 0.0500 0.2335 0.0000
vt 0.0499 0.2332 0.0000
vt 0.0499 0.2335 0.0000
vt 0.0498 0.2332 0.0000
vt 0.0497 0.2332 0.0000
vt 0.0497 0.2335 0.0000
vt 0.0496 0.2332 0.0000
vt 0.0495 0.2332 0.0000
vt 0.0495 0.2335 0.0000
vt 0.0496 0.2342 0.0000
vt 0.0497 0.2342 0.0000
vt 0.0498 0.2342 0.0000
vt 0.0498 0.2336 0.0000
vt 0.0499 0.2342 0.0000
vt 0.0499 0.2336 0.0000
vt 0.0500 0.2342 0.0000
vt 0.0500 0.2336 0.0000
vt 0.0501 0.2342 0.0000
vt 0.0501 0.2336 0.0000
vt 0.0502 0.2342 0.0000
vt 0.0502 0.2336 0.0000
vt 0.0489 0.2342 0.0000
vt 0.0488 0.2342 0.0000
vt 0.0488 0.2336 0.0000
vt 0.0489 0.2336 0.0000
vt 0.0490 0.2342 0.0000
vt 0.0490 0.2336 0.0000
vt 0.0491 0.2342 0.0000
vt 0.0491 0.2336 0.0000
vt 0.0492 0.2342 0.0000
vt 0.0492 0.2336 0.0000
vt 0.0493 0.2342 0.0000
vt 0.0494 0.2342 0.0000
vt 0.0494 0.2336 0.0000
vt 0.0495 0.2342 0.0000
vt 0.0495 0.2327 0.0000
vt 0.0493 0.2325 0.0000
vt 0.0493 0.2327 0.0000
vt 0.0492 0.2325 0.0000
vt 0.0492 0.2327 0.0000
vt 0.0491 0.2325 0.0000
vt 0.0491 0.2327 0.0000
vt 0.0490 0.2325 0.0000
vt 0.0490 0.2327 0.0000
vt 0.0489 0.2325 0.0000
vt 0.0489 0.2327 0.0000
vt 0.0501 0.2325 0.0000
vt 0.0502 0.2325 0.0000
vt 0.0502 0.2327 0.0000
vt 0.0501 0.2327 0.0000
vt 0.0500 0.2325 0.0000
vt 0.0500 0.2327 0.0000
vt 0.0499 0.2325 0.0000
vt 0.0499 0.2327 0.0000
vt 0.0498 0.2325 0.0000
vt 0.0498 0.2327 0.0000
vt 0.0497 0.2325 0.0000
vt 0.0495 0.2331 0.0000
vt 0.0492 0.2331 0.0000
vt 0.0491 0.2331 0.0000
vt 0.0490 0.2331 0.0000
vt 0.0489 0.2331 0.0000
vt 0.0502 0.2331 0.0000
vt 0.0501 0.2331 0.0000
vt 0.0500 0.2331 0.0000
vt 0.0499 0.2331 0.0000
vt 0.0496 0.2331 0.0000
vt 0.0483 0.2879 0.0000
vt 0.0487 0.2879 0.0000
vt 0.0478 0.2879 0.0000
vt 0.0477 0.2879 0.0000
vt 0.0492 0.2891 0.0000
vt 0.0492 0.2885 0.0000
vt 0.0487 0.2885 0.0000
vt 0.0487 0.2891 0.0000
vt 0.0497 0.2891 0.0000
vt 0.0497 0.2885 0.0000
vt 0.0499 0.2885 0.0000
vt 0.0498 0.2891 0.0000
vt 0.0483 0.2891 0.0000
vt 0.0483 0.2885 0.0000
vt 0.0478 0.2891 0.0000
vt 0.0478 0.2885 0.0000
vt 0.0476 0.2885 0.0000
vt 0.0477 0.2891 0.0000
vt 0.0492 0.2855 0.0000
vt 0.0492 0.2849 0.0000
vt 0.0487 0.2849 0.0000
vt 0.0487 0.2855 0.0000
vt 0.0497 0.2855 0.0000
vt 0.0497 0.2849 0.0000
vt 0.0499 0.2849 0.0000
vt 0.0498 0.2855 0.0000
vt 0.0483 0.2855 0.0000
vt 0.0483 0.2849 0.0000
vt 0.0478 0.2855 0.0000
vt 0.0478 0.2849 0.0000
vt 0.0476 0.2849 0.0000
vt 0.0477 0.2855 0.0000
vt 0.0492 0.2844 0.0000
vt 0.0492 0.2838 0.0000
vt 0.0487 0.2838 0.0000
vt 0.0487 0.2844 0.0000
vt 0.0497 0.2844 0.0000
vt 0.0497 0.2838 0.0000
vt 0.0499 0.2838 0.0000
vt 0.0498 0.2844 0.0000
vt 0.0483 0.2844 0.0000
vt 0.0483 0.2838 0.0000
vt 0.0478 0.2844 0.0000
vt 0.0478 0.2838 0.0000
vt 0.0476 0.2838 0.0000
vt 0.0477 0.2844 0.0000
vt 0.0492 0.2867 0.0000
vt 0.0492 0.2860 0.0000
vt 0.0487 0.2860 0.0000
vt 0.0487 0.2867 0.0000
vt 0.0497 0.2867 0.0000
vt 0.0497 0.2860 0.0000
vt 0.0499 0.2860 0.0000
vt 0.0498 0.2867 0.0000
vt 0.0483 0.2867 0.0000
vt 0.0483 0.2860 0.0000
vt 0.0478 0.2867 0.0000
vt 0.0478 0.2860 0.0000
vt 0.0476 0.2860 0.0000
vt 0.0477 0.2867 0.0000
vt 0.0492 0.2879 0.0000
vt 0.0497 0.2879 0.0000
vt 0.0497 0.2873 0.0000
vt 0.0498 0.2879 0.0000
vt 0.0476 0.2879 0.0000
vt 0.0475 0.2873 0.0000
vt 0.0474 0.2879 0.0000
vt 0.0499 0.2891 0.0000
vt 0.0500 0.2885 0.0000
vt 0.0501 0.2891 0.0000
vt 0.0476 0.2891 0.0000
vt 0.0475 0.2885 0.0000
vt 0.0474 0.2885 0.0000
vt 0.0474 0.2891 0.0000
vt 0.0499 0.2855 0.0000
vt 0.0500 0.2849 0.0000
vt 0.0501 0.2855 0.0000
vt 0.0476 0.2855 0.0000
vt 0.0475 0.2849 0.0000
vt 0.0474 0.2849 0.0000
vt 0.0474 0.2855 0.0000
vt 0.0499 0.2844 0.0000
vt 0.0500 0.2838 0.0000
vt 0.0501 0.2844 0.0000
vt 0.0476 0.2844 0.0000
vt 0.0475 0.2838 0.0000
vt 0.0474 0.2838 0.0000
vt 0.0474 0.2844 0.0000
vt 0.0499 0.2867 0.0000
vt 0.0500 0.2860 0.0000
vt 0.0501 0.2867 0.0000
vt 0.0476 0.2867 0.0000
vt 0.0475 0.2860 0.0000
vt 0.0474 0.2860 0.0000
vt 0.0474 0.2867 0.0000
vt 0.0499 0.2879 0.0000
vt 0.0500 0.2873 0.0000
vt 0.0501 0.2879 0.0000
vt 0.0499 0.2337 0.0000
vt 0.0499 0.2333 0.0000
vt 0.0499 0.2330 0.0000
vt 0.0499 0.2329 0.0000
vt 0.0498 0.2329 0.0000
vt 0.0496 0.2343 0.0000
vt 0.0495 0.2344 0.0000
vt 0.0495 0.2343 0.0000
vt 0.0497 0.2343 0.0000
vt 0.0497 0.2341 0.0000
vt 0.0499 0.2339 0.0000
vt 0.0498 0.2338 0.0000
vt 0.0498 0.2340 0.0000
vt 0.0491 0.2339 0.0000
vt 0.0491 0.2337 0.0000
vt 0.0492 0.2338 0.0000
vt 0.0492 0.2340 0.0000
vt 0.0493 0.2341 0.0000
vt 0.0494 0.2343 0.0000
vt 0.0493 0.2343 0.0000
vt 0.0491 0.2329 0.0000
vt 0.0492 0.2329 0.0000
vt 0.0491 0.2330 0.0000
vt 0.0491 0.2333 0.0000
vt 0.0497 0.2324 0.0000
vt 0.0496 0.2324 0.0000
vt 0.0495 0.2323 0.0000
vt 0.0495 0.2324 0.0000
vt 0.0493 0.2324 0.0000
vt 0.0494 0.2324 0.0000
vt 0.0497 0.2340 0.0000
vt 0.0493 0.2340 0.0000
vt 0.0496 0.2333 0.0000
vt 0.0495 0.2330 0.0000
vt 0.0486 0.2857 0.0000
vt 0.0501 0.2346 0.0000
vt 0.0499 0.2349 0.0000
vt 0.0498 0.2350 0.0000
vt 0.0501 0.2343 0.0000
vt 0.0491 0.2349 0.0000
vt 0.0490 0.2346 0.0000
vt 0.0492 0.2337 0.0000
vt 0.0489 0.2344 0.0000
vt 0.0493 0.2350 0.0000
vt 0.0488 0.2329 0.0000
vt 0.0488 0.2324 0.0000
vt 0.0492 0.2328 0.0000
vt 0.0489 0.2322 0.0000
vt 0.0502 0.2324 0.0000
vt 0.0503 0.2329 0.0000
vt 0.0503 0.2332 0.0000
vt 0.0501 0.2322 0.0000
vt 0.0494 0.2314 0.0000
vt 0.0496 0.2314 0.0000
vt 0.0497 0.2315 0.0000
vt 0.0493 0.2315 0.0000
# 356 texture coords

o DrawCall_0321
g DrawCall_0321
usemtl 24fe1dbe_dds
s 1
f 613/340/574 614/341/574 615/342/574 
f 613/340/574 615/342/574 616/343/574 
f 617/340/575 613/340/574 616/343/574 
f 617/340/575 616/343/574 618/344/575 
f 619/345/575 617/340/575 618/344/575 
f 619/345/575 618/344/575 620/346/574 
f 621/347/574 619/345/575 620/346/574 
f 621/347/574 620/346/574 622/348/574 
f 623/349/576 621/347/574 622/348/574 
f 623/349/576 622/348/574 624/350/574 
f 625/351/576 623/349/576 624/350/574 
f 625/351/576 624/350/574 626/352/574 
f 627/351/574 625/351/576 626/352/574 
f 627/351/574 626/352/574 628/353/574 
f 629/354/574 627/351/574 628/353/574 
f 629/354/574 628/353/574 630/355/574 
f 631/356/575 629/354/574 630/355/574 
f 631/356/575 630/355/574 632/357/575 
f 633/356/575 631/356/575 632/357/575 
f 633/356/575 632/357/575 634/358/574 
f 635/359/574 633/356/575 634/358/574 
f 635/359/574 634/358/574 636/360/574 
f 637/359/575 635/359/574 636/360/574 
f 637/359/575 636/360/574 638/361/575 
f 639/362/575 637/359/575 638/361/575 
f 639/362/575 638/361/575 640/363/575 
f 641/364/574 639/362/575 640/363/575 
f 641/364/574 640/363/575 642/365/574 
f 643/366/574 641/364/574 642/365/574 
f 643/366/574 642/365/574 644/367/575 
f 645/368/575 643/366/574 644/367/575 
f 645/368/575 644/367/575 646/369/575 
f 647/368/574 645/368/575 646/369/575 
f 647/368/574 646/369/575 648/370/576 
f 649/371/577 647/368/574 648/370/576 
f 649/371/577 648/370/576 650/372/574 
f 651/371/574 649/371/577 650/372/574 
f 651/371/574 650/372/574 652/373/574 
f 614/341/574 651/371/574 652/373/574 
f 614/341/574 652/373/574 615/342/574 
f 653/374/575 654/375/574 655/376/575 
f 653/374/575 655/376/575 656/377/575 
f 657/344/575 653/374/575 656/377/575 
f 657/344/575 656/377/575 658/378/574 
f 659/346/575 657/344/575 658/378/574 
f 659/346/575 658/378/574 660/379/575 
f 661/348/575 659/346/575 660/379/575 
f 661/348/575 660/379/575 662/348/575 
f 663/350/575 661/348/575 662/348/575 
f 663/350/575 662/348/575 664/380/575 
f 665/352/575 663/350/575 664/380/575 
f 665/352/575 664/380/575 666/381/575 
f 667/382/575 665/352/575 666/381/575 
f 667/382/575 666/381/575 668/383/575 
f 669/384/575 667/382/575 668/383/575 
f 669/384/575 668/383/575 670/385/575 
f 671/357/575 669/384/575 670/385/575 
f 671/357/575 670/385/575 672/386/574 
f 673/387/574 671/357/575 672/386/574 
f 673/387/574 672/386/574 674/388/574 
f 675/358/577 673/387/574 674/388/574 
f 675/358/577 674/388/574 676/389/577 
f 677/361/574 675/358/577 676/389/577 
f 677/361/574 676/389/577 678/390/574 
f 679/363/575 677/361/574 678/390/574 
f 679/363/575 678/390/574 680/391/575 
f 681/365/575 679/363/575 680/391/575 
f 681/365/575 680/391/575 682/392/575 
f 683/367/575 681/365/575 682/392/575 
f 683/367/575 682/392/575 684/393/575 
f 685/369/575 683/367/575 684/393/575 
f 685/369/575 684/393/575 686/394/575 
f 687/372/574 685/369/575 686/394/575 
f 687/372/574 686/394/575 688/395/574 
f 689/396/577 687/372/574 688/395/574 
f 689/396/577 688/395/574 690/397/575 
f 691/373/574 689/396/577 690/397/575 
f 691/373/574 690/397/575 692/398/574 
f 654/375/574 691/373/574 692/398/574 
f 654/375/574 692/398/574 655/376/575 
f 693/399/578 694/400/579 695/401/580 
f 693/399/578 695/401/580 696/402/581 
f 697/403/582 693/399/578 696/402/581 
f 697/403/582 696/402/581 698/404/583 
f 699/405/584 700/406/585 701/407/586 
f 699/405/584 701/407/586 702/408/587 
f 703/409/588 704/410/589 700/406/585 
f 703/409/588 700/406/585 699/405/584 
f 705/409/590 706/411/591 704/410/589 
f 705/409/590 704/410/589 703/409/588 
f 707/412/592 702/408/587 701/407/586 
f 707/412/592 701/407/586 708/413/593 
f 709/414/594 707/412/592 708/413/593 
f 709/414/594 708/413/593 710/415/595 
f 711/416/596 712/417/597 713/418/598 
f 711/416/596 713/418/598 714/419/598 
f 715/420/599 716/421/600 712/417/597 
f 715/420/599 712/417/597 711/416/596 
f 717/422/601 718/423/602 716/421/600 
f 717/422/601 716/421/600 715/420/599 
f 719/424/603 714/425/604 713/426/604 
f 719/424/603 713/426/604 720/427/605 
f 721/428/606 719/424/603 720/427/605 
f 721/428/606 720/427/605 722/429/607 
f 723/428/608 721/428/606 722/429/607 
f 723/428/608 722/429/607 724/430/609 
f 725/431/610 726/432/611 727/433/612 
f 725/431/610 727/433/612 728/434/613 
f 729/435/614 730/436/615 726/432/611 
f 729/435/614 726/432/611 725/431/610 
f 731/435/616 724/430/609 730/436/615 
f 731/435/616 730/436/615 729/435/614 
f 732/437/617 728/434/613 727/433/612 
f 732/437/617 727/433/612 733/438/618 
f 734/439/619 732/437/617 733/438/618 
f 734/439/619 733/438/618 735/440/620 
f 736/441/621 737/442/622 738/443/623 
f 736/441/621 738/443/623 739/444/624 
f 740/445/625 741/446/626 737/442/622 
f 740/445/625 737/442/622 736/441/621 
f 742/447/627 743/448/628 741/446/626 
f 742/447/627 741/446/626 740/445/625 
f 744/449/629 739/444/624 738/443/623 
f 744/449/629 738/443/623 745/450/630 
f 746/451/631 744/449/629 745/450/630 
f 746/451/631 745/450/630 747/452/632 
f 748/453/633 749/454/634 695/401/580 
f 748/453/633 695/401/580 694/400/579 
f 750/455/635 751/456/636 749/454/634 
f 750/455/635 749/454/634 748/453/633 
f 752/455/637 753/457/638 751/456/636 
f 752/455/637 751/456/636 750/455/635 
f 754/458/639 755/458/640 756/359/641 
f 754/458/639 756/359/641 757/359/642 
f 758/459/643 754/458/639 757/359/642 
f 758/459/643 757/359/642 759/460/644 
f 760/461/645 758/459/643 759/460/644 
f 760/461/645 759/460/644 761/391/646 
f 762/461/647 760/461/645 761/391/646 
f 762/461/647 761/391/646 763/391/647 
f 764/462/648 762/461/647 763/391/647 
f 764/462/648 763/391/647 765/463/649 
f 766/464/650 764/462/648 765/463/649 
f 766/464/650 765/463/649 767/465/651 
f 768/464/652 766/464/650 767/465/651 
f 768/464/652 767/465/651 769/465/653 
f 770/466/654 768/464/652 769/465/653 
f 770/466/654 769/465/653 771/467/655 
f 772/468/656 770/466/654 771/467/655 
f 772/468/656 771/467/655 773/469/656 
f 774/470/657 772/471/658 773/472/658 
f 774/470/657 773/472/658 775/473/659 
f 776/470/660 774/470/657 775/473/659 
f 776/470/660 775/473/659 777/473/661 
f 778/474/662 776/470/660 777/473/661 
f 778/474/662 777/473/661 779/475/663 
f 780/476/664 778/474/662 779/475/663 
f 780/476/664 779/475/663 781/477/665 
f 782/476/666 780/476/664 781/477/665 
f 782/476/666 781/477/665 783/477/666 
f 784/478/667 782/476/666 783/477/666 
f 784/478/667 783/477/666 785/380/668 
f 786/479/669 784/478/667 785/380/668 
f 786/479/669 785/380/668 787/480/670 
f 788/481/671 786/479/669 787/480/670 
f 788/481/671 787/480/670 789/351/672 
f 790/481/673 788/481/671 789/351/672 
f 790/481/673 789/351/672 791/351/674 
f 792/482/675 790/481/673 791/351/674 
f 792/482/675 791/351/674 793/483/676 
f 755/458/640 792/482/675 793/483/676 
f 755/458/640 793/483/676 756/359/641 
f 794/484/677 795/484/678 654/354/679 
f 794/484/677 654/354/679 653/354/680 
f 796/485/681 794/484/677 653/354/680 
f 796/485/681 653/354/680 657/352/682 
f 797/486/683 796/485/681 657/352/682 
f 797/486/683 657/352/682 659/487/684 
f 798/488/685 797/486/683 659/487/684 
f 798/488/685 659/487/684 661/489/685 
f 799/488/686 798/488/685 661/489/685 
f 799/488/686 661/489/685 663/489/687 
f 800/490/688 799/488/686 663/489/687 
f 800/490/688 663/489/687 665/491/689 
f 801/492/690 800/490/688 665/491/689 
f 801/492/690 665/491/689 667/493/691 
f 802/492/692 801/492/690 667/493/691 
f 802/492/692 667/493/691 669/493/693 
f 803/494/694 802/492/692 669/493/693 
f 803/494/694 669/493/693 671/495/694 
f 804/496/695 803/497/696 671/498/696 
f 804/496/695 671/498/696 673/499/697 
f 805/500/698 804/496/695 673/499/697 
f 805/500/698 673/499/697 675/501/699 
f 806/500/700 805/500/698 675/501/699 
f 806/500/700 675/501/699 677/501/701 
f 807/502/702 806/500/700 677/501/701 
f 807/502/702 677/501/701 679/503/703 
f 808/504/704 807/502/702 679/503/703 
f 808/504/704 679/503/703 681/505/704 
f 809/504/705 808/504/704 681/505/704 
f 809/504/705 681/505/704 683/505/706 
f 810/506/707 809/504/705 683/505/706 
f 810/506/707 683/505/706 685/361/708 
f 811/507/709 810/506/707 685/361/708 
f 811/507/709 685/361/708 687/508/710 
f 812/507/711 811/507/709 687/508/710 
f 812/507/711 687/508/710 689/508/712 
f 813/509/713 812/507/711 689/508/712 
f 813/509/713 689/508/712 691/356/714 
f 795/484/678 813/509/713 691/356/714 
f 795/484/678 691/356/714 654/354/679 
f 656/397/698 655/398/695 814/510/697 
f 656/397/698 814/510/697 815/372/699 
f 658/511/700 656/397/698 815/372/699 
f 658/511/700 815/372/699 816/512/701 
f 660/511/702 658/511/700 816/512/701 
f 660/511/702 816/512/701 817/512/587 
f 662/513/704 660/511/702 817/512/587 
f 662/513/704 817/512/587 818/514/704 
f 664/515/705 662/513/704 818/514/704 
f 664/515/705 818/514/704 819/516/706 
f 666/515/707 664/515/705 819/516/706 
f 666/515/707 819/516/706 820/516/708 
f 668/517/709 666/515/707 820/516/708 
f 668/517/709 820/516/708 821/518/710 
f 670/519/711 668/517/709 821/518/710 
f 670/519/711 821/518/710 822/520/712 
f 672/519/715 670/519/711 822/520/712 
f 672/519/715 822/520/712 823/520/715 
f 674/521/678 672/522/716 823/523/716 
f 674/521/678 823/523/716 824/524/679 
f 676/521/677 674/521/678 824/524/679 
f 676/521/677 824/524/679 825/524/680 
f 678/525/681 676/521/677 825/524/680 
f 678/525/681 825/524/680 826/526/682 
f 680/527/717 678/525/681 826/526/682 
f 680/527/717 826/526/682 827/528/684 
f 682/527/685 680/527/717 827/528/684 
f 682/527/685 827/528/684 828/528/685 
f 684/529/686 682/527/685 828/528/685 
f 684/529/686 828/528/685 829/530/687 
f 686/531/688 684/529/686 829/530/687 
f 686/531/688 829/530/687 830/374/689 
f 688/531/690 686/531/688 830/374/689 
f 688/531/690 830/374/689 831/374/691 
f 690/376/692 688/531/690 831/374/691 
f 690/376/692 831/374/691 832/342/693 
f 692/398/718 690/376/692 832/342/693 
f 692/398/718 832/342/693 833/510/719 
f 655/398/695 692/398/718 833/510/719 
f 655/398/695 833/510/719 814/510/697 
f 815/372/574 814/510/574 834/510/574 
f 815/372/574 834/510/574 835/372/574 
f 816/512/575 815/372/574 835/372/574 
f 816/512/575 835/372/574 836/512/575 
f 817/512/575 816/512/575 836/512/575 
f 817/512/575 836/512/575 837/512/575 
f 818/514/574 817/512/575 837/512/575 
f 818/514/574 837/512/575 838/514/574 
f 819/516/575 818/514/574 838/514/574 
f 819/516/575 838/514/574 839/516/575 
f 820/516/575 819/516/575 839/516/575 
f 820/516/575 839/516/575 840/516/575 
f 821/518/576 820/516/575 840/516/575 
f 821/518/576 840/516/575 841/518/576 
f 822/520/574 821/518/576 841/518/576 
f 822/520/574 841/518/576 842/520/574 
f 823/520/575 822/520/574 842/520/574 
f 823/520/575 842/520/574 843/520/575 
f 824/524/574 823/523/575 843/523/575 
f 824/524/574 843/523/575 844/524/576 
f 825/524/577 824/524/574 844/524/576 
f 825/524/577 844/524/576 845/524/577 
f 826/526/577 825/524/577 845/524/577 
f 826/526/577 845/524/577 846/526/577 
f 827/528/577 826/526/577 846/526/577 
f 827/528/577 846/526/577 847/528/577 
f 828/528/574 827/528/577 847/528/577 
f 828/528/574 847/528/577 848/528/574 
f 829/530/575 828/528/574 848/528/574 
f 829/530/575 848/528/574 849/530/575 
f 830/374/576 829/530/575 849/530/575 
f 830/374/576 849/530/575 850/374/576 
f 831/374/575 830/374/576 850/374/576 
f 831/374/575 850/374/576 851/374/575 
f 832/342/575 831/374/575 851/374/575 
f 832/342/575 851/374/575 852/342/577 
f 833/510/577 832/342/575 852/342/577 
f 833/510/577 852/342/577 853/510/577 
f 814/510/574 833/510/577 853/510/577 
f 814/510/574 853/510/577 834/510/574 
f 835/372/698 834/510/695 854/532/697 
f 835/372/698 854/532/697 855/366/699 
f 836/512/700 835/372/698 855/366/699 
f 836/512/700 855/366/699 856/367/701 
f 837/512/702 836/512/700 856/367/701 
f 837/512/702 856/367/701 857/367/587 
f 838/514/720 837/512/702 857/367/587 
f 838/514/720 857/367/587 858/533/720 
f 839/516/705 838/514/720 858/533/720 
f 839/516/705 858/533/720 859/534/706 
f 840/516/707 839/516/705 859/534/706 
f 840/516/707 859/534/706 860/534/708 
f 841/518/709 840/516/707 860/534/708 
f 841/518/709 860/534/708 861/535/710 
f 842/520/711 841/518/709 861/535/710 
f 842/520/711 861/535/710 862/536/712 
f 843/520/715 842/520/711 862/536/712 
f 843/520/715 862/536/712 863/536/715 
f 844/524/678 843/523/716 863/537/716 
f 844/524/678 863/537/716 864/538/679 
f 845/524/677 844/524/678 864/538/679 
f 845/524/677 864/538/679 865/538/680 
f 846/526/681 845/524/677 865/538/680 
f 846/526/681 865/538/680 866/539/682 
f 847/528/717 846/526/681 866/539/682 
f 847/528/717 866/539/682 867/540/684 
f 848/528/721 847/528/717 867/540/684 
f 848/528/721 867/540/684 868/540/721 
f 849/530/686 848/528/721 868/540/721 
f 849/530/686 868/540/721 869/346/687 
f 850/374/688 849/530/686 869/346/687 
f 850/374/688 869/346/687 870/345/689 
f 851/374/690 850/374/688 870/345/689 
f 851/374/690 870/345/689 871/345/691 
f 852/342/692 851/374/690 871/345/691 
f 852/342/692 871/345/691 872/541/693 
f 853/510/718 852/342/692 872/541/693 
f 853/510/718 872/541/693 873/532/719 
f 834/510/695 853/510/718 873/532/719 
f 834/510/695 873/532/719 854/532/697 
f 874/542/578 875/543/579 694/457/580 
f 874/542/578 694/457/580 693/443/722 
f 876/544/723 874/542/578 693/443/722 
f 876/544/723 693/443/722 697/448/724 
f 877/438/725 878/545/726 876/544/723 
f 877/438/725 876/544/723 697/448/724 
f 879/546/727 699/547/727 702/548/586 
f 879/546/727 702/548/586 880/549/587 
f 881/550/728 703/551/729 699/547/727 
f 881/550/728 699/547/727 879/546/727 
f 705/552/730 703/551/729 881/550/728 
f 705/552/730 881/550/728 882/553/731 
f 883/554/592 880/549/587 702/548/586 
f 883/554/592 702/548/586 707/555/732 
f 884/556/733 883/554/592 707/555/732 
f 884/556/733 707/555/732 709/557/734 
f 885/558/735 886/559/736 884/556/733 
f 885/558/735 884/556/733 709/557/734 
f 887/560/596 711/561/737 714/562/738 
f 887/560/596 714/562/738 888/563/739 
f 889/564/740 715/565/741 711/561/737 
f 889/564/740 711/561/737 887/560/596 
f 717/566/742 715/565/741 889/564/740 
f 717/566/742 889/564/740 890/567/743 
f 891/568/603 888/563/739 714/562/738 
f 891/568/603 714/562/738 719/569/744 
f 892/570/745 891/568/603 719/569/744 
f 892/570/745 719/569/744 721/571/746 
f 723/572/747 893/573/748 892/570/745 
f 723/572/747 892/570/745 721/571/746 
f 894/574/610 725/575/749 728/576/612 
f 894/574/610 728/576/612 895/577/613 
f 896/578/750 729/579/751 725/575/749 
f 896/578/750 725/575/749 894/574/610 
f 731/580/752 729/579/751 896/578/750 
f 731/580/752 896/578/750 897/581/753 
f 898/582/617 895/577/613 728/576/612 
f 898/582/617 728/576/612 732/583/754 
f 899/584/755 898/582/617 732/583/754 
f 899/584/755 732/583/754 734/585/756 
f 900/586/757 901/587/758 899/584/755 
f 900/586/757 899/584/755 734/585/756 
f 902/588/621 736/589/759 739/590/623 
f 902/588/621 739/590/623 903/591/624 
f 904/592/760 740/593/625 736/589/759 
f 904/592/760 736/589/759 902/588/621 
f 742/594/761 740/593/625 904/592/760 
f 742/594/761 904/592/760 905/595/762 
f 906/596/629 903/591/624 739/590/623 
f 906/596/629 739/590/623 744/597/763 
f 907/598/764 906/596/629 744/597/763 
f 907/598/764 744/597/763 746/599/765 
f 908/600/766 909/601/767 907/598/764 
f 908/600/766 907/598/764 746/599/765 
f 910/602/633 748/402/768 694/457/580 
f 910/602/633 694/457/580 875/543/579 
f 911/603/769 750/604/770 748/402/768 
f 911/603/769 748/402/768 910/602/633 
f 752/407/771 750/604/770 911/603/769 
f 752/407/771 911/603/769 912/605/772 
f 913/606/773 878/545/726 877/438/725 
f 913/606/773 877/438/725 914/607/774 
f 915/606/775 913/606/773 914/607/774 
f 915/606/775 914/607/774 916/433/776 
f 916/433/776 917/608/777 915/606/775 
f 918/553/778 919/552/779 705/552/730 
f 918/553/778 705/552/730 882/553/731 
f 920/609/780 921/610/781 919/552/779 
f 920/609/780 919/552/779 918/553/778 
f 921/610/781 920/609/780 922/611/782 
f 923/612/783 886/559/736 885/558/735 
f 923/612/783 885/558/735 924/613/784 
f 925/612/785 923/612/783 924/613/784 
f 925/612/785 924/613/784 926/614/786 
f 926/614/786 927/615/787 925/612/785 
f 928/567/788 929/566/789 717/566/742 
f 928/567/788 717/566/742 890/567/743 
f 930/616/790 931/617/791 929/566/789 
f 930/616/790 929/566/789 928/567/788 
f 931/617/791 930/616/790 932/618/792 
f 933/619/793 893/573/748 723/572/747 
f 933/619/793 723/572/747 934/620/794 
f 935/619/795 933/619/793 934/620/794 
f 935/619/795 934/620/794 936/621/796 
f 936/621/796 937/622/797 935/619/795 
f 938/581/798 939/580/799 731/580/752 
f 938/581/798 731/580/752 897/581/753 
f 940/623/800 941/624/801 939/580/799 
f 940/623/800 939/580/799 938/581/798 
f 941/624/801 940/623/800 942/625/802 
f 943/626/803 901/587/758 900/586/757 
f 943/626/803 900/586/757 944/627/804 
f 945/626/805 943/626/803 944/627/804 
f 945/626/805 944/627/804 946/628/806 
f 946/628/806 947/629/807 945/626/805 
f 948/595/808 949/594/809 742/594/761 
f 948/595/808 742/594/761 905/595/762 
f 950/630/810 951/631/811 949/594/809 
f 950/630/810 949/594/809 948/595/808 
f 951/631/811 950/630/810 952/632/812 
f 953/633/813 909/601/767 908/600/766 
f 953/633/813 908/600/766 954/634/814 
f 955/635/815 956/636/816 957/633/817 
f 955/635/815 957/633/817 953/633/813 
f 955/635/815 953/633/813 954/634/814 
f 958/605/818 959/407/819 752/407/771 
f 958/605/818 752/407/771 912/605/772 
f 960/637/820 961/638/821 959/407/819 
f 960/637/820 959/407/819 958/605/818 
f 961/638/821 960/637/820 962/639/822 
f 963/477/823 964/640/824 701/489/825 
f 963/477/823 701/489/825 700/477/826 
f 965/641/827 963/477/823 700/477/826 
f 965/641/827 700/477/826 704/641/827 
f 966/642/828 965/641/827 704/641/827 
f 966/642/828 704/641/827 706/540/828 
f 967/530/829 696/530/830 695/377/831 
f 967/530/829 695/377/831 968/531/832 
f 969/643/833 698/644/833 696/530/830 
f 969/643/833 696/530/830 967/530/829 
f 966/642/828 706/540/828 698/644/833 
f 966/642/828 698/644/833 969/643/833 
f 970/645/834 971/646/835 713/647/836 
f 970/645/834 713/647/836 712/484/837 
f 972/648/838 970/645/834 712/484/837 
f 972/648/838 712/484/837 716/485/838 
f 973/485/839 972/648/838 716/485/838 
f 973/485/839 716/485/838 718/649/840 
f 974/650/841 708/651/842 701/489/825 
f 974/650/841 701/489/825 964/640/824 
f 975/652/843 710/652/844 708/651/842 
f 975/652/843 708/651/842 974/650/841 
f 973/485/839 718/649/840 710/652/844 
f 973/485/839 710/652/844 975/652/843 
f 976/653/845 977/654/846 727/503/847 
f 976/653/845 727/503/847 726/655/848 
f 978/656/849 976/653/845 726/655/848 
f 978/656/849 726/655/848 730/656/849 
f 979/506/850 978/656/849 730/656/849 
f 979/506/850 730/656/849 724/657/850 
f 980/658/851 720/507/852 713/647/836 
f 980/658/851 713/647/836 971/646/835 
f 981/659/853 722/506/853 720/507/852 
f 981/659/853 720/507/852 980/658/851 
f 979/506/850 724/657/850 722/506/853 
f 979/506/850 722/506/853 981/659/853 
f 982/514/854 983/511/855 738/395/856 
f 982/514/854 738/395/856 737/514/857 
f 984/660/858 982/514/854 737/514/857 
f 984/660/858 737/514/857 741/661/858 
f 985/662/859 984/660/858 741/661/858 
f 985/662/859 741/661/858 743/534/859 
f 986/463/860 733/463/861 727/503/847 
f 986/463/860 727/503/847 977/654/846 
f 987/663/862 735/663/862 733/463/861 
f 987/663/862 733/463/861 986/463/860 
f 985/662/859 743/534/859 735/663/862 
f 985/662/859 735/663/862 987/663/862 
f 988/664/863 968/531/832 695/377/831 
f 988/664/863 695/377/831 749/531/864 
f 989/665/865 988/664/863 749/531/864 
f 989/665/865 749/531/864 751/376/865 
f 990/666/866 989/665/865 751/376/865 
f 990/666/866 751/376/865 753/667/866 
f 991/668/867 745/511/868 738/395/856 
f 991/668/867 738/395/856 983/511/855 
f 992/669/869 747/397/869 745/511/868 
f 992/669/869 745/511/868 991/668/867 
f 990/666/866 753/667/866 747/397/869 
f 990/666/866 747/397/869 992/669/869 
f 916/379/870 914/379/871 919/478/872 
f 916/379/870 919/478/872 921/478/870 
f 929/670/873 931/670/874 926/383/875 
f 929/670/873 926/383/875 924/383/876 
f 993/356/877 936/671/878 941/389/878 
f 993/356/877 941/389/878 994/359/877 
f 995/364/879 946/461/880 951/393/880 
f 995/364/879 951/393/880 996/458/879 
f 954/373/881 908/373/882 752/373/883 
f 954/373/881 752/373/883 959/373/884 
f 900/439/885 734/439/619 735/440/620 
f 900/439/885 735/440/620 743/448/628 
f 743/448/628 742/447/627 900/439/885 
f 946/461/880 944/461/886 949/393/887 
f 946/461/880 949/393/887 951/393/880 
f 944/461/886 900/461/888 742/393/889 
f 944/461/886 742/393/889 949/393/887 
f 931/670/874 997/356/890 998/351/890 
f 931/670/874 998/351/890 926/383/875 
f 717/385/891 929/670/873 924/383/876 
f 717/385/891 924/383/876 885/383/892 
f 885/414/893 709/414/594 710/415/595 
f 885/414/893 710/415/595 718/423/602 
f 718/423/602 717/422/601 885/414/893 
f 724/430/609 731/435/616 723/428/608 
f 999/481/894 916/379/870 921/478/870 
f 999/481/894 921/478/870 1000/672/894 
f 914/379/871 877/379/895 705/478/895 
f 914/379/871 705/478/895 919/478/872 
f 877/403/896 697/403/582 698/404/583 
f 877/403/896 698/404/583 706/411/591 
f 706/411/591 705/409/590 877/403/896 
f 1001/673/897 955/373/898 961/373/899 
f 1001/673/897 961/373/899 1002/673/897 
f 955/373/898 954/373/881 959/373/884 
f 955/373/898 959/373/884 961/373/899 
f 753/457/638 752/455/637 908/674/900 
f 908/674/900 746/451/631 747/452/632 
f 908/674/900 747/452/632 753/457/638 
f 942/675/901 937/676/901 1003/385/901 
f 942/675/901 1003/385/901 1004/381/901 
f 993/509/902 1003/385/903 937/676/904 
f 993/509/902 937/676/904 936/677/905 
f 994/489/906 941/678/907 942/675/908 
f 994/489/906 942/675/908 1004/381/909 
f 932/679/910 927/680/910 1005/681/910 
f 932/679/910 1005/681/910 1006/388/910 
f 998/505/911 1005/681/912 927/680/913 
f 998/505/911 927/680/913 926/682/914 
f 997/509/915 931/683/916 932/679/917 
f 997/509/915 932/679/917 1006/388/918 
f 922/684/919 917/685/919 1007/686/919 
f 922/684/919 1007/686/919 1008/461/919 
f 999/511/920 1007/686/697 917/685/921 
f 999/511/920 917/685/921 916/687/922 
f 1000/391/923 921/468/924 922/684/925 
f 1000/391/923 922/684/925 1008/461/679 
f 952/688/926 947/689/926 1009/476/926 
f 952/688/926 1009/476/926 1010/378/926 
f 995/477/927 1009/476/928 947/689/929 
f 995/477/927 947/689/929 946/690/930 
f 996/529/931 951/691/932 952/688/933 
f 996/529/931 952/688/933 1010/378/934 
f 962/692/935 956/693/935 1011/376/935 
f 962/692/935 1011/376/935 1012/397/935 
f 1001/531/936 1011/376/937 956/693/938 
f 1001/531/936 956/693/938 955/694/939 
f 1002/511/940 961/695/941 962/692/942 
f 1002/511/940 962/692/942 1012/397/943 
f 936/671/878 934/671/944 939/389/945 
f 936/671/878 939/389/945 941/389/878 
f 934/671/944 723/388/946 731/389/947 
f 934/671/944 731/389/947 939/389/945 
# 575 faces

