# 3ds Max Wavefront OBJ Exporter v0.99 - (c)2007 guruware
# File Created: 26.03.2025 20:58:51

mtllib Cofre.mtl

#
# object Cofre
#

v  15.4800 -1.5370 -3.0195
v  15.7276 -1.8590 -2.9230
v  16.0220 -2.5361 -3.6347
v  15.7654 -2.1981 -3.7216
v  15.7756 -1.7511 -1.4253
v  15.5264 -1.4149 -1.4464
v  15.5467 -1.3837 0.0200
v  15.8042 -1.7483 0.0222
v  15.7757 -2.2306 -3.8047
v  16.0324 -2.5693 -3.7177
v  15.8700 -2.5681 -5.1984
v  15.6411 -2.2370 -5.2005
v  15.7149 -1.8229 -2.8410
v  15.4677 -1.5017 -2.9372
v  14.9942 -2.2475 -8.0255
v  15.2073 -2.5731 -8.0237
v  15.1981 -2.5732 -8.0581
v  14.9851 -2.2476 -8.0599
v  15.1108 -1.8805 -1.4268
v  15.0476 -1.9602 -2.8445
v  15.6889 -1.8917 -2.8630
v  15.7484 -1.8124 -1.4224
v  15.1735 -2.6382 -8.0229
v  14.7218 -2.6819 -8.0617
v  15.1642 -2.6383 -8.0572
v  15.1382 -1.8785 0.0176
v  15.7758 -1.8104 0.0221
v  16.0033 -2.6201 -3.6489
v  15.5814 -2.6721 -3.9485
v  15.4063 -2.6746 -5.2016
v  15.8403 -2.6307 -5.1986
v  15.1088 -2.6780 -6.6271
v  15.5535 -2.6341 -6.6240
v  15.4207 -1.4592 -2.9529
v  15.4793 -1.3703 -1.4493
v  15.3609 -1.4345 -2.9608
v  15.4197 -1.3447 -1.4512
v  15.3728 -1.4685 -3.0404
v  15.4330 -1.4943 -3.0342
v  15.7189 -2.1552 -3.7374
v  15.6597 -2.1302 -3.7456
v  15.5005 -1.3385 0.0196
v  15.4412 -1.3126 0.0191
v  15.6699 -2.1619 -3.8257
v  15.7293 -2.1877 -3.8193
v  15.5944 -2.1912 -5.2069
v  15.5346 -2.1642 -5.2110
v  15.7303 -1.8930 -2.9062
v  16.0270 -2.5761 -3.6229
v  15.7190 -1.8601 -2.8279
v  15.7799 -1.7897 -1.4232
v  15.8078 -1.7875 0.0223
v  16.0362 -2.6064 -3.7019
v  15.8731 -2.6073 -5.1984
v  15.2086 -2.6152 -8.0237
v  15.1993 -2.6153 -8.0581
v  15.5872 -2.6110 -6.6238
v  15.5846 -2.5702 -6.6239
v  15.3703 -2.6967 -3.6052
v  15.3644 -2.2419 -6.6258
v  15.3182 -2.1946 -6.6284
v  15.2584 -2.1665 -6.6313
v  14.9467 -2.1982 -8.0264
v  14.9376 -2.1983 -8.0607
v  14.8850 -2.1685 -8.0288
v  14.8758 -2.1685 -8.0630
v  14.8919 -1.1751 0.0150
v  14.9220 -1.1827 0.0153
v  14.9033 -1.2154 -1.4617
v  14.8733 -1.2079 -1.4622
v  14.8434 -1.3082 -2.9950
v  14.8133 -1.3009 -2.9970
v  14.8412 -1.3387 -3.0757
v  14.8104 -1.3311 -3.0777
v  14.8516 -1.9080 -3.8020
v  14.8199 -1.8993 -3.8042
v  14.8520 -1.9369 -3.8827
v  14.8209 -1.9283 -3.8849
v  14.7386 -1.9392 -5.2547
v  14.7092 -1.9309 -5.2564
v  14.4950 -1.9397 -6.6678
v  14.4668 -1.9313 -6.6691
v  14.1240 -1.9475 -8.0554
v  14.1149 -1.9477 -8.0894
v  14.0839 -1.9387 -8.0905
v  14.0930 -1.9385 -8.0565
v  14.9215 -2.2682 -8.0967
v  14.8412 -2.2086 -8.0973
v  15.1383 -2.5898 -8.0947
v  14.0371 -1.9826 -8.1260
v  14.7038 -2.6260 -8.0978
v  14.4335 -1.9746 -6.6675
v  14.8379 -1.2534 -1.4634
v  14.8549 -1.2207 0.0148
v  14.7803 -1.3632 -3.0420
v  14.7886 -1.9644 -3.8438
v  14.6766 -1.9751 -5.2581
v  15.3243 -2.6974 -3.9340
v  15.4627 -1.5295 3.0587
v  15.7441 -2.1889 3.7665
v  16.0012 -2.5271 3.6841
v  15.7109 -1.8518 2.9666
v  15.7674 -1.7476 1.4694
v  15.5181 -1.4113 1.4861
v  15.7540 -2.2212 3.8498
v  15.6114 -2.2241 5.2436
v  15.8403 -2.5552 5.2457
v  16.0111 -2.5601 3.7673
v  15.6987 -1.8159 2.8843
v  15.4509 -1.4944 2.9762
v  14.9484 -2.2277 8.0593
v  14.9391 -2.2278 8.0936
v  15.1521 -2.5533 8.0956
v  15.1616 -2.5533 8.0614
v  15.1026 -1.8769 1.4617
v  15.7402 -1.8088 1.4662
v  15.6724 -1.8846 2.9060
v  15.0314 -1.9531 2.8786
v  15.1278 -2.6184 8.0602
v  15.1183 -2.6184 8.0944
v  14.6759 -2.6620 8.0927
v  15.9824 -2.6111 3.6982
v  15.8105 -2.6179 5.2455
v  15.3766 -2.6618 5.2425
v  15.5588 -2.6623 3.9919
v  15.5156 -2.6178 6.6668
v  15.0710 -2.6617 6.6637
v  15.4709 -1.3667 1.4882
v  15.4038 -1.4519 2.9911
v  15.4114 -1.3411 1.4892
v  15.3440 -1.4272 2.9981
v  15.3554 -1.4610 3.0779
v  15.6383 -2.1210 3.7888
v  15.6975 -2.1459 3.7816
v  15.4156 -1.4868 3.0727
v  15.6481 -2.1524 3.8691
v  15.5048 -2.1513 5.2525
v  15.5647 -2.1784 5.2493
v  15.7075 -2.1782 3.8637
v  16.0062 -2.5672 3.6725
v  15.7136 -1.8858 2.9499
v  15.7716 -1.7861 1.4674
v  15.7028 -1.8531 2.8714
v  15.8434 -2.5945 5.2457
v  16.0150 -2.5972 3.7517
v  15.1534 -2.5955 8.0957
v  15.1629 -2.5955 8.0615
v  15.5493 -2.5946 6.6670
v  15.5468 -2.5538 6.6670
v  15.3497 -2.6878 3.6456
v  15.3266 -2.2255 6.6650
v  15.2804 -2.1782 6.6667
v  15.2206 -2.1502 6.6687
v  14.9009 -2.1784 8.0594
v  14.8916 -2.1784 8.0936
v  14.8392 -2.1487 8.0608
v  14.8299 -2.1487 8.0950
v  14.8649 -1.2043 1.4920
v  14.8949 -1.2118 1.4919
v  14.7962 -1.2935 3.0261
v  14.8263 -1.3008 3.0246
v  14.7928 -1.3235 3.1069
v  14.8237 -1.3311 3.1053
v  14.7982 -1.8899 3.8349
v  14.8299 -1.8986 3.8331
v  14.7987 -1.9187 3.9156
v  14.8298 -1.9273 3.9139
v  14.6793 -1.9179 5.2854
v  14.7086 -1.9262 5.2842
v  14.4288 -1.9148 6.6947
v  14.4570 -1.9232 6.6938
v  14.0781 -1.9277 8.0760
v  14.0471 -1.9187 8.0766
v  14.0378 -1.9188 8.1105
v  14.0688 -1.9278 8.1099
v  14.7951 -2.1886 8.1289
v  14.8754 -2.2482 8.1295
v  15.0922 -2.5698 8.1314
v  13.9908 -1.9626 8.1455
v  14.6576 -2.6061 8.1284
v  14.3955 -1.9581 6.6926
v  14.8295 -1.2498 1.4928
v  14.7629 -1.3556 3.0708
v  14.7667 -1.9549 3.8742
v  14.6466 -1.9621 5.2868
v  15.3018 -2.6876 3.9738
v  3.5687 0.4152 -1.7717
v  5.0290 -0.6917 -1.7264
v  5.0363 -0.7675 -2.9209
v  3.5770 0.3377 -2.9800
v  5.0243 -0.6629 -0.0561
v  3.5639 0.4441 -0.0679
v  3.3399 -0.6116 -2.9995
v  3.3312 -0.5334 -1.7856
v  3.3261 0.4378 -1.7802
v  3.3346 0.3600 -2.9913
v  3.3264 -0.5046 -0.0685
v  3.3213 0.4667 -0.0697
v  3.5329 0.3660 -2.9821
v  3.5246 0.4436 -1.7733
v  3.5198 0.4724 -0.0683
v  10.1183 -1.1378 -0.0191
v  10.1223 -1.1665 -1.5487
v  8.6620 -0.0596 -1.5940
v  8.6578 -0.0309 -0.0309
v  10.1255 -1.2354 -2.6849
v  8.6662 -0.1301 -2.7441
v  8.4291 -1.0794 -2.7635
v  8.4245 -1.0082 -1.6079
v  8.4195 -0.0370 -1.6024
v  8.4238 -0.1078 -2.7553
v  8.4203 -0.9795 -0.0315
v  8.4152 -0.0083 -0.0327
v  8.6229 -0.1019 -2.7461
v  8.6188 -0.0313 -1.5955
v  8.6145 -0.0026 -0.0313
v  6.9642 0.0987 -1.6532
v  6.9698 0.0258 -2.8227
v  6.9239 0.0543 -2.8249
v  6.9183 0.1272 -1.6548
v  6.9139 0.1560 -0.0436
v  6.9598 0.1274 -0.0433
v  5.2665 0.2570 -1.7124
v  6.7268 -0.8500 -1.6671
v  6.7327 -0.9235 -2.8422
v  5.2734 0.1818 -2.9014
v  6.7223 -0.8212 -0.0438
v  5.2619 0.2857 -0.0556
v  5.0239 0.2796 -1.7209
v  5.0310 0.2041 -2.9126
v  5.0193 0.3084 -0.0574
v  5.2284 0.2102 -2.9035
v  5.2214 0.2854 -1.7140
v  5.2168 0.3142 -0.0559
v  6.7173 0.1501 -0.0450
v  6.7217 0.1213 -1.6617
v  6.7274 0.0481 -2.8340
v  8.4681 -0.0876 -2.7533
v  8.4638 -0.0169 -1.6009
v  8.4595 0.0119 -0.0324
v  6.7700 0.0684 -2.8320
v  6.7643 0.1416 -1.6602
v  6.7599 0.1703 -0.0448
v  5.0733 0.2244 -2.9107
v  5.0662 0.2999 -1.7195
v  5.0616 0.3287 -0.0571
v  3.3738 0.3807 -2.9895
v  3.3653 0.4584 -1.7788
v  3.3605 0.4873 -0.0694
v  3.5590 0.4194 1.6359
v  3.5149 0.4478 1.6368
v  3.5163 0.3732 2.8459
v  3.5604 0.3449 2.8445
v  8.6507 -0.1234 2.6824
v  8.6531 -0.0557 1.5321
v  8.6099 -0.0275 1.5330
v  8.6075 -0.0952 2.6838
v  6.9551 0.1026 1.5667
v  6.9091 0.1312 1.5676
v  6.9080 0.0611 2.7379
v  6.9540 0.0327 2.7365
v  5.2570 0.2610 1.6013
v  5.2120 0.2895 1.6022
v  5.2122 0.2172 2.7918
v  5.2572 0.1888 2.7905
v  8.4105 -0.0331 1.5371
v  8.4156 -1.0044 1.5450
v  8.4083 -0.1011 2.6901
v  8.4136 -1.0727 2.7009
v  10.1136 -1.1628 1.5104
v  10.1103 -1.2288 2.6468
v  5.0145 0.2837 1.6063
v  5.0195 -0.6876 1.6142
v  5.0148 0.2111 2.7982
v  5.0200 -0.7605 2.8089
v  6.7175 -0.8460 1.5796
v  6.7168 -0.9166 2.7549
v  3.3164 0.4420 1.6408
v  3.3215 -0.5292 1.6488
v  3.3180 0.3672 2.8522
v  3.3232 -0.6044 2.8629
v  6.7125 0.1253 1.5717
v  6.7116 0.0550 2.7442
v  8.4526 -0.0810 2.6887
v  8.4548 -0.0130 1.5362
v  6.7551 0.1455 1.5708
v  6.7542 0.0753 2.7428
v  5.0568 0.3039 1.6053
v  5.0571 0.2314 2.7968
v  3.3556 0.4626 1.6400
v  3.3572 0.3878 2.8509
v  6.6126 -0.4662 -5.0738
v  6.3621 -0.4817 -6.3665
v  6.3647 -1.0902 -6.3755
v  6.6145 -1.0733 -5.0830
v  6.1088 -0.5113 -7.6687
v  6.1121 -1.1214 -7.6762
v  6.6098 -0.4996 -6.3550
v  6.8609 -0.4854 -5.0620
v  8.3528 -1.2078 -5.0005
v  8.0982 -1.2150 -6.2949
v  6.3557 -0.5275 -7.6587
v  7.8406 -1.2349 -7.6061
v  2.8952 -0.2322 -6.5276
v  2.6516 -0.2843 -7.8090
v  2.6550 -0.8943 -7.8165
v  2.8978 -0.8406 -6.5366
v  3.1360 -0.1973 -5.2388
v  3.1380 -0.8043 -5.2480
v  3.1428 -0.2500 -6.5161
v  3.3843 -0.2165 -5.2270
v  4.8762 -0.9388 -5.1655
v  4.6313 -0.9654 -6.4560
v  2.8986 -0.3005 -7.7990
v  4.3835 -1.0078 -7.7463
v  3.0980 -0.2190 -6.5180
v  3.3394 -0.1852 -5.2289
v  2.8538 -0.2697 -7.8006
v  4.6287 -0.3570 -6.4471
v  4.3802 -0.3978 -7.7389
v  4.8743 -0.3317 -5.1563
v  4.8763 -0.3748 -6.4356
v  5.1226 -0.3509 -5.1445
v  4.6271 -0.4140 -7.7289
v  4.8350 -0.3440 -6.4373
v  5.0812 -0.3200 -5.1463
v  4.5859 -0.3835 -7.7304
v  6.3020 -0.4962 -7.6607
v  6.5560 -0.4679 -6.3573
v  6.8070 -0.4535 -5.0644
v  6.1530 -0.4864 -7.6668
v  6.4065 -0.4571 -6.3643
v  6.6571 -0.4419 -5.0715
v  4.4161 -0.3723 -7.7373
v  4.6647 -0.3318 -6.4452
v  4.9105 -0.3068 -5.1544
v  2.6823 -0.2584 -7.8076
v  2.9260 -0.2066 -6.5260
v  3.1669 -0.1719 -5.2371
v  3.0613 -0.2031 6.3769
v  3.1062 -0.2342 6.3757
v  3.3550 -0.2038 5.0900
v  3.3100 -0.1726 5.0912
v  2.8099 -0.2507 7.6561
v  2.8546 -0.2815 7.6551
v  4.7987 -0.3283 6.3213
v  4.8400 -0.3591 6.3202
v  5.0937 -0.3384 5.0326
v  5.0523 -0.3075 5.0337
v  4.5423 -0.3646 7.6108
v  4.5835 -0.3952 7.6100
v  6.2587 -0.4775 7.5660
v  6.3124 -0.5088 7.5648
v  6.5738 -0.4840 6.2648
v  6.5200 -0.4524 6.2662
v  6.8324 -0.4731 4.9753
v  6.7784 -0.4412 4.9769
v  6.3262 -0.4662 6.2727
v  6.3287 -1.0746 6.2832
v  6.0687 -1.1026 7.5803
v  6.0654 -0.4926 7.5713
v  6.5858 -1.0609 4.9943
v  6.5840 -0.4538 4.9835
v  8.0626 -1.1996 6.2277
v  8.3245 -1.1955 4.9370
v  7.7976 -1.2163 7.5351
v  4.5949 -0.9497 6.3386
v  4.3398 -0.9890 7.6254
v  4.3365 -0.3789 7.6164
v  4.5923 -0.3413 6.3281
v  4.8472 -0.9262 5.0516
v  4.8453 -0.3192 5.0408
v  2.8611 -0.8247 6.3941
v  2.6109 -0.8753 7.6706
v  2.6076 -0.2652 7.6616
v  2.8585 -0.2163 6.3836
v  3.1085 -0.7916 5.1089
v  3.1066 -0.1845 5.0981
v  6.1097 -0.4677 7.5699
v  6.3706 -0.4416 6.2710
v  6.6285 -0.4296 4.9818
v  4.3724 -0.3535 7.6153
v  4.6284 -0.3161 6.3267
v  4.8815 -0.2943 5.0394
v  2.6383 -0.2394 7.6605
v  2.8893 -0.1907 6.3824
v  3.1375 -0.1592 5.0969
v  9.5660 -0.4523 -3.3522
v  9.4670 -0.8484 -4.1221
v  8.1565 -0.6956 -4.1885
v  8.1522 -0.2958 -3.4220
v  12.7482 -0.7872 -1.5064
v  11.0978 -0.5364 -1.5563
v  11.0933 -0.5071 -0.0129
v  12.7454 -0.7529 -0.0008
v  14.1454 -1.0076 0.0095
v  14.1257 -1.0411 -1.4774
v  1.9822 -0.2617 -4.4949
v  0.8341 -0.2086 -4.5510
v  -0.0011 0.2445 -3.8214
v  1.7504 0.1645 -3.7366
v  -0.0531 0.2699 -3.7408
v  0.0170 0.3642 -1.8577
v  1.7287 0.2887 -1.8210
v  1.7383 0.1889 -3.6527
v  3.0279 0.2186 -1.7931
v  3.0349 0.1427 -3.1090
v  6.6123 -0.1214 -3.1539
v  4.9616 0.0009 -3.2245
v  4.9606 0.0054 -3.1483
v  6.6116 -0.1169 -3.0780
v  9.5699 -0.4110 -2.9364
v  9.5702 -0.4154 -3.0168
v  8.1514 -0.2618 -3.0880
v  8.1513 -0.2585 -3.0093
v  10.1573 -0.4849 -2.8998
v  10.2259 -0.4991 -2.9838
v  12.7482 -0.8866 -3.1104
v  11.1029 -0.6287 -3.1918
v  14.0573 -1.1388 -3.0402
v  12.3461 -1.3369 -3.9556
v  10.8543 -1.0589 -4.0414
v  11.0909 -0.6522 -3.2762
v  12.7288 -0.9109 -3.1938
v  14.0375 -1.1653 -3.1222
v  13.6802 -1.6265 -3.8775
v  -0.2138 0.1607 -1.8623
v  -0.0747 0.3550 -1.8596
v  -0.1479 0.2607 -3.7448
v  -0.2856 0.0821 -3.7450
v  -0.2563 0.0606 -3.8257
v  -0.1018 0.2359 -3.8248
v  0.7614 -0.2211 -4.5548
v  0.6376 -0.3890 -4.5571
v  0.5830 -0.4450 -5.9571
v  0.6666 -0.4084 -4.6355
v  0.7924 -0.2428 -4.6340
v  0.6996 -0.2716 -5.9598
v  0.8588 -0.2304 -4.6312
v  1.9948 -0.2847 -4.5789
v  2.0183 -0.3232 -5.9032
v  0.7706 -0.2597 -5.9573
v  9.4557 -0.9322 -6.9012
v  8.2200 -0.7959 -6.9595
v  8.4763 -0.7857 -5.6075
v  9.4598 -0.8969 -5.5624
v  12.3263 -1.3592 -4.0390
v  13.6623 -1.6504 -3.9596
v  13.6052 -1.6678 -5.3183
v  12.3083 -1.3865 -5.3920
v  13.3221 -1.7440 -8.1155
v  12.2403 -1.4782 -8.1536
v  12.2414 -1.4768 -8.1204
v  13.3266 -1.7427 -8.0819
v  10.8419 -1.0806 -4.1257
v  10.8328 -1.1053 -5.4864
v  12.2861 -1.4186 -6.7710
v  10.8193 -1.1375 -6.8386
v  10.7953 -1.1874 -8.1701
v  10.7947 -1.1886 -8.2028
v  9.4618 -0.8698 -4.2070
v  9.4483 -0.9813 -8.2486
v  9.4485 -0.9801 -8.2164
v  6.7275 -0.5607 -4.2575
v  6.6207 -0.1600 -3.4975
v  5.1728 -0.4497 -4.3332
v  3.6278 -0.3514 -4.4122
v  3.3797 0.0706 -3.6565
v  4.9756 -0.0388 -3.5783
v  5.1919 -0.4867 -5.0006
v  3.6510 -0.3898 -5.0701
v  3.6497 -0.3877 -4.9948
v  5.1909 -0.4848 -4.9242
v  2.7819 -0.3636 -5.8682
v  2.5229 -0.4113 -7.2280
v  2.0560 -0.3879 -7.2501
v  3.7464 -0.5451 -8.4422
v  2.0996 -0.4638 -8.4980
v  2.0982 -0.4614 -8.4577
v  3.7451 -0.5430 -8.4061
v  8.1569 -0.7174 -4.2733
v  6.7335 -0.5828 -4.3421
v  3.6411 -0.3743 -4.4962
v  3.3668 0.0951 -3.5725
v  4.9650 -0.0147 -3.4941
v  8.1518 -0.2726 -3.3373
v  6.6149 -0.1364 -3.4129
v  9.5709 -0.4293 -3.2673
v  5.1837 -0.4722 -4.4175
v  0.5367 -0.3103 -7.3217
v  0.4585 -0.3202 -7.3161
v  0.3381 -0.4991 -7.3077
v  0.1396 -0.3930 -8.5179
v  10.4227 -0.4485 -1.5730
v  10.4181 -0.4192 -0.0179
v  6.7393 -0.5988 -4.9323
v  6.7386 -0.5967 -4.8549
v  3.2129 0.1283 -1.7891
v  3.3390 -0.6483 -2.8323
v  3.2169 0.0594 -2.9605
v  9.5700 -0.4880 -2.8409
v  9.9600 -1.2600 -2.6924
v  10.0875 -0.5556 -2.8184
v  10.2502 -0.5088 -1.5777
v  10.1253 -1.2727 -2.5176
v  10.1185 -1.1854 -0.0191
v  10.2456 -0.4794 -0.0190
v  10.3401 -0.4090 -0.0184
v  10.3447 -0.4383 -1.5749
v  10.2536 -0.5679 -2.6411
v  10.3368 -0.4972 -2.6959
v  8.1515 -0.3363 -2.9137
v  6.6110 -0.1934 -2.9824
v  4.9598 -0.0710 -3.0527
v  3.3918 0.0374 -3.1222
v  3.3502 0.1170 -3.1887
v  3.1186 0.2137 -1.7912
v  3.1396 0.1417 -3.0192
v  -0.1949 0.1870 -0.0945
v  -0.0541 0.3837 -0.0937
v  0.0367 0.3930 -0.0931
v  1.7232 0.3175 -0.0809
v  3.0193 0.2478 -0.0716
v  3.1136 0.2427 -0.0709
v  3.2078 0.1573 -0.0701
v  10.4216 -0.5128 -2.7663
v  10.3732 -0.5152 -2.9278
v  10.2806 -0.4977 -2.8417
v  3.2660 0.1173 -3.2701
v  3.0845 0.1325 -3.2259
v  3.2235 0.1277 -3.1592
v  6.7758 -0.7067 -7.8798
v  6.7746 -0.7032 -7.8044
v  7.7596 -0.7804 -7.7637
v  7.8083 -0.7888 -7.8384
v  5.2503 -0.5952 -7.9389
v  5.2483 -0.5914 -7.8648
v  3.7304 -0.5188 -7.9951
v  3.7278 -0.5144 -7.9217
v  10.0774 -1.2733 -2.6383
v  10.2059 -0.5683 -2.7633
v  3.2698 0.0487 -3.0788
v  3.3890 -0.6597 -2.9478
v  3.5069 -0.6720 -2.9914
v  6.7654 -0.7721 -7.7249
v  7.6642 -1.2713 -7.6131
v  7.7103 -0.8489 -7.6874
v  8.0985 -1.2654 -6.2949
v  8.3095 -0.8403 -5.6150
v  8.0521 -0.8509 -6.9674
v  3.2522 -0.4426 -5.1693
v  3.3149 -0.8677 -5.2370
v  3.1787 -0.8594 -5.2938
v  3.1140 -0.4363 -5.2237
v  2.6885 -0.9362 -7.6421
v  2.5963 -0.5153 -7.7000
v  2.6862 -0.4917 -7.2203
v  2.8981 -0.8911 -6.5365
v  3.1062 -0.8583 -5.4227
v  2.9408 -0.4441 -5.8609
v  3.0366 -0.4355 -5.3531
v  8.3164 -1.2587 -5.1872
v  8.3981 -0.8393 -5.1497
v  8.5860 -0.7917 -5.0374
v  13.5088 -1.6894 -6.7130
v  6.7315 -0.6730 -5.0119
v  5.1861 -0.5609 -5.0802
v  8.2500 -0.7465 -4.8639
v  8.2055 -0.8160 -4.9382
v  3.6464 -0.4642 -5.1495
v  3.1953 -0.3656 -5.1057
v  3.0587 -0.3596 -5.1616
v  2.8581 -0.3676 -5.8648
v  2.9802 -0.3589 -5.2952
v  5.2397 -0.6600 -7.7852
v  3.7199 -0.5826 -7.8422
v  2.7327 -0.4659 -7.9470
v  2.7829 -0.5355 -7.8757
v  8.4817 -0.7746 -5.1118
v  8.3908 -0.7761 -5.6114
v  2.5213 -0.4431 -7.7477
v  2.6036 -0.4154 -7.2243
v  8.1342 -0.7865 -6.9635
v  6.7826 -0.7281 -8.3392
v  6.7821 -0.7264 -8.3021
v  8.1717 -0.8347 -8.2601
v  8.1705 -0.8356 -8.2920
v  5.2616 -0.6169 -8.3543
v  3.1219 -0.3594 -5.0228
v  2.4054 -0.4411 -7.8215
v  2.6663 -0.4631 -8.0342
v  2.9849 -0.3534 -5.0783
v  2.9082 -0.3530 -5.2204
v  8.3233 -0.7618 -4.7831
v  8.5155 -0.7793 -4.8666
v  8.4254 -0.7652 -4.9315
v  2.8322 -0.9552 -7.8082
v  2.6289 -0.5248 -7.8320
v  2.7200 -0.9454 -7.7601
v  2.5815 -0.4545 -7.8845
v  2.4871 -0.4524 -7.9898
v  8.1642 -1.2401 -5.0098
v  8.3606 -0.8152 -4.9971
v  8.2880 -1.2531 -5.0570
v  7.8009 -1.2804 -7.5591
v  7.8671 -0.8599 -7.6349
v  7.9218 -0.7967 -7.6956
v  7.9864 -0.8005 -7.7666
v  7.9511 -0.8619 -7.4984
v  7.8750 -1.2815 -7.4317
v  8.0158 -0.7946 -7.5535
v  8.0948 -0.8054 -7.6202
v  14.7668 -1.1832 -1.4644
v  14.7854 -1.1503 0.0142
v  14.8150 -1.1569 0.0145
v  14.7964 -1.1898 -1.4638
v  14.7062 -1.2769 -3.0035
v  14.7362 -1.2832 -3.0018
v  14.7331 -1.3135 -3.0825
v  14.7024 -1.3069 -3.0843
v  14.7134 -1.8725 -3.8112
v  14.7137 -1.9013 -3.8920
v  14.6032 -1.9040 -5.2623
v  14.3523 -1.9008 -6.6744
v  13.9796 -1.9083 -8.0603
v  13.9705 -1.9085 -8.0943
v  14.0045 -1.9171 -8.0932
v  14.0137 -1.9169 -8.0592
v  14.3882 -1.9098 -6.6728
v  14.6317 -1.9108 -5.2606
v  14.7430 -1.8795 -3.8093
v  14.7438 -1.9085 -3.8900
v  13.3172 -1.8041 -8.1496
v  12.2388 -1.5386 -8.1884
v  10.7940 -1.2482 -8.2384
v  9.4482 -1.0405 -8.2845
v  8.1702 -0.8946 -8.3277
v  6.7837 -0.7874 -8.3744
v  5.2643 -0.6783 -8.4255
v  5.2625 -0.6188 -8.3907
v  3.7485 -0.6047 -8.4766
v  2.1018 -0.5236 -8.5352
v  0.1089 -0.4429 -8.5943
v  0.1264 -0.3958 -8.5578
v  0.0617 -0.4321 -8.5376
v  -0.0098 -0.5710 -8.4505
v  -0.0045 -0.5375 -8.3771
v  0.0820 -0.3941 -8.5053
v  0.0942 -0.3917 -8.4670
v  6.8703 -0.9309 -2.8394
v  3.3266 -0.5521 -0.0684
v  9.5470 -0.4441 3.3042
v  8.1329 -0.2875 3.3534
v  8.1329 -0.6854 4.1209
v  9.4437 -0.8384 4.0736
v  12.7396 -0.7835 1.5048
v  11.0890 -0.5326 1.5305
v  14.1172 -1.0375 1.4961
v  1.9570 -0.2508 4.3380
v  1.7296 0.1735 3.5754
v  -0.0224 0.2537 3.6349
v  0.8087 -0.1976 4.3775
v  -0.0738 0.2788 3.5535
v  1.7180 0.1977 3.4913
v  1.7188 0.2930 1.6592
v  0.0070 0.3686 1.6712
v  3.0176 0.1502 2.9662
v  3.0182 0.2228 1.6501
v  6.5946 -0.1137 3.0628
v  6.5943 -0.1095 2.9869
v  4.9430 0.0130 3.0333
v  4.9435 0.0087 3.1096
v  9.5533 -0.4038 2.8884
v  8.1343 -0.2511 2.9406
v  8.1340 -0.2543 3.0193
v  9.5531 -0.4081 2.9687
v  10.1409 -0.4778 2.8603
v  10.2091 -0.4918 2.9454
v  12.7305 -0.8790 3.1090
v  11.0849 -0.6209 3.1662
v  14.0400 -1.1313 3.0582
v  12.3236 -1.3272 3.9495
v  12.7106 -0.9031 3.1921
v  11.0723 -0.6442 3.2504
v  10.8314 -1.0490 4.0132
v  14.0197 -1.1576 3.1399
v  13.6581 -1.6169 3.8912
v  -0.2238 0.1651 1.6731
v  -0.3064 0.0910 3.5548
v  -0.1687 0.2697 3.5562
v  -0.0848 0.3593 1.6719
v  -0.2775 0.0698 3.6360
v  0.6122 -0.3780 4.3812
v  0.7360 -0.2101 4.3803
v  -0.1230 0.2451 3.6369
v  0.5497 -0.4306 5.7805
v  0.6662 -0.2571 5.7845
v  0.7665 -0.2316 4.4600
v  0.6407 -0.3972 4.4601
v  0.8329 -0.2192 4.4581
v  0.7372 -0.2452 5.7830
v  1.9852 -0.3089 5.7469
v  1.9692 -0.2737 4.4222
v  9.4166 -0.9153 6.8527
v  9.4283 -0.8833 5.5139
v  8.4446 -0.7720 5.5446
v  8.1806 -0.7789 6.8929
v  12.3033 -1.3493 4.0326
v  12.2776 -1.3732 5.3854
v  13.5749 -1.6547 5.3309
v  13.6397 -1.6406 3.9730
v  13.2759 -1.7240 8.1241
v  13.2806 -1.7228 8.0906
v  12.1952 -1.4568 8.1130
v  12.1939 -1.4582 8.1461
v  10.8185 -1.0705 4.0975
v  10.8017 -1.0918 5.4580
v  12.2476 -1.4019 6.7641
v  10.7805 -1.1208 6.8100
v  10.7489 -1.1674 8.1413
v  10.7481 -1.1685 8.1740
v  9.4380 -0.8595 4.1585
v  9.4019 -0.9600 8.1678
v  9.4015 -0.9611 8.2000
v  6.7035 -0.5504 4.1691
v  6.6010 -0.1516 3.4067
v  5.1485 -0.4392 4.2224
v  4.9556 -0.0301 3.4637
v  3.3593 0.0794 3.5187
v  3.6031 -0.3408 4.2790
v  5.1638 -0.4745 4.8901
v  5.1632 -0.4728 4.8136
v  3.6217 -0.3756 4.8620
v  3.6225 -0.3775 4.9373
v  2.7490 -0.3494 5.7230
v  2.0152 -0.3703 7.0944
v  2.4822 -0.3937 7.0791
v  3.6987 -0.5245 8.3110
v  3.6976 -0.5224 8.2749
v  2.0505 -0.4408 8.3028
v  2.0517 -0.4431 8.3431
v  6.7091 -0.5723 4.2539
v  8.1328 -0.7070 4.2057
v  3.6159 -0.3635 4.3633
v  3.3469 0.1037 3.4345
v  4.9454 -0.0063 3.3792
v  8.1330 -0.2644 3.2686
v  6.5957 -0.1281 3.3219
v  9.5525 -0.4213 3.2194
v  5.1589 -0.4615 4.3069
v  0.4174 -0.3024 7.1374
v  0.4955 -0.2925 7.1441
v  0.2970 -0.4813 7.1278
v  0.0917 -0.3723 8.3348
v  10.4138 -0.4447 1.5373
v  6.7115 -0.5868 4.8442
v  6.7112 -0.5849 4.7668
v  3.2031 0.1325 1.6489
v  3.2004 0.0665 2.8205
v  3.3233 -0.6415 2.6958
v  9.5540 -0.4810 2.7931
v  10.0716 -0.5487 2.7782
v  9.9448 -1.2534 2.6520
v  10.2413 -0.5050 1.5397
v  10.1111 -1.2666 2.4796
v  10.3359 -0.4345 1.5381
v  10.2386 -0.5615 2.6032
v  10.3216 -0.4906 2.6591
v  8.1351 -0.3292 2.8452
v  6.5943 -0.1862 2.8915
v  4.9428 -0.0636 2.9379
v  3.3744 0.0449 2.9848
v  3.3324 0.1247 3.0504
v  3.1088 0.2179 1.6495
v  3.1228 0.1489 2.8779
v  10.2645 -0.4908 2.8040
v  10.3566 -0.5081 2.8915
v  10.4059 -0.5060 2.7307
v  3.2060 0.1353 3.0191
v  3.0666 0.1403 3.0838
v  3.2477 0.1251 3.1307
v  6.7312 -0.6875 7.7923
v  7.7640 -0.7696 7.7659
v  7.7156 -0.7614 7.6905
v  6.7305 -0.6841 7.7169
v  5.2039 -0.5722 7.7552
v  5.2054 -0.5758 7.8294
v  3.6831 -0.4951 7.7902
v  3.6853 -0.4993 7.8637
v  10.1902 -0.5616 2.7248
v  10.0625 -1.2668 2.5997
v  3.2527 0.0561 2.9396
v  3.3726 -0.6526 2.8120
v  3.4903 -0.6648 2.8573
v  6.7217 -0.7532 7.6374
v  7.6667 -0.8301 7.6136
v  7.6211 -1.2527 7.5397
v  8.0628 -1.2500 6.2278
v  8.0126 -0.8338 6.8986
v  8.2777 -0.8266 5.5499
v  3.2232 -0.4301 5.0310
v  3.0847 -0.4237 5.0833
v  3.1490 -0.8465 5.1554
v  3.2855 -0.8549 5.1006
v  2.6454 -0.9176 7.4968
v  2.8613 -0.8752 6.3942
v  2.6455 -0.4741 7.0739
v  2.5529 -0.4966 7.5524
v  3.0757 -0.8452 5.2832
v  3.0065 -0.4226 5.2117
v  2.9079 -0.4299 5.7181
v  8.3689 -0.8267 5.0859
v  8.2871 -1.2460 5.1233
v  8.5575 -0.7794 4.9762
v  13.4705 -1.6729 6.7242
v  5.1575 -0.5486 4.9697
v  6.7033 -0.6608 4.9239
v  8.1776 -0.8039 4.8716
v  8.2225 -0.7346 4.7977
v  3.6174 -0.4517 5.0169
v  3.1667 -0.3532 4.9663
v  3.0297 -0.3471 5.0203
v  2.9505 -0.3461 5.1527
v  2.8252 -0.3534 5.7206
v  5.1958 -0.6410 7.6756
v  3.6756 -0.5635 7.7107
v  2.7385 -0.5163 7.7307
v  2.6879 -0.4466 7.8011
v  8.3591 -0.7623 5.5473
v  8.4528 -0.7621 5.0490
v  2.4776 -0.4243 7.5988
v  2.5630 -0.3978 7.0765
v  8.0948 -0.7694 6.8957
v  6.7354 -0.7077 8.2518
v  8.1235 -0.8153 8.2248
v  8.1249 -0.8145 8.1929
v  6.7351 -0.7061 8.2148
v  5.2143 -0.5965 8.2450
v  3.0937 -0.3472 4.8824
v  2.3614 -0.4220 7.6709
v  2.6210 -0.4435 7.8874
v  2.9565 -0.3411 4.9359
v  2.8789 -0.3403 5.0770
v  8.3976 -0.7532 4.8679
v  8.4880 -0.7674 4.8043
v  8.2963 -0.7501 4.7180
v  2.7881 -0.9362 7.6650
v  2.6763 -0.9265 7.6153
v  2.5847 -0.5057 7.6848
v  2.5371 -0.4353 7.7364
v  2.4420 -0.4330 7.8404
v  8.1359 -1.2279 4.9436
v  8.2594 -1.2408 4.9926
v  8.3324 -0.8030 4.9327
v  7.8238 -0.8413 7.5634
v  7.7581 -1.2619 7.4877
v  7.8783 -0.7779 7.6247
v  7.9424 -0.7815 7.6966
v  7.8329 -1.2634 7.3614
v  7.9087 -0.8436 7.4281
v  7.9731 -0.7761 7.4840
v  8.0516 -0.7868 7.5518
v  14.7584 -1.1796 1.4926
v  14.7880 -1.1861 1.4925
v  14.6891 -1.2695 3.0310
v  14.7190 -1.2758 3.0297
v  14.7154 -1.3058 3.1105
v  14.6848 -1.2993 3.1118
v  14.6917 -1.8631 3.8403
v  14.6915 -1.8917 3.9211
v  14.5732 -1.8910 5.2897
v  14.3142 -1.8843 6.6983
v  13.9244 -1.8886 8.1126
v  13.9337 -1.8885 8.0788
v  13.9584 -1.8972 8.1120
v  13.9678 -1.8971 8.0781
v  14.3502 -1.8933 6.6972
v  14.6017 -1.8978 5.2886
v  14.7212 -1.8701 3.8389
v  14.7215 -1.8989 3.9196
v  13.2708 -1.7841 8.1584
v  12.1922 -1.5185 8.1811
v  10.7472 -1.2280 8.2097
v  9.4012 -1.0202 8.2360
v  8.1230 -0.8742 8.2607
v  6.7363 -0.7669 8.2872
v  5.2167 -0.6577 8.3163
v  5.2151 -0.5983 8.2814
v  3.7007 -0.5840 8.3456
v  2.0537 -0.5028 8.3805
v  0.0605 -0.4220 8.4109
v  0.0782 -0.3750 8.3745
v  0.0136 -0.4113 8.3534
v  0.0342 -0.3734 8.3214
v  -0.0516 -0.5171 8.1922
v  -0.0573 -0.5505 8.2657
v  0.0465 -0.3712 8.2832
v  6.8544 -0.9240 2.7541
# 898 vertices

vn 0.7455 0.6283 -0.2224
vn 0.9165 0.3991 -0.0289
vn 0.9341 0.3564 0.0204
vn 0.7622 0.6154 -0.2008
vn 0.9302 0.3649 -0.0401
vn 0.7485 0.6615 -0.0460
vn 0.7599 0.6501 0.0014
vn 0.9383 0.3458 0.0023
vn 0.7611 0.6380 -0.1172
vn 0.9470 0.3142 -0.0663
vn 0.9328 0.3314 -0.1417
vn 0.7645 0.6346 -0.1131
vn 0.9176 0.3950 -0.0458
vn 0.7415 0.6607 -0.1168
vn 0.7661 0.6091 -0.2052
vn 0.9234 0.2922 -0.2489
vn 0.7820 0.2521 -0.5701
vn 0.6430 0.5100 -0.5714
vn 0.1063 -0.9940 0.0256
vn 0.1075 -0.9929 0.0510
vn 0.3479 -0.8393 0.4178
vn 0.3605 -0.9326 0.0152
vn 0.3286 -0.9405 -0.0864
vn 0.0867 -0.8220 -0.5629
vn 0.2711 -0.8396 -0.4708
vn 0.1062 -0.9943 0.0015
vn 0.3581 -0.9337 0.0022
vn 0.3870 -0.8469 0.3647
vn 0.1223 -0.9924 -0.0095
vn 0.1028 -0.9946 -0.0126
vn 0.3564 -0.9328 -0.0528
vn 0.0982 -0.9949 -0.0214
vn 0.3462 -0.9347 -0.0805
vn 0.5354 0.8274 -0.1699
vn 0.5506 0.8334 -0.0483
vn 0.3966 0.8980 -0.1905
vn 0.3962 0.9169 -0.0482
vn 0.3948 0.8250 -0.4044
vn 0.5363 0.7593 -0.3686
vn 0.5781 0.7476 -0.3269
vn 0.4005 0.8034 -0.4407
vn 0.5594 0.8289 0.0006
vn 0.4007 0.9162 -0.0000
vn 0.4077 0.8978 -0.1665
vn 0.5777 0.8031 -0.1459
vn 0.5719 0.8158 -0.0862
vn 0.4149 0.9076 -0.0645
vn 0.8988 -0.1625 0.4072
vn 0.8366 -0.3011 0.4576
vn 0.9455 -0.3193 0.0640
vn 0.9171 -0.3982 -0.0171
vn 0.9106 -0.4133 0.0031
vn 0.8601 -0.5094 0.0284
vn 0.8992 -0.4155 -0.1369
vn 0.8590 -0.4571 -0.2307
vn 0.7285 -0.4101 -0.5488
vn 0.8799 -0.4289 -0.2046
vn 0.9249 0.3128 -0.2160
vn 0.1210 -0.6983 0.7055
vn 0.0947 -0.6948 0.7130
vn 0.7669 0.6166 -0.1782
vn 0.5803 0.8030 -0.1358
vn 0.4266 0.8986 -0.1027
vn 0.5808 0.7989 -0.1563
vn 0.4956 0.6828 -0.5368
vn 0.4348 0.8929 -0.1175
vn 0.3694 0.7206 -0.5867
vn -0.3097 0.9508 -0.0021
vn 0.2427 0.9701 -0.0005
vn 0.2435 0.9688 -0.0464
vn -0.3199 0.9469 -0.0312
vn 0.2451 0.9464 -0.2101
vn -0.3740 0.9127 -0.1648
vn 0.2384 0.8453 -0.4782
vn -0.3539 0.8144 -0.4600
vn 0.2625 0.8443 -0.4672
vn -0.2746 0.8203 -0.5018
vn 0.2731 0.9457 -0.1762
vn -0.2959 0.9475 -0.1211
vn 0.2736 0.9612 -0.0358
vn -0.3081 0.9507 0.0359
vn 0.2856 0.9561 -0.0659
vn -0.2845 0.9570 0.0568
vn 0.2806 0.9565 -0.0804
vn 0.2535 0.8170 -0.5180
vn -0.2386 0.9085 -0.3431
vn -0.2809 0.9571 0.0715
vn 0.3635 0.3341 -0.8696
vn 0.2799 0.4313 -0.8577
vn 0.3158 -0.1993 -0.9277
vn 0.1851 0.5401 -0.8210
vn -0.3331 0.7821 -0.5266
vn 0.2678 0.8744 -0.4046
vn 0.0601 -0.5346 -0.8429
vn -0.7777 0.6046 0.1720
vn -0.7908 0.6120 -0.0050
vn -0.7763 0.6304 -0.0030
vn -0.8498 0.4882 -0.1987
vn -0.7752 0.6092 -0.1671
vn -0.8012 0.5894 0.1037
vn 0.2427 0.9701 -0.0004
vn 0.2431 0.9689 -0.0457
vn 0.2451 0.9456 -0.2139
vn 0.2426 0.8300 -0.5022
vn 0.2664 0.8560 -0.4431
vn 0.2725 0.9455 -0.1783
vn 0.2743 0.9610 -0.0365
vn 0.2872 0.9556 -0.0660
vn 0.2817 0.9563 -0.0784
vn 0.1106 -0.9939 -0.0033
vn 0.0973 -0.9952 -0.0116
vn 0.7434 0.6296 0.2256
vn 0.7605 0.6166 0.2036
vn 0.9341 0.3568 -0.0156
vn 0.9162 0.3994 0.0334
vn 0.9299 0.3651 0.0445
vn 0.7480 0.6619 0.0486
vn 0.7601 0.6387 0.1201
vn 0.7634 0.6354 0.1160
vn 0.9318 0.3320 0.1465
vn 0.9465 0.3147 0.0710
vn 0.9173 0.3951 0.0502
vn 0.7404 0.6615 0.1195
vn 0.7642 0.6104 0.2083
vn 0.6366 0.5128 0.5761
vn 0.7764 0.2539 0.5768
vn 0.9217 0.2932 0.2539
vn 0.1066 -0.9940 -0.0224
vn 0.3607 -0.9326 -0.0108
vn 0.3534 -0.8391 -0.4135
vn 0.1082 -0.9930 -0.0480
vn 0.3275 -0.9405 0.0906
vn 0.2650 -0.8390 0.4753
vn 0.0788 -0.8221 0.5639
vn 0.3913 -0.8473 -0.3592
vn 0.3560 -0.9327 0.0571
vn 0.1026 -0.9946 0.0156
vn 0.1221 -0.9924 0.0127
vn 0.3451 -0.9347 0.0848
vn 0.0979 -0.9949 0.0244
vn 0.5499 0.8338 0.0494
vn 0.5337 0.8283 0.1706
vn 0.3956 0.9172 0.0481
vn 0.3935 0.8996 0.1895
vn 0.3886 0.8272 0.4058
vn 0.3943 0.8055 0.4423
vn 0.5743 0.7498 0.3286
vn 0.5321 0.7611 0.3709
vn 0.4053 0.8987 0.1676
vn 0.4139 0.9080 0.0646
vn 0.5707 0.8165 0.0875
vn 0.5759 0.8041 0.1475
vn 0.8409 -0.3008 -0.4499
vn 0.9019 -0.1625 -0.4002
vn 0.9170 -0.3981 0.0233
vn 0.9458 -0.3196 -0.0581
vn 0.8984 -0.4151 0.1433
vn 0.8602 -0.5095 -0.0218
vn 0.7228 -0.4094 0.5567
vn 0.8573 -0.4569 0.2372
vn 0.8784 -0.4288 0.2111
vn 0.9235 0.3138 0.2209
vn 0.1310 -0.6995 -0.7025
vn 0.1048 -0.6961 -0.7102
vn 0.7652 0.6178 0.1812
vn 0.5787 0.8039 0.1372
vn 0.4253 0.8992 0.1029
vn 0.5790 0.7999 0.1579
vn 0.4890 0.6852 0.5397
vn 0.4332 0.8936 0.1178
vn 0.3622 0.7241 0.5869
vn -0.3204 0.9469 0.0269
vn 0.2428 0.9690 0.0454
vn -0.3757 0.9128 0.1601
vn 0.2424 0.9473 0.2094
vn -0.3587 0.8149 0.4553
vn 0.2318 0.8473 0.4779
vn -0.2806 0.8206 0.4979
vn 0.2561 0.8463 0.4671
vn -0.2971 0.9476 0.1172
vn 0.2708 0.9465 0.1756
vn -0.3076 0.9507 -0.0401
vn 0.2731 0.9613 0.0350
vn -0.2840 0.9569 -0.0610
vn 0.2846 0.9564 0.0652
vn 0.2794 0.9569 0.0797
vn -0.2805 0.9569 -0.0756
vn -0.2417 0.9091 0.3394
vn 0.2464 0.8190 0.5182
vn 0.2684 0.4344 0.8598
vn 0.3521 0.3371 0.8731
vn 0.3036 -0.1968 0.9323
vn 0.1736 0.5430 0.8216
vn 0.2621 0.8755 0.4060
vn -0.3408 0.7824 0.5213
vn 0.0480 -0.5327 0.8449
vn -0.7762 0.6048 -0.1780
vn -0.7909 0.6119 -0.0010
vn -0.8513 0.4882 0.1921
vn -0.7767 0.6089 0.1614
vn -0.8001 0.5898 -0.1096
vn 0.2425 0.9691 0.0449
vn 0.2420 0.9464 0.2138
vn 0.2355 0.8319 0.5025
vn 0.2603 0.8582 0.4424
vn 0.2701 0.9465 0.1769
vn 0.2738 0.9611 0.0358
vn 0.2863 0.9559 0.0653
vn 0.2806 0.9567 0.0776
vn 0.0971 -0.9952 0.0146
vn 0.1105 -0.9939 0.0064
vn 0.5729 0.8191 -0.0304
vn 0.6044 0.7961 -0.0295
vn 0.6043 0.7954 -0.0468
vn 0.5733 0.8179 -0.0485
vn 0.6042 0.7969 0.0008
vn 0.5726 0.8198 0.0006
vn -1.0000 -0.0053 -0.0067
vn -1.0000 -0.0052 -0.0048
vn -0.8535 0.5204 -0.0257
vn -0.8700 0.4917 -0.0377
vn -1.0000 -0.0052 -0.0028
vn -0.8550 0.5187 -0.0031
vn 0.3247 0.9440 -0.0583
vn 0.3256 0.9448 -0.0365
vn 0.3253 0.9456 -0.0002
vn 0.6044 0.7961 -0.0299
vn 0.5760 0.8168 -0.0307
vn 0.5757 0.8176 0.0006
vn 0.6043 0.7954 -0.0465
vn 0.5764 0.8158 -0.0479
vn -1.0000 -0.0053 -0.0035
vn -1.0000 -0.0052 -0.0031
vn -0.8383 0.5446 -0.0248
vn -0.8562 0.5155 -0.0349
vn -0.8394 0.5435 -0.0031
vn 0.3277 0.9431 -0.0567
vn 0.3294 0.9435 -0.0364
vn 0.3288 0.9444 -0.0002
vn 0.5663 0.8236 -0.0309
vn 0.5668 0.8225 -0.0485
vn 0.3168 0.9468 -0.0575
vn 0.3183 0.9473 -0.0366
vn 0.3179 0.9481 -0.0003
vn 0.5661 0.8243 0.0006
vn 0.5696 0.8214 -0.0306
vn 0.6044 0.7961 -0.0296
vn 0.6043 0.7954 -0.0467
vn 0.5700 0.8202 -0.0485
vn 0.5693 0.8221 0.0006
vn -1.0000 -0.0053 -0.0057
vn -1.0000 -0.0052 -0.0043
vn -0.8438 0.5360 -0.0257
vn -0.8612 0.5069 -0.0373
vn -0.8452 0.5345 -0.0031
vn 0.3207 0.9454 -0.0579
vn 0.3219 0.9461 -0.0366
vn 0.3215 0.9469 -0.0002
vn -0.8442 0.5361 -0.0031
vn -0.8430 0.5374 -0.0251
vn -1.0000 -0.0052 -0.0037
vn -0.8604 0.5084 -0.0360
vn -1.0000 -0.0054 -0.0047
vn 0.6044 0.7961 -0.0298
vn 0.6043 0.7954 -0.0466
vn 0.6041 0.7969 0.0008
vn -0.1727 0.9831 -0.0610
vn -0.1640 0.9857 -0.0397
vn -0.1654 0.9862 -0.0017
vn -0.1812 0.9815 -0.0621
vn -0.1726 0.9842 -0.0400
vn -0.1739 0.9848 -0.0017
vn -0.1829 0.9811 -0.0632
vn -0.1743 0.9839 -0.0403
vn -0.1756 0.9845 -0.0017
vn -0.2013 0.9774 -0.0642
vn -0.1924 0.9805 -0.0406
vn -0.1936 0.9811 -0.0018
vn 0.5725 0.8193 0.0317
vn 0.3250 0.9450 0.0361
vn 0.3249 0.9440 0.0578
vn 0.5728 0.8182 0.0498
vn 0.5759 0.8160 0.0492
vn 0.5757 0.8170 0.0320
vn 0.3290 0.9436 0.0359
vn 0.3281 0.9430 0.0562
vn 0.5660 0.8238 0.0320
vn 0.3178 0.9475 0.0361
vn 0.3171 0.9467 0.0569
vn 0.5663 0.8227 0.0497
vn 0.5692 0.8216 0.0319
vn 0.3214 0.9462 0.0361
vn 0.3210 0.9453 0.0574
vn 0.5695 0.8205 0.0498
vn -0.8385 0.5445 0.0186
vn -1.0000 -0.0053 -0.0026
vn -0.8556 0.5169 0.0289
vn -1.0000 -0.0054 -0.0021
vn 0.6040 0.7963 0.0315
vn 0.6038 0.7957 0.0480
vn -0.8440 0.5360 0.0195
vn -1.0000 -0.0052 -0.0014
vn -0.8606 0.5083 0.0312
vn -1.0000 -0.0054 0.0001
vn 0.6040 0.7963 0.0312
vn 0.6038 0.7957 0.0482
vn -0.8536 0.5205 0.0194
vn -1.0000 -0.0052 -0.0009
vn -0.8694 0.4930 0.0317
vn -1.0000 -0.0054 0.0011
vn 0.6041 0.7963 0.0310
vn 0.6038 0.7957 0.0483
vn 0.6040 0.7964 0.0313
vn 0.6038 0.7957 0.0481
vn -0.8432 0.5372 0.0189
vn -1.0000 -0.0052 -0.0020
vn -1.0000 -0.0053 -0.0010
vn -0.8599 0.5096 0.0299
vn -0.1722 0.9834 0.0577
vn -0.1646 0.9857 0.0363
vn -0.1732 0.9842 0.0366
vn -0.1808 0.9818 0.0587
vn -0.1748 0.9839 0.0369
vn -0.1822 0.9814 0.0598
vn -0.1927 0.9806 0.0371
vn -0.2006 0.9778 0.0606
vn -0.8274 0.5402 0.1536
vn -0.8506 0.5021 0.1561
vn -0.9816 -0.0070 0.1906
vn -0.9818 -0.0060 0.1898
vn -0.8762 0.4546 0.1601
vn -0.9816 -0.0077 0.1908
vn 0.4716 0.8754 -0.1057
vn 0.4692 0.8773 -0.1008
vn 0.4355 0.8954 -0.0923
vn 0.4335 0.8961 -0.0949
vn 0.4732 0.8741 -0.1100
vn 0.4308 0.8971 -0.0983
vn -0.8946 0.4194 0.1541
vn -0.9120 0.3786 0.1581
vn -0.9823 -0.0075 0.1869
vn -0.9827 -0.0068 0.1853
vn -0.8794 0.4511 0.1519
vn -0.9830 -0.0059 0.1834
vn 0.5029 0.8556 -0.1227
vn 0.4971 0.8599 -0.1155
vn 0.4354 0.8944 -0.1027
vn 0.4333 0.8949 -0.1069
vn 0.5074 0.8520 -0.1292
vn 0.4306 0.8956 -0.1121
vn 0.3325 0.9384 -0.0936
vn 0.3691 0.9246 -0.0936
vn 0.2967 0.9503 -0.0940
vn -0.8761 0.4563 0.1556
vn -0.8967 0.4129 0.1595
vn -0.9819 -0.0075 0.1890
vn -0.9822 -0.0069 0.1879
vn -0.8574 0.4912 0.1534
vn -0.9824 -0.0060 0.1866
vn 0.5177 0.8471 -0.1197
vn 0.5100 0.8527 -0.1131
vn 0.4355 0.8949 -0.0975
vn 0.4334 0.8955 -0.1009
vn 0.5243 0.8422 -0.1256
vn 0.4307 0.8963 -0.1052
vn 0.3486 0.9330 -0.0897
vn 0.3876 0.9173 -0.0913
vn 0.3107 0.9464 -0.0887
vn 0.2640 0.9618 -0.0722
vn 0.2982 0.9517 -0.0736
vn 0.3330 0.9399 -0.0754
vn -0.2635 0.9642 0.0299
vn -0.2155 0.9762 0.0251
vn -0.1682 0.9855 0.0209
vn -0.3197 0.9470 0.0321
vn -0.2656 0.9637 0.0263
vn -0.2124 0.9770 0.0214
vn -0.3636 0.9310 0.0319
vn -0.3047 0.9521 0.0252
vn -0.2479 0.9686 0.0202
vn 0.3313 0.9389 0.0932
vn 0.5004 0.8570 0.1231
vn 0.4952 0.8611 0.1153
vn 0.3667 0.9256 0.0933
vn 0.2968 0.9503 0.0936
vn 0.5047 0.8533 0.1308
vn 0.3475 0.9334 0.0894
vn 0.5154 0.8485 0.1202
vn 0.5082 0.8538 0.1130
vn 0.3852 0.9183 0.0910
vn 0.3109 0.9463 0.0884
vn 0.5215 0.8437 0.1273
vn 0.2642 0.9618 0.0716
vn 0.4709 0.8751 0.1114
vn 0.4694 0.8766 0.1058
vn 0.2972 0.9520 0.0730
vn 0.4673 0.8784 0.1003
vn 0.3309 0.9407 0.0748
vn -0.8495 0.5020 -0.1623
vn -0.9805 -0.0075 -0.1962
vn -0.9804 -0.0080 -0.1969
vn -0.8744 0.4558 -0.1664
vn -0.9806 -0.0068 -0.1960
vn -0.8267 0.5394 -0.1602
vn 0.4340 0.8958 0.0955
vn 0.4359 0.8954 0.0913
vn 0.4315 0.8964 0.1010
vn -0.9810 -0.0076 -0.1937
vn -0.9808 -0.0081 -0.1947
vn -0.8951 0.4140 -0.1656
vn -0.8749 0.4564 -0.1619
vn -0.9812 -0.0067 -0.1928
vn -0.8567 0.4904 -0.1599
vn 0.4339 0.8952 0.1015
vn 0.4358 0.8949 0.0965
vn 0.4313 0.8957 0.1079
vn -0.9815 -0.0075 -0.1911
vn -0.9812 -0.0081 -0.1926
vn -0.9105 0.3795 -0.1642
vn -0.8936 0.4192 -0.1604
vn -0.9818 -0.0067 -0.1895
vn -0.8786 0.4504 -0.1585
vn 0.4337 0.8946 0.1075
vn 0.4356 0.8944 0.1017
vn 0.4311 0.8949 0.1149
vn -0.2616 0.9646 -0.0335
vn -0.2152 0.9761 -0.0288
vn -0.1692 0.9853 -0.0245
vn -0.3175 0.9476 -0.0359
vn -0.2652 0.9637 -0.0302
vn -0.2137 0.9766 -0.0254
vn -0.3614 0.9317 -0.0359
vn -0.3046 0.9520 -0.0294
vn -0.2494 0.9681 -0.0243
vn 0.1302 0.9206 -0.3681
vn 0.1398 0.9209 -0.3639
vn 0.1146 0.9273 -0.3562
vn 0.1107 0.9255 -0.3622
vn 0.1670 0.9850 -0.0425
vn 0.1413 0.9893 -0.0376
vn 0.1391 0.9903 -0.0008
vn 0.1631 0.9866 -0.0008
vn 0.1992 0.9800 -0.0006
vn 0.1998 0.9787 -0.0472
vn 0.0654 0.9281 -0.3665
vn -0.0207 0.9147 -0.4035
vn -0.0040 0.9065 -0.4222
vn 0.0657 0.9252 -0.3737
vn -0.0292 0.9824 -0.1846
vn -0.0268 0.9991 -0.0325
vn 0.0501 0.9981 -0.0350
vn 0.0578 0.9848 -0.1637
vn 0.0550 0.9978 -0.0364
vn 0.0608 0.9964 -0.0593
vn 0.0848 0.9948 -0.0569
vn 0.0735 0.9957 -0.0569
vn 0.0548 0.9513 0.3035
vn 0.0658 0.9507 0.3030
vn 0.0964 0.9468 0.3069
vn 0.1204 0.9912 -0.0546
vn 0.1005 0.9940 -0.0431
vn 0.0790 0.9465 0.3130
vn 0.0347 0.9660 0.2563
vn 0.1303 0.9894 -0.0647
vn 0.1786 0.9658 -0.1880
vn 0.1495 0.9738 -0.1715
vn 0.2053 0.9563 -0.2080
vn 0.1944 0.8840 -0.4252
vn 0.1757 0.9039 -0.3900
vn 0.1590 0.9036 -0.3977
vn 0.1782 0.8836 -0.4330
vn 0.2042 0.8623 -0.4634
vn 0.2218 0.8620 -0.4558
vn -0.8124 0.5831 0.0014
vn -0.4964 0.8679 -0.0165
vn -0.4883 0.8383 -0.2424
vn -0.7741 0.5969 -0.2110
vn -0.6048 0.4988 -0.6208
vn -0.3371 0.7322 -0.5919
vn -0.3692 0.7188 -0.5890
vn -0.6188 0.4646 -0.6334
vn -0.8246 0.5589 0.0880
vn -0.7836 0.5912 -0.1909
vn -0.4851 0.8507 -0.2025
vn -0.5297 0.8472 0.0403
vn -0.0463 0.9877 -0.1494
vn 0.0573 0.9881 -0.1426
vn 0.0533 0.9979 -0.0367
vn -0.0528 0.9983 -0.0232
vn 0.1315 0.9908 -0.0322
vn 0.1111 0.9933 -0.0323
vn 0.1149 0.9931 -0.0233
vn 0.1314 0.9911 -0.0225
vn 0.2040 0.9655 -0.1616
vn 0.2284 0.9584 -0.1713
vn 0.2232 0.9744 -0.0259
vn 0.2005 0.9794 -0.0238
vn 0.2224 0.8194 -0.5283
vn 0.2028 0.8344 -0.5126
vn 0.2176 0.9748 -0.0483
vn 0.2408 0.9683 -0.0668
vn 0.1742 0.9738 -0.1459
vn 0.1700 0.9852 -0.0225
vn 0.2058 0.9777 -0.0406
vn 0.1711 0.9847 -0.0336
vn 0.1751 0.9837 -0.0398
vn 0.1665 0.8477 -0.5037
vn 0.1372 0.9810 -0.1372
vn 0.1310 0.8554 -0.5012
vn 0.1333 0.9904 -0.0364
vn 0.0937 0.9310 -0.3527
vn 0.0925 0.9283 -0.3601
vn 0.0816 0.9310 -0.3559
vn 0.0734 0.9293 -0.3620
vn 0.0755 0.9260 -0.3698
vn 0.0837 0.9278 -0.3635
vn 0.0793 0.9224 -0.3780
vn 0.0765 0.9234 -0.3763
vn 0.0595 0.9979 -0.0258
vn 0.0687 0.9973 -0.0240
vn 0.0543 0.9979 -0.0363
vn 0.0526 0.9972 -0.0529
vn 0.0534 0.9972 -0.0526
vn 0.0598 0.8504 -0.5227
vn 0.0531 0.8592 -0.5088
vn 0.0460 0.9971 -0.0614
vn 0.0514 0.9970 -0.0573
vn 0.1123 0.9826 -0.1479
vn 0.0888 0.9866 -0.1366
vn 0.0653 0.9880 -0.1399
vn 0.0708 0.9843 -0.1618
vn 0.0778 0.9838 -0.1614
vn 0.1048 0.9825 -0.1539
vn 0.0880 0.9832 -0.1599
vn 0.1259 0.9788 -0.1613
vn 0.0738 0.9879 -0.1368
vn -0.0359 0.9985 -0.0423
vn -0.5012 0.8616 0.0803
vn -0.8111 0.5544 0.1861
vn 0.0005 0.9977 -0.0681
vn 0.1303 0.9908 -0.0361
vn 0.1293 0.9916 -0.0009
vn 0.0969 0.9208 -0.3778
vn 0.0871 0.9958 -0.0274
vn 0.8761 0.4819 -0.0150
vn 0.9643 0.1960 0.1779
vn 0.8574 0.4918 0.1520
vn 0.0206 0.5114 0.8591
vn -0.2063 0.2061 0.9565
vn -0.1286 0.5386 0.8327
vn -0.8490 0.5279 -0.0223
vn -0.9654 0.2031 0.1634
vn -0.9845 0.1756 -0.0030
vn -0.8483 0.5296 -0.0031
vn -0.2513 0.9679 -0.0019
vn -0.2510 0.9673 -0.0360
vn -0.8302 0.5417 0.1313
vn -0.2099 0.9775 0.0232
vn 0.0094 0.5137 0.8579
vn 0.0057 0.5148 0.8573
vn -0.0009 0.5117 0.8592
vn 0.1654 0.4728 0.8655
vn 0.1276 0.9416 0.3116
vn 0.3840 0.9228 -0.0330
vn 0.3365 0.9411 0.0333
vn -0.8132 0.5820 -0.0030
vn -0.4973 0.8676 -0.0025
vn -0.0280 0.9996 -0.0013
vn 0.0493 0.9988 -0.0011
vn 0.0537 0.9986 -0.0011
vn 0.3837 0.9235 -0.0000
vn 0.8761 0.4821 0.0019
vn 0.1355 0.9893 -0.0544
vn 0.1329 0.9894 -0.0584
vn -0.0631 0.9895 0.1303
vn 0.0697 0.9959 -0.0577
vn 0.0632 0.9962 -0.0595
vn 0.2225 0.9639 0.1462
vn 0.0776 0.9959 -0.0455
vn 0.0590 0.9424 0.3291
vn 0.0078 0.9607 0.2776
vn 0.0822 0.9955 -0.0473
vn 0.0632 0.9967 -0.0501
vn 0.0461 0.9448 0.3244
vn 0.0529 0.9970 -0.0566
vn 0.0366 0.9464 0.3210
vn -0.7049 0.2460 0.6653
vn -0.5547 0.6184 0.5566
vn 0.6122 0.5415 0.5763
vn 0.6664 0.2413 0.7055
vn 0.1406 0.2014 0.9693
vn 0.0023 0.4908 0.8712
vn -0.1892 0.1891 0.9636
vn -0.1149 0.5155 0.8491
vn -0.9650 0.1871 0.1839
vn -0.8435 0.5135 0.1579
vn -0.8401 0.5202 0.1539
vn 0.1993 0.4745 -0.8574
vn 0.2077 0.1834 -0.9609
vn 0.6435 0.2203 -0.7331
vn 0.5595 0.5318 -0.6357
vn 0.9763 0.2158 0.0133
vn 0.8681 0.4959 -0.0226
vn 0.8613 0.4759 -0.1781
vn 0.9638 0.1895 -0.1875
vn 0.9229 0.2053 -0.3258
vn 0.8606 0.4772 -0.1779
vn 0.8249 0.4767 -0.3037
vn -0.9816 0.1911 -0.0002
vn -0.8382 0.5439 -0.0387
vn 0.1347 0.9908 -0.0152
vn 0.2309 0.9716 -0.0513
vn 0.0793 0.4605 -0.8841
vn 0.0712 0.4710 -0.8793
vn 0.0391 0.9633 -0.2655
vn -0.0819 0.5025 -0.8607
vn 0.0733 0.4687 -0.8803
vn 0.1346 0.9297 -0.3427
vn 0.2317 0.9450 -0.2310
vn 0.3852 0.9175 -0.0996
vn 0.3514 0.9241 -0.1500
vn -0.0032 0.4858 0.8741
vn -0.0076 0.4883 0.8726
vn 0.1111 0.9475 0.2998
vn 0.1249 0.5000 0.8570
vn -0.1687 0.9844 -0.0500
vn -0.2743 0.9605 0.0471
vn 0.3506 0.9363 -0.0214
vn 0.3841 0.9172 -0.1058
vn -0.2742 0.9608 0.0405
vn 0.0811 0.8551 -0.5120
vn 0.0768 0.9960 -0.0452
vn 0.0979 0.9946 -0.0342
vn 0.0986 0.8598 -0.5010
vn 0.0623 0.9968 -0.0506
vn 0.0551 0.9981 -0.0265
vn 0.0536 0.9970 -0.0552
vn 0.0521 0.9979 -0.0382
vn 0.0550 0.9981 -0.0271
vn 0.0546 0.9981 -0.0272
vn 0.1106 0.9938 0.0139
vn 0.1177 0.9930 0.0027
vn -0.0323 0.9898 -0.1391
vn 0.1564 0.1921 0.9688
vn 0.6255 0.5686 0.5342
vn 0.7267 0.2636 0.6344
vn 0.2648 0.9495 0.1685
vn 0.0483 0.9978 -0.0453
vn -0.1423 0.1736 -0.9745
vn -0.5095 0.6811 -0.5259
vn -0.7409 0.2178 -0.6353
vn -0.6269 0.2287 0.7448
vn -0.4864 0.5725 0.6601
vn -0.1113 0.9694 0.2187
vn 0.0799 0.9965 -0.0224
vn -0.7919 0.5332 0.2977
vn -0.9174 0.2172 0.3335
vn -0.2261 0.9698 0.0912
vn 0.0987 0.9944 -0.0378
vn 0.2167 0.9751 -0.0466
vn 0.2175 0.9761 -0.0006
vn 0.5773 0.8165 0.0007
vn 0.5688 0.8210 -0.0482
vn 0.2148 0.9537 -0.2107
vn 0.5552 0.8123 -0.1785
vn 0.5214 0.7390 -0.4266
vn 0.2123 0.8533 -0.4762
vn 0.2332 0.8530 -0.4669
vn 0.2393 0.9550 -0.1755
vn 0.2330 0.9720 -0.0292
vn 0.2451 0.9679 -0.0563
vn 0.2473 0.9663 -0.0716
vn 0.2250 0.8247 -0.5189
vn 0.4559 0.7553 -0.4709
vn 0.5756 0.8019 -0.1602
vn 0.6005 0.5767 -0.5539
vn 0.8472 0.5313 0.0018
vn 0.8370 0.5455 -0.0441
vn 0.5725 0.8096 -0.1298
vn 0.5687 0.8193 -0.0733
vn 0.8173 0.5672 -0.1017
vn 0.8136 0.5541 -0.1762
vn 0.8238 0.5135 -0.2401
vn 0.8023 0.5618 -0.2018
vn 0.5379 0.7297 -0.4221
vn 0.5897 0.7932 -0.1519
vn 0.1495 0.4798 -0.8646
vn 0.1410 0.4921 -0.8590
vn 0.1201 0.5077 -0.8531
vn 0.0986 0.5152 -0.8514
vn 0.0787 0.5160 -0.8530
vn 0.0669 0.5101 -0.8575
vn 0.0597 0.5044 -0.8614
vn 0.0688 0.8535 -0.5165
vn 0.0545 0.5006 -0.8640
vn 0.0508 0.5289 -0.8471
vn -0.2417 0.6478 -0.7224
vn -0.1686 0.8558 -0.4891
vn -0.7471 0.5974 -0.2913
vn -0.9109 0.3961 -0.1155
vn -0.8299 0.5515 0.0838
vn -0.5267 0.8431 -0.1088
vn -0.4309 0.8988 0.0801
vn -0.0282 0.1804 0.9832
vn 0.9864 0.1643 0.0026
vn 0.1252 0.9219 0.3666
vn 0.1056 0.9267 0.3606
vn 0.1096 0.9285 0.3547
vn 0.1349 0.9221 0.3628
vn 0.1664 0.9852 0.0411
vn 0.1408 0.9894 0.0360
vn 0.1991 0.9789 0.0459
vn 0.0604 0.9292 0.3645
vn 0.0605 0.9263 0.3719
vn -0.0101 0.9074 0.4201
vn -0.0268 0.9157 0.4010
vn -0.0318 0.9828 0.1820
vn 0.0556 0.9853 0.1616
vn 0.0496 0.9982 0.0328
vn -0.0273 0.9992 0.0298
vn 0.0600 0.9966 0.0572
vn 0.0545 0.9979 0.0343
vn 0.0841 0.9949 0.0549
vn 0.0701 0.9498 -0.3049
vn 0.0592 0.9503 -0.3055
vn 0.0727 0.9958 0.0549
vn 0.1008 0.9458 -0.3086
vn 0.0835 0.9455 -0.3147
vn 0.0999 0.9941 0.0412
vn 0.1196 0.9914 0.0529
vn 0.0382 0.9653 -0.2583
vn 0.1294 0.9896 0.0630
vn 0.1762 0.9665 0.1866
vn 0.1465 0.9745 0.1699
vn 0.2023 0.9572 0.2068
vn 0.1885 0.8858 0.4241
vn 0.1725 0.8850 0.4324
vn 0.1528 0.9052 0.3966
vn 0.1695 0.9055 0.3889
vn 0.1977 0.8641 0.4628
vn 0.2157 0.8639 0.4552
vn -0.8124 0.5831 -0.0074
vn -0.7583 0.6130 0.2220
vn -0.4984 0.8303 0.2493
vn -0.4966 0.8679 0.0115
vn -0.6048 0.5267 0.5973
vn -0.6213 0.4666 0.6295
vn -0.3778 0.7170 0.5858
vn -0.3561 0.7305 0.5828
vn -0.8238 0.5590 -0.0940
vn -0.5293 0.8472 -0.0455
vn -0.4897 0.8496 0.1958
vn -0.7831 0.5947 0.1818
vn -0.0487 0.9880 0.1468
vn -0.0531 0.9984 0.0204
vn 0.0527 0.9980 0.0346
vn 0.0554 0.9885 0.1406
vn 0.1311 0.9909 0.0305
vn 0.1311 0.9912 0.0208
vn 0.1145 0.9932 0.0215
vn 0.1107 0.9934 0.0305
vn 0.2020 0.9661 0.1609
vn 0.2002 0.9795 0.0225
vn 0.2228 0.9745 0.0248
vn 0.2263 0.9590 0.1705
vn 0.2150 0.8214 0.5283
vn 0.2399 0.9686 0.0658
vn 0.2169 0.9750 0.0471
vn 0.1957 0.8363 0.5122
vn 0.1715 0.9745 0.1445
vn 0.1697 0.9853 0.0210
vn 0.2052 0.9779 0.0394
vn 0.1706 0.9848 0.0322
vn 0.1745 0.9839 0.0382
vn 0.1594 0.8496 0.5028
vn 0.1355 0.9815 0.1354
vn 0.1328 0.9905 0.0346
vn 0.1240 0.8570 0.5001
vn 0.0887 0.9321 0.3511
vn 0.0874 0.9294 0.3585
vn 0.0765 0.9320 0.3542
vn 0.0786 0.9290 0.3617
vn 0.0703 0.9271 0.3682
vn 0.0683 0.9304 0.3602
vn 0.0739 0.9236 0.3763
vn 0.0684 0.9974 0.0219
vn 0.0591 0.9980 0.0237
vn 0.0712 0.9245 0.3746
vn 0.0538 0.9980 0.0341
vn 0.0527 0.9973 0.0505
vn 0.0519 0.9974 0.0507
vn 0.0524 0.8519 0.5211
vn 0.0506 0.9972 0.0552
vn 0.0451 0.9972 0.0593
vn 0.0459 0.8606 0.5071
vn 0.0869 0.9871 0.1348
vn 0.1103 0.9831 0.1461
vn 0.0634 0.9884 0.1378
vn 0.0685 0.9848 0.1598
vn 0.0756 0.9843 0.1594
vn 0.1027 0.9830 0.1522
vn 0.0858 0.9837 0.1581
vn 0.1238 0.9793 0.1599
vn 0.0718 0.9883 0.1348
vn -0.5004 0.8616 -0.0855
vn -0.0365 0.9985 0.0396
vn -0.8096 0.5547 -0.1922
vn -0.0005 0.9978 0.0656
vn 0.1298 0.9909 0.0344
vn 0.0915 0.9219 0.3764
vn 0.0867 0.9959 0.0255
vn 0.8760 0.4820 0.0188
vn 0.8585 0.4910 -0.1481
vn 0.9655 0.1952 -0.1724
vn 0.0328 0.5090 -0.8601
vn -0.1169 0.5369 -0.8355
vn -0.1931 0.2041 -0.9597
vn -0.8492 0.5279 0.0162
vn -0.9644 0.2029 -0.1697
vn -0.2515 0.9673 0.0322
vn -0.8292 0.5418 -0.1376
vn -0.2093 0.9775 -0.0270
vn 0.0217 0.5115 -0.8590
vn 0.0179 0.5126 -0.8584
vn 0.0113 0.5095 -0.8604
vn 0.1775 0.4701 -0.8646
vn 0.1319 0.9405 -0.3131
vn 0.3836 0.9229 0.0329
vn 0.3371 0.9409 -0.0335
vn -0.0608 0.9893 -0.1327
vn 0.1321 0.9896 0.0567
vn 0.1347 0.9895 0.0528
vn 0.2247 0.9632 -0.1478
vn 0.0623 0.9964 0.0574
vn 0.0689 0.9961 0.0557
vn 0.0769 0.9961 0.0434
vn 0.0816 0.9956 0.0452
vn 0.0116 0.9600 -0.2798
vn 0.0637 0.9414 -0.3311
vn 0.0507 0.9439 -0.3263
vn 0.0625 0.9969 0.0480
vn 0.0412 0.9455 -0.3231
vn 0.0521 0.9972 0.0544
vn -0.5482 0.6187 -0.5628
vn -0.6981 0.2453 -0.6727
vn 0.6185 0.5383 -0.5724
vn 0.6738 0.2386 -0.6993
vn 0.1542 0.1988 -0.9678
vn 0.0147 0.4885 -0.8724
vn -0.1028 0.5137 -0.8518
vn -0.1758 0.1869 -0.9665
vn -0.9638 0.1869 -0.1901
vn -0.8389 0.5202 -0.1602
vn -0.8422 0.5135 -0.1642
vn 0.1874 0.4772 0.8586
vn 0.5522 0.5351 0.6394
vn 0.6356 0.2230 0.7391
vn 0.1944 0.1860 0.9631
vn 0.9764 0.2158 -0.0081
vn 0.9626 0.1903 0.1928
vn 0.8599 0.4769 0.1821
vn 0.8679 0.4961 0.0264
vn 0.9205 0.2067 0.3315
vn 0.8223 0.4785 0.3080
vn 0.8592 0.4782 0.1818
vn -0.8385 0.5440 0.0324
vn -0.9816 0.1911 -0.0060
vn 0.1345 0.9908 0.0136
vn 0.2301 0.9719 0.0503
vn 0.0587 0.4734 0.8789
vn 0.0667 0.4629 0.8839
vn -0.0939 0.5043 0.8584
vn 0.0356 0.9640 0.2636
vn 0.0607 0.4711 0.8800
vn 0.1300 0.9309 0.3413
vn 0.2283 0.9461 0.2298
vn 0.3493 0.9249 0.1499
vn 0.3841 0.9179 0.0997
vn 0.0093 0.4836 -0.8752
vn 0.0049 0.4861 -0.8739
vn 0.1369 0.4976 -0.8565
vn 0.1151 0.9465 -0.3015
vn -0.2738 0.9604 -0.0511
vn -0.1695 0.9845 0.0463
vn 0.3504 0.9363 0.0215
vn 0.3829 0.9177 0.1059
vn -0.2737 0.9608 -0.0445
vn 0.0739 0.8567 0.5105
vn 0.0916 0.8613 0.4997
vn 0.0975 0.9947 0.0322
vn 0.0761 0.9962 0.0431
vn 0.0615 0.9969 0.0485
vn 0.0548 0.9982 0.0243
vn 0.0528 0.9972 0.0531
vn 0.0515 0.9980 0.0359
vn 0.0546 0.9982 0.0250
vn 0.0542 0.9982 0.0250
vn -0.0347 0.9900 0.1368
vn 0.1178 0.9930 -0.0045
vn 0.1108 0.9937 -0.0159
vn 0.1699 0.1894 -0.9671
vn 0.7330 0.2610 -0.6282
vn 0.6316 0.5653 -0.5306
vn 0.2674 0.9486 -0.1695
vn 0.0476 0.9979 0.0431
vn -0.1558 0.1758 0.9720
vn -0.7470 0.2185 0.6279
vn -0.5160 0.6807 0.5200
vn -0.4782 0.5724 -0.6661
vn -0.6188 0.2277 -0.7518
vn -0.1081 0.9692 -0.2215
vn 0.0796 0.9966 0.0205
vn -0.9150 0.2170 -0.3403
vn -0.7893 0.5334 -0.3042
vn -0.2247 0.9698 -0.0950
vn 0.0982 0.9945 0.0359
vn 0.2161 0.9753 0.0454
vn 0.5684 0.8213 0.0494
vn 0.2120 0.9545 0.2096
vn 0.5532 0.8133 0.1802
vn 0.5165 0.7413 0.4286
vn 0.2058 0.8552 0.4757
vn 0.2266 0.8549 0.4666
vn 0.2367 0.9558 0.1745
vn 0.2327 0.9721 0.0281
vn 0.2442 0.9681 0.0553
vn 0.2177 0.8267 0.5189
vn 0.2463 0.9666 0.0706
vn 0.4503 0.7571 0.4733
vn 0.5945 0.5798 0.5572
vn 0.5740 0.8027 0.1617
vn 0.8366 0.5457 0.0476
vn 0.5712 0.8102 0.1312
vn 0.8121 0.5551 0.1798
vn 0.8164 0.5678 0.1052
vn 0.5681 0.8196 0.0745
vn 0.8218 0.5148 0.2442
vn 0.5328 0.7323 0.4240
vn 0.8006 0.5631 0.2049
vn 0.5878 0.7944 0.1531
vn 0.1373 0.4823 0.8652
vn 0.1289 0.4948 0.8594
vn 0.1080 0.5104 0.8531
vn 0.0865 0.5176 0.8512
vn 0.0666 0.5183 0.8526
vn 0.0547 0.5127 0.8568
vn 0.0475 0.5064 0.8610
vn 0.0615 0.8549 0.5151
vn 0.0422 0.5032 0.8631
vn 0.0388 0.5312 0.8463
vn -0.2505 0.6486 0.7187
vn -0.1751 0.8568 0.4850
vn -0.7500 0.5971 0.2847
vn -0.5276 0.8432 0.1034
vn -0.8290 0.5519 -0.0904
vn -0.9117 0.3961 0.1092
vn -0.4302 0.8987 -0.0848
vn -0.0142 0.1780 -0.9839
# 958 vertex normals

vt 0.5714 0.4109 0.0000
vt 0.5692 0.4053 0.0000
vt 0.5871 0.3936 0.0000
vt 0.5889 0.3996 0.0000
vt 0.5322 0.4071 0.0000
vt 0.5327 0.4129 0.0000
vt 0.4966 0.4134 0.0000
vt 0.4966 0.4070 0.0000
vt 0.5911 0.3989 0.0000
vt 0.5889 0.3931 0.0000
vt 0.6254 0.3931 0.0000
vt 0.6254 0.3990 0.0000
vt 0.5674 0.4059 0.0000
vt 0.5697 0.4115 0.0000
vt 0.6952 0.3989 0.0000
vt 0.6952 0.3931 0.0000
vt 0.6956 0.3931 0.0000
vt 0.6956 0.3989 0.0000
vt 0.5327 0.3950 0.0000
vt 0.5670 0.3935 0.0000
vt 0.5674 0.4045 0.0000
vt 0.5322 0.4058 0.0000
vt 0.6949 0.3921 0.0000
vt 0.6940 0.3853 0.0000
vt 0.6956 0.3921 0.0000
vt 0.4966 0.3951 0.0000
vt 0.4966 0.4058 0.0000
vt 0.5871 0.3918 0.0000
vt 0.5946 0.3849 0.0000
vt 0.6270 0.3848 0.0000
vt 0.6254 0.3921 0.0000
vt 0.6606 0.3845 0.0000
vt 0.6606 0.3921 0.0000
vt 0.5701 0.4122 0.0000
vt 0.5327 0.4137 0.0000
vt 0.5701 0.4127 0.0000
vt 0.5327 0.4140 0.0000
vt 0.5719 0.4120 0.0000
vt 0.5719 0.4117 0.0000
vt 0.5893 0.4002 0.0000
vt 0.5896 0.4007 0.0000
vt 0.4966 0.4142 0.0000
vt 0.4966 0.4147 0.0000
vt 0.5915 0.4001 0.0000
vt 0.5915 0.3997 0.0000
vt 0.6257 0.3997 0.0000
vt 0.6257 0.4001 0.0000
vt 0.5688 0.4047 0.0000
vt 0.5865 0.3930 0.0000
vt 0.5670 0.4053 0.0000
vt 0.5322 0.4064 0.0000
vt 0.4966 0.4064 0.0000
vt 0.5884 0.3925 0.0000
vt 0.6254 0.3925 0.0000
vt 0.6952 0.3925 0.0000
vt 0.6956 0.3925 0.0000
vt 0.6606 0.3925 0.0000
vt 0.6606 0.3931 0.0000
vt 0.5862 0.3800 0.0000
vt 0.6606 0.3989 0.0000
vt 0.6606 0.3997 0.0000
vt 0.6606 0.4001 0.0000
vt 0.6952 0.3998 0.0000
vt 0.6956 0.3998 0.0000
vt 0.6952 0.4001 0.0000
vt 0.6961 0.4001 0.0000
vt 0.4946 0.5227 0.0000
vt 0.4946 0.5230 0.0000
vt 0.4566 0.5228 0.0000
vt 0.4566 0.5226 0.0000
vt 0.4167 0.5223 0.0000
vt 0.4167 0.5221 0.0000
vt 0.4148 0.5223 0.0000
vt 0.4148 0.5220 0.0000
vt 0.3958 0.5223 0.0000
vt 0.3958 0.5221 0.0000
vt 0.3939 0.5223 0.0000
vt 0.3939 0.5221 0.0000
vt 0.3588 0.5213 0.0000
vt 0.3588 0.5211 0.0000
vt 0.3221 0.5193 0.0000
vt 0.3221 0.5191 0.0000
vt 0.2864 0.5161 0.0000
vt 0.2854 0.5160 0.0000
vt 0.2854 0.5157 0.0000
vt 0.2864 0.5158 0.0000
vt 0.6965 0.3985 0.0000
vt 0.6965 0.3996 0.0000
vt 0.6965 0.3930 0.0000
vt 0.2849 0.5224 0.0000
vt 0.2845 0.5154 0.0000
vt 0.2858 0.5227 0.0000
vt 0.6949 0.3863 0.0000
vt 0.3221 0.5188 0.0000
vt 0.4566 0.5223 0.0000
vt 0.4946 0.5224 0.0000
vt 0.4158 0.5218 0.0000
vt 0.3949 0.5218 0.0000
vt 0.3582 0.5208 0.0000
vt 0.4946 0.5275 0.0000
vt 0.4566 0.5273 0.0000
vt 0.4177 0.5263 0.0000
vt 0.4158 0.5263 0.0000
vt 0.3971 0.5289 0.0000
vt 0.3952 0.5291 0.0000
vt 0.3595 0.5283 0.0000
vt 0.3231 0.5260 0.0000
vt 0.2868 0.5227 0.0000
vt 0.5946 0.3800 0.0000
vt 0.4218 0.4108 0.0000
vt 0.4045 0.3995 0.0000
vt 0.4064 0.3935 0.0000
vt 0.4240 0.4052 0.0000
vt 0.4611 0.4070 0.0000
vt 0.4605 0.4129 0.0000
vt 0.4023 0.3988 0.0000
vt 0.3681 0.3988 0.0000
vt 0.3681 0.3930 0.0000
vt 0.4045 0.3930 0.0000
vt 0.4259 0.4058 0.0000
vt 0.4237 0.4114 0.0000
vt 0.2986 0.3987 0.0000
vt 0.2977 0.3987 0.0000
vt 0.2977 0.3929 0.0000
vt 0.2986 0.3929 0.0000
vt 0.4605 0.3949 0.0000
vt 0.4611 0.4057 0.0000
vt 0.4259 0.4044 0.0000
vt 0.4268 0.3934 0.0000
vt 0.2986 0.3919 0.0000
vt 0.2977 0.3919 0.0000
vt 0.2997 0.3850 0.0000
vt 0.4064 0.3917 0.0000
vt 0.3681 0.3919 0.0000
vt 0.3664 0.3847 0.0000
vt 0.3987 0.3848 0.0000
vt 0.3329 0.3919 0.0000
vt 0.3329 0.3843 0.0000
vt 0.4605 0.4136 0.0000
vt 0.4231 0.4121 0.0000
vt 0.4605 0.4140 0.0000
vt 0.4231 0.4126 0.0000
vt 0.4215 0.4120 0.0000
vt 0.4036 0.4006 0.0000
vt 0.4040 0.4001 0.0000
vt 0.4215 0.4116 0.0000
vt 0.4018 0.4000 0.0000
vt 0.3677 0.4000 0.0000
vt 0.3677 0.3996 0.0000
vt 0.4018 0.3996 0.0000
vt 0.4067 0.3929 0.0000
vt 0.4246 0.4046 0.0000
vt 0.4611 0.4064 0.0000
vt 0.4262 0.4052 0.0000
vt 0.3681 0.3923 0.0000
vt 0.4049 0.3923 0.0000
vt 0.2977 0.3923 0.0000
vt 0.2986 0.3923 0.0000
vt 0.3329 0.3923 0.0000
vt 0.3329 0.3929 0.0000
vt 0.4071 0.3799 0.0000
vt 0.3329 0.3987 0.0000
vt 0.3329 0.3996 0.0000
vt 0.3329 0.3999 0.0000
vt 0.2986 0.3995 0.0000
vt 0.2977 0.3995 0.0000
vt 0.2984 0.3999 0.0000
vt 0.2977 0.3999 0.0000
vt 0.5326 0.5225 0.0000
vt 0.5326 0.5228 0.0000
vt 0.5725 0.5220 0.0000
vt 0.5721 0.5222 0.0000
vt 0.5744 0.5219 0.0000
vt 0.5744 0.5222 0.0000
vt 0.5934 0.5220 0.0000
vt 0.5928 0.5222 0.0000
vt 0.5953 0.5220 0.0000
vt 0.5953 0.5222 0.0000
vt 0.6304 0.5210 0.0000
vt 0.6304 0.5212 0.0000
vt 0.6669 0.5189 0.0000
vt 0.6669 0.5191 0.0000
vt 0.7026 0.5159 0.0000
vt 0.7026 0.5156 0.0000
vt 0.7036 0.5155 0.0000
vt 0.7036 0.5158 0.0000
vt 0.2967 0.3994 0.0000
vt 0.2967 0.3983 0.0000
vt 0.2968 0.3928 0.0000
vt 0.7040 0.5222 0.0000
vt 0.7030 0.5224 0.0000
vt 0.7045 0.5151 0.0000
vt 0.2986 0.3861 0.0000
vt 0.6669 0.5186 0.0000
vt 0.5326 0.5222 0.0000
vt 0.5734 0.5217 0.0000
vt 0.5943 0.5217 0.0000
vt 0.6304 0.5207 0.0000
vt 0.5326 0.5273 0.0000
vt 0.5715 0.5262 0.0000
vt 0.5734 0.5262 0.0000
vt 0.5921 0.5288 0.0000
vt 0.5938 0.5290 0.0000
vt 0.6295 0.5281 0.0000
vt 0.6661 0.5258 0.0000
vt 0.7021 0.5225 0.0000
vt 0.3987 0.3799 0.0000
vt 0.4603 0.4316 0.0000
vt 0.4604 0.4387 0.0000
vt 0.4353 0.4395 0.0000
vt 0.4352 0.4324 0.0000
vt 0.4939 0.4377 0.0000
vt 0.4938 0.4305 0.0000
vt 0.4351 0.4266 0.0000
vt 0.4602 0.4257 0.0000
vt 0.4603 0.4307 0.0000
vt 0.4352 0.4314 0.0000
vt 0.4937 0.4246 0.0000
vt 0.4938 0.4297 0.0000
vt 0.4352 0.4322 0.0000
vt 0.4603 0.4314 0.0000
vt 0.4938 0.4304 0.0000
vt 0.4944 0.4752 0.0000
vt 0.4609 0.4763 0.0000
vt 0.4608 0.4687 0.0000
vt 0.4943 0.4676 0.0000
vt 0.4358 0.4772 0.0000
vt 0.4357 0.4695 0.0000
vt 0.4356 0.4643 0.0000
vt 0.4607 0.4635 0.0000
vt 0.4608 0.4677 0.0000
vt 0.4357 0.4685 0.0000
vt 0.4942 0.4624 0.0000
vt 0.4943 0.4666 0.0000
vt 0.4357 0.4693 0.0000
vt 0.4608 0.4685 0.0000
vt 0.4943 0.4674 0.0000
vt 0.4606 0.4560 0.0000
vt 0.4355 0.4568 0.0000
vt 0.4355 0.4567 0.0000
vt 0.4606 0.4559 0.0000
vt 0.4941 0.4548 0.0000
vt 0.4941 0.4549 0.0000
vt 0.4605 0.4437 0.0000
vt 0.4606 0.4510 0.0000
vt 0.4354 0.4517 0.0000
vt 0.4354 0.4445 0.0000
vt 0.4941 0.4499 0.0000
vt 0.4940 0.4426 0.0000
vt 0.4605 0.4428 0.0000
vt 0.4353 0.4436 0.0000
vt 0.4939 0.4417 0.0000
vt 0.4353 0.4443 0.0000
vt 0.4605 0.4435 0.0000
vt 0.4940 0.4424 0.0000
vt 0.4941 0.4540 0.0000
vt 0.4606 0.4551 0.0000
vt 0.4355 0.4559 0.0000
vt 0.4357 0.4687 0.0000
vt 0.4608 0.4679 0.0000
vt 0.4943 0.4668 0.0000
vt 0.4355 0.4560 0.0000
vt 0.4606 0.4553 0.0000
vt 0.4941 0.4541 0.0000
vt 0.4353 0.4437 0.0000
vt 0.4605 0.4429 0.0000
vt 0.4939 0.4418 0.0000
vt 0.4352 0.4316 0.0000
vt 0.4603 0.4309 0.0000
vt 0.4938 0.4298 0.0000
vt 0.5273 0.4294 0.0000
vt 0.5273 0.4292 0.0000
vt 0.5521 0.4282 0.0000
vt 0.5521 0.4284 0.0000
vt 0.5526 0.4656 0.0000
vt 0.5278 0.4664 0.0000
vt 0.5278 0.4662 0.0000
vt 0.5526 0.4654 0.0000
vt 0.5276 0.4538 0.0000
vt 0.5276 0.4536 0.0000
vt 0.5525 0.4527 0.0000
vt 0.5525 0.4529 0.0000
vt 0.5274 0.4414 0.0000
vt 0.5274 0.4413 0.0000
vt 0.5523 0.4404 0.0000
vt 0.5523 0.4406 0.0000
vt 0.5278 0.4654 0.0000
vt 0.5277 0.4612 0.0000
vt 0.5526 0.4645 0.0000
vt 0.5526 0.4603 0.0000
vt 0.5279 0.4741 0.0000
vt 0.5527 0.4732 0.0000
vt 0.5274 0.4405 0.0000
vt 0.5274 0.4365 0.0000
vt 0.5523 0.4396 0.0000
vt 0.5522 0.4355 0.0000
vt 0.5275 0.4487 0.0000
vt 0.5524 0.4478 0.0000
vt 0.5273 0.4285 0.0000
vt 0.5272 0.4235 0.0000
vt 0.5521 0.4275 0.0000
vt 0.5520 0.4226 0.0000
vt 0.5276 0.4528 0.0000
vt 0.5524 0.4519 0.0000
vt 0.5526 0.4647 0.0000
vt 0.5278 0.4656 0.0000
vt 0.5276 0.4530 0.0000
vt 0.5524 0.4521 0.0000
vt 0.5274 0.4407 0.0000
vt 0.5523 0.4398 0.0000
vt 0.5273 0.4286 0.0000
vt 0.5521 0.4276 0.0000
vt 0.2765 0.2144 0.0000
vt 0.2780 0.1991 0.0000
vt 0.2823 0.1991 0.0000
vt 0.2809 0.2144 0.0000
vt 0.2795 0.1834 0.0000
vt 0.2838 0.1834 0.0000
vt 0.2762 0.1991 0.0000
vt 0.2747 0.2144 0.0000
vt 0.2628 0.2144 0.0000
vt 0.2647 0.1991 0.0000
vt 0.2778 0.1834 0.0000
vt 0.2664 0.1834 0.0000
vt 0.3135 0.1991 0.0000
vt 0.3147 0.1834 0.0000
vt 0.3191 0.1834 0.0000
vt 0.3178 0.1991 0.0000
vt 0.3122 0.2144 0.0000
vt 0.3166 0.2144 0.0000
vt 0.3117 0.1991 0.0000
vt 0.3103 0.2144 0.0000
vt 0.2986 0.2144 0.0000
vt 0.3001 0.1991 0.0000
vt 0.3131 0.1834 0.0000
vt 0.3015 0.1834 0.0000
vt 0.3120 0.1991 0.0000
vt 0.3107 0.2144 0.0000
vt 0.3133 0.1834 0.0000
vt 0.2958 0.1991 0.0000
vt 0.2971 0.1834 0.0000
vt 0.2942 0.2144 0.0000
vt 0.2940 0.1991 0.0000
vt 0.2924 0.2144 0.0000
vt 0.2954 0.1834 0.0000
vt 0.2942 0.1991 0.0000
vt 0.2927 0.2144 0.0000
vt 0.2957 0.1834 0.0000
vt 0.2782 0.1834 0.0000
vt 0.2766 0.1991 0.0000
vt 0.2751 0.2144 0.0000
vt 0.2791 0.1834 0.0000
vt 0.2777 0.1991 0.0000
vt 0.2761 0.2144 0.0000
vt 0.2969 0.1834 0.0000
vt 0.2954 0.1991 0.0000
vt 0.2940 0.2144 0.0000
vt 0.3145 0.1834 0.0000
vt 0.3132 0.1991 0.0000
vt 0.3119 0.2144 0.0000
vt 0.2891 0.1878 0.0000
vt 0.2891 0.1880 0.0000
vt 0.2599 0.1874 0.0000
vt 0.2599 0.1872 0.0000
vt 0.3190 0.1886 0.0000
vt 0.3190 0.1888 0.0000
vt 0.2875 0.2023 0.0000
vt 0.2875 0.2025 0.0000
vt 0.2583 0.2020 0.0000
vt 0.2584 0.2018 0.0000
vt 0.3174 0.2029 0.0000
vt 0.3174 0.2031 0.0000
vt 0.3159 0.2172 0.0000
vt 0.3159 0.2175 0.0000
vt 0.2859 0.2169 0.0000
vt 0.2860 0.2166 0.0000
vt 0.2568 0.2165 0.0000
vt 0.2568 0.2162 0.0000
vt 0.2861 0.2155 0.0000
vt 0.2865 0.2120 0.0000
vt 0.3164 0.2126 0.0000
vt 0.3160 0.2162 0.0000
vt 0.2573 0.2114 0.0000
vt 0.2569 0.2150 0.0000
vt 0.2849 0.2264 0.0000
vt 0.2557 0.2261 0.0000
vt 0.3149 0.2268 0.0000
vt 0.2880 0.1976 0.0000
vt 0.3180 0.1982 0.0000
vt 0.3176 0.2018 0.0000
vt 0.2876 0.2011 0.0000
vt 0.2589 0.1969 0.0000
vt 0.2585 0.2005 0.0000
vt 0.2896 0.1832 0.0000
vt 0.3195 0.1838 0.0000
vt 0.3191 0.1874 0.0000
vt 0.2892 0.1866 0.0000
vt 0.2605 0.1823 0.0000
vt 0.2601 0.1859 0.0000
vt 0.3160 0.2164 0.0000
vt 0.2861 0.2158 0.0000
vt 0.2569 0.2153 0.0000
vt 0.3175 0.2021 0.0000
vt 0.2876 0.2013 0.0000
vt 0.2585 0.2008 0.0000
vt 0.3191 0.1876 0.0000
vt 0.2892 0.1868 0.0000
vt 0.2600 0.1861 0.0000
vt 0.4087 0.4756 0.0000
vt 0.3888 0.4746 0.0000
vt 0.3874 0.4628 0.0000
vt 0.4068 0.4628 0.0000
vt 0.4557 0.5035 0.0000
vt 0.4547 0.4891 0.0000
vt 0.4946 0.4891 0.0000
vt 0.4946 0.5035 0.0000
vt 0.4946 0.5154 0.0000
vt 0.4560 0.5152 0.0000
vt 0.3804 0.4083 0.0000
vt 0.3791 0.3986 0.0000
vt 0.3981 0.3924 0.0000
vt 0.4000 0.4064 0.0000
vt 0.4003 0.3919 0.0000
vt 0.4492 0.3919 0.0000
vt 0.4495 0.4062 0.0000
vt 0.4022 0.4062 0.0000
vt 0.4499 0.4178 0.0000
vt 0.4161 0.4178 0.0000
vt 0.4142 0.4493 0.0000
vt 0.4129 0.4346 0.0000
vt 0.4148 0.4346 0.0000
vt 0.4161 0.4493 0.0000
vt 0.4194 0.4755 0.0000
vt 0.4171 0.4755 0.0000
vt 0.4157 0.4628 0.0000
vt 0.4176 0.4628 0.0000
vt 0.4203 0.4805 0.0000
vt 0.4180 0.4811 0.0000
vt 0.4142 0.5035 0.0000
vt 0.4125 0.4891 0.0000
vt 0.4158 0.5146 0.0000
vt 0.3926 0.5001 0.0000
vt 0.3907 0.4870 0.0000
vt 0.4102 0.4891 0.0000
vt 0.4120 0.5033 0.0000
vt 0.4139 0.5144 0.0000
vt 0.3943 0.5113 0.0000
vt 0.4492 0.3891 0.0000
vt 0.4492 0.3911 0.0000
vt 0.4003 0.3913 0.0000
vt 0.4003 0.3892 0.0000
vt 0.3981 0.3898 0.0000
vt 0.3981 0.3916 0.0000
vt 0.3791 0.3980 0.0000
vt 0.3791 0.3967 0.0000
vt 0.3430 0.3956 0.0000
vt 0.3772 0.3965 0.0000
vt 0.3772 0.3981 0.0000
vt 0.3430 0.3974 0.0000
vt 0.3772 0.3988 0.0000
vt 0.3781 0.4084 0.0000
vt 0.3443 0.4085 0.0000
vt 0.3430 0.3980 0.0000
vt 0.3170 0.4745 0.0000
vt 0.3154 0.4633 0.0000
vt 0.3508 0.4655 0.0000
vt 0.3517 0.4746 0.0000
vt 0.3903 0.4998 0.0000
vt 0.3920 0.5112 0.0000
vt 0.3572 0.5106 0.0000
vt 0.3553 0.4997 0.0000
vt 0.2849 0.5082 0.0000
vt 0.2839 0.4991 0.0000
vt 0.2849 0.4991 0.0000
vt 0.2858 0.5082 0.0000
vt 0.3884 0.4870 0.0000
vt 0.3531 0.4868 0.0000
vt 0.3196 0.4995 0.0000
vt 0.3183 0.4867 0.0000
vt 0.2839 0.4865 0.0000
vt 0.2831 0.4865 0.0000
vt 0.3865 0.4746 0.0000
vt 0.2822 0.4744 0.0000
vt 0.2831 0.4744 0.0000
vt 0.3855 0.4502 0.0000
vt 0.4055 0.4494 0.0000
vt 0.3842 0.4363 0.0000
vt 0.3823 0.4227 0.0000
vt 0.4019 0.4207 0.0000
vt 0.4036 0.4347 0.0000
vt 0.3669 0.4364 0.0000
vt 0.3652 0.4230 0.0000
vt 0.3675 0.4230 0.0000
vt 0.3688 0.4364 0.0000
vt 0.3447 0.4151 0.0000
vt 0.3099 0.4128 0.0000
vt 0.3095 0.4089 0.0000
vt 0.2784 0.4237 0.0000
vt 0.2770 0.4092 0.0000
vt 0.2784 0.4092 0.0000
vt 0.2793 0.4237 0.0000
vt 0.3852 0.4628 0.0000
vt 0.3836 0.4504 0.0000
vt 0.3800 0.4229 0.0000
vt 0.4041 0.4205 0.0000
vt 0.4060 0.4346 0.0000
vt 0.4093 0.4628 0.0000
vt 0.4078 0.4494 0.0000
vt 0.4106 0.4756 0.0000
vt 0.3819 0.4364 0.0000
vt 0.3076 0.3961 0.0000
vt 0.3080 0.3954 0.0000
vt 0.3080 0.3936 0.0000
vt 0.2770 0.3930 0.0000
vt 0.4541 0.4828 0.0000
vt 0.4946 0.4828 0.0000
vt 0.3684 0.4504 0.0000
vt 0.3703 0.4504 0.0000
vt 0.4499 0.4193 0.0000
vt 0.4231 0.4202 0.0000
vt 0.4199 0.4193 0.0000
vt 0.4218 0.4755 0.0000
vt 0.4254 0.4788 0.0000
vt 0.4222 0.4799 0.0000
vt 0.4541 0.4814 0.0000
vt 0.4300 0.4802 0.0000
vt 0.4946 0.4802 0.0000
vt 0.4946 0.4814 0.0000
vt 0.4946 0.4821 0.0000
vt 0.4541 0.4821 0.0000
vt 0.4268 0.4814 0.0000
vt 0.4254 0.4821 0.0000
vt 0.4203 0.4628 0.0000
vt 0.4184 0.4493 0.0000
vt 0.4171 0.4346 0.0000
vt 0.4157 0.4208 0.0000
vt 0.4138 0.4204 0.0000
vt 0.4499 0.4186 0.0000
vt 0.4184 0.4187 0.0000
vt 0.4946 0.3891 0.0000
vt 0.4946 0.3913 0.0000
vt 0.4946 0.3920 0.0000
vt 0.4946 0.4062 0.0000
vt 0.4946 0.4176 0.0000
vt 0.4946 0.4185 0.0000
vt 0.4946 0.4193 0.0000
vt 0.4235 0.4828 0.0000
vt 0.4194 0.4824 0.0000
vt 0.4218 0.4816 0.0000
vt 0.4119 0.4198 0.0000
vt 0.4129 0.4181 0.0000
vt 0.4148 0.4193 0.0000
vt 0.2923 0.4506 0.0000
vt 0.2942 0.4506 0.0000
vt 0.2951 0.4594 0.0000
vt 0.2932 0.4598 0.0000
vt 0.2909 0.4369 0.0000
vt 0.2928 0.4369 0.0000
vt 0.2900 0.4236 0.0000
vt 0.2919 0.4235 0.0000
vt 0.4268 0.4798 0.0000
vt 0.4235 0.4809 0.0000
vt 0.4167 0.4198 0.0000
vt 0.4203 0.4207 0.0000
vt 0.4190 0.4218 0.0000
vt 0.2961 0.4505 0.0000
vt 0.2989 0.4585 0.0000
vt 0.2970 0.4590 0.0000
vt 0.3327 0.4622 0.0000
vt 0.3504 0.4640 0.0000
vt 0.3154 0.4619 0.0000
vt 0.3627 0.4191 0.0000
vt 0.3610 0.4195 0.0000
vt 0.3595 0.4184 0.0000
vt 0.3614 0.4178 0.0000
vt 0.2993 0.4142 0.0000
vt 0.2974 0.4135 0.0000
vt 0.3099 0.4142 0.0000
vt 0.3276 0.4160 0.0000
vt 0.3563 0.4178 0.0000
vt 0.3452 0.4164 0.0000
vt 0.3582 0.4172 0.0000
vt 0.3614 0.4642 0.0000
vt 0.3624 0.4648 0.0000
vt 0.3652 0.4664 0.0000
vt 0.3212 0.5098 0.0000
vt 0.3662 0.4502 0.0000
vt 0.3646 0.4364 0.0000
vt 0.3698 0.4636 0.0000
vt 0.3679 0.4632 0.0000
vt 0.3633 0.4229 0.0000
vt 0.3646 0.4186 0.0000
vt 0.3633 0.4174 0.0000
vt 0.3452 0.4157 0.0000
vt 0.3595 0.4167 0.0000
vt 0.2951 0.4367 0.0000
vt 0.2938 0.4235 0.0000
vt 0.2915 0.4147 0.0000
vt 0.2932 0.4150 0.0000
vt 0.3633 0.4656 0.0000
vt 0.3504 0.4647 0.0000
vt 0.2964 0.4129 0.0000
vt 0.3099 0.4136 0.0000
vt 0.3154 0.4626 0.0000
vt 0.2803 0.4507 0.0000
vt 0.2812 0.4507 0.0000
vt 0.2822 0.4629 0.0000
vt 0.2812 0.4629 0.0000
vt 0.2803 0.4371 0.0000
vt 0.3665 0.4180 0.0000
vt 0.2947 0.4118 0.0000
vt 0.2890 0.4140 0.0000
vt 0.3652 0.4167 0.0000
vt 0.3614 0.4162 0.0000
vt 0.3720 0.4642 0.0000
vt 0.3698 0.4658 0.0000
vt 0.3679 0.4650 0.0000
vt 0.2947 0.4154 0.0000
vt 0.2941 0.4137 0.0000
vt 0.2960 0.4145 0.0000
vt 0.2928 0.4133 0.0000
vt 0.2900 0.4125 0.0000
vt 0.3662 0.4628 0.0000
vt 0.3665 0.4645 0.0000
vt 0.3646 0.4639 0.0000
vt 0.3002 0.4598 0.0000
vt 0.2983 0.4603 0.0000
vt 0.2970 0.4608 0.0000
vt 0.2951 0.4613 0.0000
vt 0.3021 0.4611 0.0000
vt 0.3035 0.4604 0.0000
vt 0.3002 0.4616 0.0000
vt 0.2989 0.4623 0.0000
vt 0.4566 0.5216 0.0000
vt 0.4946 0.5219 0.0000
vt 0.4946 0.5221 0.0000
vt 0.4566 0.5219 0.0000
vt 0.4167 0.5212 0.0000
vt 0.4167 0.5214 0.0000
vt 0.4148 0.5214 0.0000
vt 0.4148 0.5211 0.0000
vt 0.3958 0.5212 0.0000
vt 0.3939 0.5212 0.0000
vt 0.3582 0.5202 0.0000
vt 0.3221 0.5181 0.0000
vt 0.2864 0.5149 0.0000
vt 0.2854 0.5148 0.0000
vt 0.2854 0.5151 0.0000
vt 0.2864 0.5152 0.0000
vt 0.3221 0.5184 0.0000
vt 0.3582 0.5204 0.0000
vt 0.3958 0.5214 0.0000
vt 0.3939 0.5214 0.0000
vt 0.2839 0.5082 0.0000
vt 0.2832 0.4991 0.0000
vt 0.2822 0.4865 0.0000
vt 0.2812 0.4744 0.0000
vt 0.2803 0.4629 0.0000
vt 0.2793 0.4507 0.0000
vt 0.2784 0.4371 0.0000
vt 0.2793 0.4371 0.0000
vt 0.2774 0.4237 0.0000
vt 0.2761 0.4092 0.0000
vt 0.2751 0.3929 0.0000
vt 0.2761 0.3929 0.0000
vt 0.2765 0.3923 0.0000
vt 0.2789 0.3911 0.0000
vt 0.2807 0.3912 0.0000
vt 0.2774 0.3926 0.0000
vt 0.2784 0.3928 0.0000
vt 0.4222 0.4515 0.0000
vt 0.4946 0.4202 0.0000
vt 0.5805 0.4755 0.0000
vt 0.5822 0.4627 0.0000
vt 0.6017 0.4627 0.0000
vt 0.6002 0.4745 0.0000
vt 0.5335 0.5035 0.0000
vt 0.5345 0.4891 0.0000
vt 0.5330 0.5152 0.0000
vt 0.6086 0.4081 0.0000
vt 0.5886 0.4063 0.0000
vt 0.5905 0.3923 0.0000
vt 0.6095 0.3985 0.0000
vt 0.5886 0.3918 0.0000
vt 0.5869 0.4061 0.0000
vt 0.5396 0.4062 0.0000
vt 0.5400 0.3918 0.0000
vt 0.5728 0.4177 0.0000
vt 0.5390 0.4177 0.0000
vt 0.5747 0.4493 0.0000
vt 0.5728 0.4493 0.0000
vt 0.5744 0.4345 0.0000
vt 0.5763 0.4345 0.0000
vt 0.5696 0.4755 0.0000
vt 0.5715 0.4627 0.0000
vt 0.5734 0.4627 0.0000
vt 0.5721 0.4755 0.0000
vt 0.5687 0.4805 0.0000
vt 0.5711 0.4810 0.0000
vt 0.5748 0.5034 0.0000
vt 0.5767 0.4891 0.0000
vt 0.5734 0.5145 0.0000
vt 0.5966 0.5000 0.0000
vt 0.5770 0.5032 0.0000
vt 0.5789 0.4890 0.0000
vt 0.5985 0.4869 0.0000
vt 0.5753 0.5143 0.0000
vt 0.5947 0.5112 0.0000
vt 0.5400 0.3891 0.0000
vt 0.5886 0.3891 0.0000
vt 0.5886 0.3912 0.0000
vt 0.5400 0.3911 0.0000
vt 0.5911 0.3897 0.0000
vt 0.6101 0.3965 0.0000
vt 0.6101 0.3979 0.0000
vt 0.5911 0.3915 0.0000
vt 0.6460 0.3954 0.0000
vt 0.6460 0.3973 0.0000
vt 0.6120 0.3980 0.0000
vt 0.6120 0.3964 0.0000
vt 0.6120 0.3986 0.0000
vt 0.6460 0.3979 0.0000
vt 0.6448 0.4084 0.0000
vt 0.6105 0.4083 0.0000
vt 0.6720 0.4743 0.0000
vt 0.6374 0.4744 0.0000
vt 0.6384 0.4654 0.0000
vt 0.6732 0.4631 0.0000
vt 0.5989 0.4997 0.0000
vt 0.6335 0.4996 0.0000
vt 0.6318 0.5105 0.0000
vt 0.5970 0.5111 0.0000
vt 0.7039 0.5080 0.0000
vt 0.7032 0.5080 0.0000
vt 0.7039 0.4989 0.0000
vt 0.7049 0.4988 0.0000
vt 0.6008 0.4869 0.0000
vt 0.6357 0.4867 0.0000
vt 0.6692 0.4993 0.0000
vt 0.6705 0.4865 0.0000
vt 0.7049 0.4862 0.0000
vt 0.7058 0.4862 0.0000
vt 0.6027 0.4745 0.0000
vt 0.7058 0.4742 0.0000
vt 0.7068 0.4742 0.0000
vt 0.6031 0.4501 0.0000
vt 0.5837 0.4493 0.0000
vt 0.6049 0.4361 0.0000
vt 0.5854 0.4346 0.0000
vt 0.5873 0.4206 0.0000
vt 0.6068 0.4225 0.0000
vt 0.6220 0.4363 0.0000
vt 0.6201 0.4363 0.0000
vt 0.6217 0.4228 0.0000
vt 0.6236 0.4228 0.0000
vt 0.6441 0.4149 0.0000
vt 0.6796 0.4087 0.0000
vt 0.6792 0.4126 0.0000
vt 0.7108 0.4234 0.0000
vt 0.7098 0.4234 0.0000
vt 0.7108 0.4089 0.0000
vt 0.7119 0.4089 0.0000
vt 0.6053 0.4502 0.0000
vt 0.6040 0.4627 0.0000
vt 0.6091 0.4227 0.0000
vt 0.5850 0.4204 0.0000
vt 0.5831 0.4345 0.0000
vt 0.5799 0.4627 0.0000
vt 0.5812 0.4493 0.0000
vt 0.5780 0.4755 0.0000
vt 0.6072 0.4363 0.0000
vt 0.6809 0.3952 0.0000
vt 0.6813 0.3959 0.0000
vt 0.6807 0.3934 0.0000
vt 0.7119 0.3928 0.0000
vt 0.5349 0.4828 0.0000
vt 0.6207 0.4502 0.0000
vt 0.6188 0.4502 0.0000
vt 0.5390 0.4193 0.0000
vt 0.5692 0.4193 0.0000
vt 0.5660 0.4201 0.0000
vt 0.5673 0.4755 0.0000
vt 0.5670 0.4798 0.0000
vt 0.5637 0.4787 0.0000
vt 0.5349 0.4813 0.0000
vt 0.5590 0.4801 0.0000
vt 0.5349 0.4821 0.0000
vt 0.5622 0.4813 0.0000
vt 0.5637 0.4820 0.0000
vt 0.5687 0.4627 0.0000
vt 0.5702 0.4493 0.0000
vt 0.5721 0.4345 0.0000
vt 0.5734 0.4208 0.0000
vt 0.5753 0.4203 0.0000
vt 0.5390 0.4185 0.0000
vt 0.5706 0.4186 0.0000
vt 0.5673 0.4815 0.0000
vt 0.5696 0.4823 0.0000
vt 0.5654 0.4827 0.0000
vt 0.5744 0.4193 0.0000
vt 0.5763 0.4180 0.0000
vt 0.5770 0.4197 0.0000
vt 0.6967 0.4504 0.0000
vt 0.6958 0.4596 0.0000
vt 0.6941 0.4592 0.0000
vt 0.6946 0.4504 0.0000
vt 0.6961 0.4367 0.0000
vt 0.6978 0.4367 0.0000
vt 0.6973 0.4233 0.0000
vt 0.6992 0.4234 0.0000
vt 0.5654 0.4808 0.0000
vt 0.5622 0.4798 0.0000
vt 0.5721 0.4197 0.0000
vt 0.5687 0.4206 0.0000
vt 0.5702 0.4217 0.0000
vt 0.6925 0.4503 0.0000
vt 0.6920 0.4588 0.0000
vt 0.6901 0.4583 0.0000
vt 0.6559 0.4621 0.0000
vt 0.6733 0.4617 0.0000
vt 0.6386 0.4639 0.0000
vt 0.6260 0.4189 0.0000
vt 0.6274 0.4177 0.0000
vt 0.6293 0.4183 0.0000
vt 0.6279 0.4193 0.0000
vt 0.6899 0.4140 0.0000
vt 0.6614 0.4158 0.0000
vt 0.6788 0.4140 0.0000
vt 0.6912 0.4133 0.0000
vt 0.6325 0.4177 0.0000
vt 0.6306 0.4171 0.0000
vt 0.6439 0.4163 0.0000
vt 0.6264 0.4647 0.0000
vt 0.6274 0.4640 0.0000
vt 0.6240 0.4663 0.0000
vt 0.6679 0.5097 0.0000
vt 0.6241 0.4363 0.0000
vt 0.6226 0.4501 0.0000
vt 0.6211 0.4631 0.0000
vt 0.6194 0.4635 0.0000
vt 0.6257 0.4227 0.0000
vt 0.6243 0.4185 0.0000
vt 0.6258 0.4172 0.0000
vt 0.6293 0.4166 0.0000
vt 0.6439 0.4155 0.0000
vt 0.6940 0.4365 0.0000
vt 0.6952 0.4233 0.0000
vt 0.6958 0.4148 0.0000
vt 0.6977 0.4144 0.0000
vt 0.6384 0.4646 0.0000
vt 0.6257 0.4655 0.0000
vt 0.6925 0.4126 0.0000
vt 0.6788 0.4134 0.0000
vt 0.6733 0.4624 0.0000
vt 0.7087 0.4504 0.0000
vt 0.7077 0.4627 0.0000
vt 0.7068 0.4627 0.0000
vt 0.7077 0.4504 0.0000
vt 0.7087 0.4368 0.0000
vt 0.6226 0.4179 0.0000
vt 0.6944 0.4116 0.0000
vt 0.6999 0.4138 0.0000
vt 0.6239 0.4166 0.0000
vt 0.6274 0.4160 0.0000
vt 0.6211 0.4649 0.0000
vt 0.6194 0.4656 0.0000
vt 0.6169 0.4641 0.0000
vt 0.6942 0.4152 0.0000
vt 0.6929 0.4143 0.0000
vt 0.6946 0.4135 0.0000
vt 0.6961 0.4131 0.0000
vt 0.6988 0.4123 0.0000
vt 0.6230 0.4627 0.0000
vt 0.6241 0.4638 0.0000
vt 0.6226 0.4644 0.0000
vt 0.6904 0.4601 0.0000
vt 0.6887 0.4596 0.0000
vt 0.6922 0.4606 0.0000
vt 0.6941 0.4610 0.0000
vt 0.6853 0.4602 0.0000
vt 0.6870 0.4609 0.0000
vt 0.6884 0.4614 0.0000
vt 0.6903 0.4621 0.0000
vt 0.5326 0.5216 0.0000
vt 0.5326 0.5218 0.0000
vt 0.5725 0.5211 0.0000
vt 0.5725 0.5213 0.0000
vt 0.5744 0.5213 0.0000
vt 0.5744 0.5210 0.0000
vt 0.5934 0.5211 0.0000
vt 0.5953 0.5211 0.0000
vt 0.6306 0.5200 0.0000
vt 0.6671 0.5179 0.0000
vt 0.7036 0.5146 0.0000
vt 0.7028 0.5147 0.0000
vt 0.7036 0.5149 0.0000
vt 0.7028 0.5149 0.0000
vt 0.6671 0.5182 0.0000
vt 0.6306 0.5203 0.0000
vt 0.5934 0.5213 0.0000
vt 0.5953 0.5213 0.0000
vt 0.7049 0.5080 0.0000
vt 0.7058 0.4988 0.0000
vt 0.7068 0.4862 0.0000
vt 0.7077 0.4742 0.0000
vt 0.7087 0.4627 0.0000
vt 0.7094 0.4504 0.0000
vt 0.7104 0.4368 0.0000
vt 0.7094 0.4368 0.0000
vt 0.7115 0.4234 0.0000
vt 0.7128 0.4089 0.0000
vt 0.7140 0.3927 0.0000
vt 0.7130 0.3927 0.0000
vt 0.7125 0.3920 0.0000
vt 0.7115 0.3924 0.0000
vt 0.7083 0.3910 0.0000
vt 0.7102 0.3909 0.0000
vt 0.7108 0.3925 0.0000
vt 0.5670 0.4514 0.0000
# 919 texture coords

o Cofre
g Cofre
usemtl 92609579_dds
s 1
f 1/1/1 2/2/2 3/3/3 
f 1/1/1 3/3/3 4/4/4 
f 5/5/5 6/6/6 7/7/7 
f 5/5/5 7/7/7 8/8/8 
f 9/9/9 10/10/10 11/11/11 
f 9/9/9 11/11/11 12/12/12 
f 13/13/13 14/14/14 6/6/6 
f 13/13/13 6/6/6 5/5/5 
f 15/15/15 16/16/16 17/17/17 
f 15/15/15 17/17/17 18/18/18 
f 19/19/19 20/20/20 21/21/21 
f 19/19/19 21/21/21 22/22/22 
f 23/23/23 24/24/24 25/25/25 
f 26/26/26 19/19/19 22/22/22 
f 26/26/26 22/22/22 27/27/27 
f 28/28/28 29/29/29 30/30/30 
f 28/28/28 30/30/30 31/31/31 
f 30/30/30 32/32/32 33/33/33 
f 30/30/30 33/33/33 31/31/31 
f 14/14/14 34/34/34 35/35/35 
f 14/14/14 35/35/35 6/6/6 
f 34/34/34 36/36/36 37/37/37 
f 34/34/34 37/37/37 35/35/35 
f 38/38/38 39/39/39 40/40/40 
f 38/38/38 40/40/40 41/41/41 
f 39/39/39 1/1/1 4/4/4 
f 39/39/39 4/4/4 40/40/40 
f 6/6/6 35/35/35 42/42/42 
f 6/6/6 42/42/42 7/7/7 
f 35/35/35 37/37/37 43/43/43 
f 35/35/35 43/43/43 42/42/42 
f 44/44/44 45/45/45 46/46/46 
f 44/44/44 46/46/46 47/47/47 
f 45/45/45 9/9/9 12/12/12 
f 45/45/45 12/12/12 46/46/46 
f 2/2/2 48/48/48 49/49/49 
f 2/2/2 49/49/49 3/3/3 
f 49/49/49 48/48/48 21/21/21 
f 49/49/49 21/21/21 28/28/28 
f 21/21/21 50/50/50 51/51/51 
f 21/21/21 51/51/51 22/22/22 
f 50/50/50 13/13/13 5/5/5 
f 50/50/50 5/5/5 51/51/51 
f 22/22/22 51/51/51 52/52/52 
f 22/22/22 52/52/52 27/27/27 
f 51/51/51 5/5/5 8/8/8 
f 51/51/51 8/8/8 52/52/52 
f 10/10/10 53/53/53 54/54/54 
f 10/10/10 54/54/54 11/11/11 
f 53/53/53 28/28/28 31/31/31 
f 53/53/53 31/31/31 54/54/54 
f 16/16/16 55/55/55 56/56/56 
f 16/16/16 56/56/56 17/17/17 
f 55/55/55 23/23/23 25/25/25 
f 55/55/55 25/25/25 56/56/56 
f 31/31/31 33/33/33 57/57/57 
f 31/31/31 57/57/57 54/54/54 
f 54/54/54 57/57/57 58/58/58 
f 54/54/54 58/58/58 11/11/11 
f 39/39/39 38/38/38 36/36/36 
f 39/39/39 36/36/36 34/34/34 
f 45/45/45 44/44/44 41/41/41 
f 45/45/45 41/41/41 40/40/40 
f 45/45/45 40/40/40 4/4/4 
f 45/45/45 4/4/4 9/9/9 
f 10/10/10 9/9/9 4/4/4 
f 10/10/10 4/4/4 3/3/3 
f 53/53/53 10/10/10 3/3/3 
f 53/53/53 3/3/3 49/49/49 
f 39/39/39 34/34/34 14/14/14 
f 39/39/39 14/14/14 1/1/1 
f 2/2/2 1/1/1 14/14/14 
f 2/2/2 14/14/14 13/13/13 
f 48/48/48 2/2/2 13/13/13 
f 48/48/48 13/13/13 50/50/50 
f 28/28/28 53/53/53 49/49/49 
f 59/59/59 28/28/28 21/21/21 
f 59/59/59 21/21/21 20/20/60 
f 21/21/21 48/48/48 50/50/50 
f 12/12/12 11/11/11 58/58/58 
f 12/12/12 58/58/58 60/60/61 
f 46/46/46 12/12/12 60/60/61 
f 46/46/46 60/60/61 61/61/62 
f 62/62/63 47/47/47 46/46/46 
f 62/62/63 46/46/46 61/61/62 
f 63/63/64 15/15/15 18/18/18 
f 63/63/64 18/18/18 64/64/65 
f 65/65/66 63/63/64 64/64/65 
f 65/65/66 64/64/65 66/66/67 
f 67/67/68 68/68/69 69/69/70 
f 67/67/68 69/69/70 70/70/71 
f 69/69/70 71/71/72 72/72/73 
f 69/69/70 72/72/73 70/70/71 
f 71/71/72 73/73/74 74/74/75 
f 71/71/72 74/74/75 72/72/73 
f 73/73/74 75/75/76 76/76/77 
f 73/73/74 76/76/77 74/74/75 
f 75/75/76 77/77/78 78/78/79 
f 75/75/76 78/78/79 76/76/77 
f 78/78/79 77/77/78 79/79/80 
f 78/78/79 79/79/80 80/80/81 
f 79/79/80 81/81/82 82/82/83 
f 79/79/80 82/82/83 80/80/81 
f 83/83/84 84/84/85 85/85/86 
f 83/83/84 85/85/86 86/86/87 
f 64/64/65 18/18/18 87/87/88 
f 64/64/65 87/87/88 88/88/89 
f 66/66/67 64/64/65 88/88/89 
f 18/18/18 17/17/17 89/89/90 
f 18/18/18 89/89/90 87/87/88 
f 88/90/91 90/91/92 84/84/85 
f 88/90/91 84/84/85 66/92/93 
f 56/56/56 25/25/25 89/89/90 
f 25/25/25 24/24/24 91/93/94 
f 25/25/25 91/93/94 89/89/90 
f 17/17/17 56/56/56 89/89/90 
f 86/86/87 90/91/92 92/94/95 
f 86/86/87 92/94/95 82/82/83 
f 67/67/68 70/70/71 93/95/96 
f 67/67/68 93/95/96 94/96/97 
f 72/72/73 95/97/98 93/95/96 
f 72/72/73 93/95/96 70/70/71 
f 72/72/73 74/74/75 95/97/98 
f 76/76/77 96/98/99 95/97/98 
f 76/76/77 95/97/98 74/74/75 
f 76/76/77 78/78/79 96/98/99 
f 78/78/79 80/80/81 97/99/100 
f 78/78/79 97/99/100 96/98/99 
f 80/80/81 82/82/83 92/94/95 
f 80/80/81 92/94/95 97/99/100 
f 68/68/69 43/100/101 37/101/102 
f 68/68/69 37/101/102 69/69/70 
f 37/101/102 36/102/103 71/71/72 
f 37/101/102 71/71/72 69/69/70 
f 36/102/103 38/103/104 73/73/74 
f 36/102/103 73/73/74 71/71/72 
f 75/75/76 73/73/74 38/103/104 
f 75/75/76 38/103/104 41/104/105 
f 41/104/105 44/105/106 77/77/78 
f 41/104/105 77/77/78 75/75/76 
f 77/77/78 44/105/106 47/106/107 
f 77/77/78 47/106/107 79/79/80 
f 81/81/82 79/79/80 47/106/107 
f 81/81/82 47/106/107 62/107/108 
f 84/84/85 83/83/84 65/108/109 
f 84/84/85 65/108/109 66/92/93 
f 84/84/85 90/91/92 85/85/86 
f 81/81/82 83/83/84 86/86/87 
f 81/81/82 86/86/87 82/82/83 
f 65/108/109 83/83/84 81/81/82 
f 65/108/109 81/81/82 62/107/108 
f 62/62/63 61/61/62 63/63/64 
f 62/62/63 63/63/64 65/65/66 
f 61/61/62 60/60/61 15/15/15 
f 61/61/62 15/15/15 63/63/64 
f 60/60/61 58/58/58 16/16/16 
f 60/60/61 16/16/16 15/15/15 
f 58/58/58 57/57/57 55/55/55 
f 58/58/58 55/55/55 16/16/16 
f 57/57/57 33/33/33 23/23/23 
f 57/57/57 23/23/23 55/55/55 
f 33/33/33 32/32/32 24/24/24 
f 33/33/33 24/24/24 23/23/23 
f 29/29/29 28/28/28 59/59/110 
f 29/29/29 59/59/110 98/109/111 
f 86/86/87 85/85/86 90/91/92 
f 99/110/112 100/111/113 101/112/114 
f 99/110/112 101/112/114 102/113/115 
f 103/114/116 8/8/8 7/7/7 
f 103/114/116 7/7/7 104/115/117 
f 105/116/118 106/117/119 107/118/120 
f 105/116/118 107/118/120 108/119/121 
f 109/120/122 103/114/116 104/115/117 
f 109/120/122 104/115/117 110/121/123 
f 111/122/124 112/123/125 113/124/126 
f 111/122/124 113/124/126 114/125/127 
f 115/126/128 116/127/129 117/128/130 
f 115/126/128 117/128/130 118/129/131 
f 119/130/132 120/131/133 121/132/134 
f 26/26/26 27/27/27 116/127/129 
f 26/26/26 116/127/129 115/126/128 
f 122/133/135 123/134/136 124/135/137 
f 122/133/135 124/135/137 125/136/138 
f 124/135/137 123/134/136 126/137/139 
f 124/135/137 126/137/139 127/138/140 
f 110/121/123 104/115/117 128/139/141 
f 110/121/123 128/139/141 129/140/142 
f 129/140/142 128/139/141 130/141/143 
f 129/140/142 130/141/143 131/142/144 
f 132/143/145 133/144/146 134/145/147 
f 132/143/145 134/145/147 135/146/148 
f 135/146/148 134/145/147 100/111/113 
f 135/146/148 100/111/113 99/110/112 
f 104/115/117 7/7/7 42/42/42 
f 104/115/117 42/42/42 128/139/141 
f 128/139/141 42/42/42 43/43/43 
f 128/139/141 43/43/43 130/141/143 
f 136/147/149 137/148/150 138/149/151 
f 136/147/149 138/149/151 139/150/152 
f 139/150/152 138/149/151 106/117/119 
f 139/150/152 106/117/119 105/116/118 
f 102/113/115 101/112/114 140/151/153 
f 102/113/115 140/151/153 141/152/154 
f 140/151/153 122/133/135 117/128/130 
f 140/151/153 117/128/130 141/152/154 
f 117/128/130 116/127/129 142/153/155 
f 117/128/130 142/153/155 143/154/156 
f 143/154/156 142/153/155 103/114/116 
f 143/154/156 103/114/116 109/120/122 
f 116/127/129 27/27/27 52/52/52 
f 116/127/129 52/52/52 142/153/155 
f 142/153/155 52/52/52 8/8/8 
f 142/153/155 8/8/8 103/114/116 
f 108/119/121 107/118/120 144/155/157 
f 108/119/121 144/155/157 145/156/158 
f 145/156/158 144/155/157 123/134/136 
f 145/156/158 123/134/136 122/133/135 
f 114/125/127 113/124/126 146/157/159 
f 114/125/127 146/157/159 147/158/160 
f 147/158/160 146/157/159 120/131/133 
f 147/158/160 120/131/133 119/130/132 
f 123/134/136 144/155/157 148/159/161 
f 123/134/136 148/159/161 126/137/139 
f 144/155/157 107/118/120 149/160/162 
f 144/155/157 149/160/162 148/159/161 
f 129/140/142 131/142/144 132/143/145 
f 129/140/142 132/143/145 135/146/148 
f 134/145/147 133/144/146 136/147/149 
f 134/145/147 136/147/149 139/150/152 
f 134/145/147 139/150/152 105/116/118 
f 134/145/147 105/116/118 100/111/113 
f 108/119/121 101/112/114 100/111/113 
f 108/119/121 100/111/113 105/116/118 
f 145/156/158 140/151/153 101/112/114 
f 145/156/158 101/112/114 108/119/121 
f 129/140/142 135/146/148 99/110/112 
f 129/140/142 99/110/112 110/121/123 
f 102/113/115 109/120/122 110/121/123 
f 102/113/115 110/121/123 99/110/112 
f 141/152/154 143/154/156 109/120/122 
f 141/152/154 109/120/122 102/113/115 
f 117/128/130 143/154/156 141/152/154 
f 122/133/135 140/151/153 145/156/158 
f 150/161/163 118/129/164 117/128/130 
f 150/161/163 117/128/130 122/133/135 
f 106/117/119 151/162/165 149/160/162 
f 106/117/119 149/160/162 107/118/120 
f 138/149/151 152/163/166 151/162/165 
f 138/149/151 151/162/165 106/117/119 
f 153/164/167 152/163/166 138/149/151 
f 153/164/167 138/149/151 137/148/150 
f 154/165/168 155/166/169 112/123/125 
f 154/165/168 112/123/125 111/122/124 
f 156/167/170 157/168/171 155/166/169 
f 156/167/170 155/166/169 154/165/168 
f 67/67/68 158/169/172 159/170/173 
f 67/67/68 159/170/173 68/68/69 
f 159/170/173 158/169/172 160/171/174 
f 159/170/173 160/171/174 161/172/175 
f 161/172/175 160/171/174 162/173/176 
f 161/172/175 162/173/176 163/174/177 
f 163/174/177 162/173/176 164/175/178 
f 163/174/177 164/175/178 165/176/179 
f 165/176/179 164/175/178 166/177/180 
f 165/176/179 166/177/180 167/178/181 
f 166/177/180 168/179/182 169/180/183 
f 166/177/180 169/180/183 167/178/181 
f 169/180/183 168/179/182 170/181/184 
f 169/180/183 170/181/184 171/182/185 
f 172/183/186 173/184/187 174/185/188 
f 172/183/186 174/185/188 175/186/189 
f 155/166/169 176/187/190 177/188/191 
f 155/166/169 177/188/191 112/123/125 
f 157/168/171 176/187/190 155/166/169 
f 112/123/125 177/188/191 178/189/192 
f 112/123/125 178/189/192 113/124/126 
f 176/190/193 157/191/194 175/186/189 
f 176/190/193 175/186/189 179/192/195 
f 146/157/159 178/189/192 120/131/133 
f 120/131/133 178/189/192 180/193/196 
f 120/131/133 180/193/196 121/132/134 
f 113/124/126 178/189/192 146/157/159 
f 173/184/187 170/181/184 181/194/197 
f 173/184/187 181/194/197 179/192/195 
f 67/67/68 94/96/97 182/195/198 
f 67/67/68 182/195/198 158/169/172 
f 160/171/174 158/169/172 182/195/198 
f 160/171/174 182/195/198 183/196/199 
f 164/175/178 162/173/176 183/196/199 
f 164/175/178 183/196/199 184/197/200 
f 166/177/180 184/197/200 185/198/201 
f 166/177/180 185/198/201 168/179/182 
f 168/179/182 185/198/201 181/194/197 
f 168/179/182 181/194/197 170/181/184 
f 68/68/69 159/170/173 130/199/202 
f 68/68/69 130/199/202 43/100/101 
f 130/199/202 159/170/173 161/172/175 
f 130/199/202 161/172/175 131/200/203 
f 132/201/204 131/200/203 161/172/175 
f 132/201/204 161/172/175 163/174/177 
f 165/176/179 133/202/205 132/201/204 
f 165/176/179 132/201/204 163/174/177 
f 136/203/206 133/202/205 165/176/179 
f 136/203/206 165/176/179 167/178/181 
f 167/178/181 169/180/183 137/204/207 
f 167/178/181 137/204/207 136/203/206 
f 171/182/185 153/205/208 137/204/207 
f 171/182/185 137/204/207 169/180/183 
f 175/186/189 157/191/194 156/206/209 
f 175/186/189 156/206/209 172/183/186 
f 175/186/189 174/185/188 179/192/195 
f 171/182/185 170/181/184 173/184/187 
f 171/182/185 173/184/187 172/183/186 
f 156/206/209 153/205/208 171/182/185 
f 156/206/209 171/182/185 172/183/186 
f 153/164/167 156/167/170 154/165/168 
f 153/164/167 154/165/168 152/163/166 
f 152/163/166 154/165/168 111/122/124 
f 152/163/166 111/122/124 151/162/165 
f 151/162/165 111/122/124 114/125/127 
f 151/162/165 114/125/127 149/160/162 
f 149/160/162 114/125/127 147/158/160 
f 149/160/162 147/158/160 148/159/161 
f 148/159/161 147/158/160 119/130/132 
f 148/159/161 119/130/132 126/137/139 
f 126/137/139 119/130/132 121/132/134 
f 126/137/139 121/132/134 127/138/140 
f 125/136/138 186/207/210 150/161/211 
f 125/136/138 150/161/211 122/133/135 
f 162/173/176 160/171/174 183/196/199 
f 166/177/180 164/175/178 184/197/200 
f 173/184/187 179/192/195 174/185/188 
f 187/208/212 188/209/213 189/210/214 
f 187/208/212 189/210/214 190/211/215 
f 191/212/216 188/209/213 187/208/212 
f 191/212/216 187/208/212 192/213/217 
f 193/214/218 194/215/219 195/216/220 
f 193/214/218 195/216/220 196/217/221 
f 194/215/219 197/218/222 198/219/223 
f 194/215/219 198/219/223 195/216/220 
f 187/208/212 190/211/215 199/220/224 
f 187/208/212 199/220/224 200/221/225 
f 200/221/225 201/222/226 192/213/217 
f 200/221/225 192/213/217 187/208/212 
f 202/223/216 203/224/227 204/225/228 
f 202/223/216 204/225/228 205/226/229 
f 204/225/228 203/224/227 206/227/230 
f 204/225/228 206/227/230 207/228/231 
f 208/229/232 209/230/233 210/231/234 
f 208/229/232 210/231/234 211/232/235 
f 209/230/233 212/233/222 213/234/236 
f 209/230/233 213/234/236 210/231/234 
f 207/228/231 214/235/237 215/236/238 
f 207/228/231 215/236/238 204/225/228 
f 215/236/238 216/237/239 205/226/229 
f 215/236/238 205/226/229 204/225/228 
f 217/238/240 218/239/241 219/240/242 
f 217/238/240 219/240/242 220/241/243 
f 220/241/243 221/242/244 222/243/245 
f 220/241/243 222/243/245 217/238/240 
f 223/244/246 224/245/247 225/246/248 
f 223/244/246 225/246/248 226/247/249 
f 227/248/216 224/245/247 223/244/246 
f 227/248/216 223/244/246 228/249/250 
f 189/210/251 188/209/252 229/250/253 
f 189/210/251 229/250/253 230/251/254 
f 188/209/252 191/212/222 231/252/255 
f 188/209/252 231/252/255 229/250/253 
f 223/244/246 226/247/249 232/253/256 
f 223/244/246 232/253/256 233/254/257 
f 233/254/257 234/255/258 228/249/250 
f 233/254/257 228/249/250 223/244/246 
f 235/256/259 236/257/260 224/245/261 
f 235/256/259 224/245/261 227/248/222 
f 224/245/261 236/257/260 237/258/262 
f 224/245/261 237/258/262 225/246/263 
f 218/239/241 217/238/240 209/230/264 
f 218/239/241 209/230/264 208/229/265 
f 217/238/240 222/243/245 212/233/266 
f 217/238/240 212/233/266 209/230/264 
f 238/259/267 211/232/235 210/231/234 
f 238/259/267 210/231/234 239/260/268 
f 210/231/234 213/234/236 240/261/269 
f 210/231/234 240/261/269 239/260/268 
f 214/235/237 238/259/267 239/260/268 
f 214/235/237 239/260/268 215/236/238 
f 239/260/268 240/261/269 216/237/239 
f 239/260/268 216/237/239 215/236/238 
f 220/241/243 219/240/242 241/262/270 
f 220/241/243 241/262/270 242/263/271 
f 242/263/271 243/264/272 221/242/244 
f 242/263/271 221/242/244 220/241/243 
f 241/262/270 237/258/262 236/257/260 
f 241/262/270 236/257/260 242/263/271 
f 236/257/260 235/256/259 243/264/272 
f 236/257/260 243/264/272 242/263/271 
f 233/254/257 232/253/256 244/265/273 
f 233/254/257 244/265/273 245/266/274 
f 245/266/274 246/267/275 234/255/258 
f 245/266/274 234/255/258 233/254/257 
f 244/265/273 230/251/254 229/250/253 
f 244/265/273 229/250/253 245/266/274 
f 229/250/253 231/252/255 246/267/275 
f 229/250/253 246/267/275 245/266/274 
f 200/221/225 199/220/224 247/268/276 
f 200/221/225 247/268/276 248/269/277 
f 248/269/277 249/270/278 201/222/226 
f 248/269/277 201/222/226 200/221/225 
f 247/268/276 196/217/221 195/216/220 
f 247/268/276 195/216/220 248/269/277 
f 195/216/220 198/219/223 249/270/278 
f 195/216/220 249/270/278 248/269/277 
f 250/271/279 251/272/280 252/273/281 
f 250/271/279 252/273/281 253/274/282 
f 251/272/280 250/271/279 192/213/217 
f 251/272/280 192/213/217 201/222/226 
f 254/275/283 255/276/284 256/277/285 
f 254/275/283 256/277/285 257/278/286 
f 256/277/285 255/276/284 205/226/229 
f 256/277/285 205/226/229 216/237/239 
f 258/279/287 259/280/288 260/281/289 
f 258/279/287 260/281/289 261/282/290 
f 259/280/288 258/279/287 222/243/245 
f 259/280/288 222/243/245 221/242/244 
f 262/283/291 263/284/292 264/285/293 
f 262/283/291 264/285/293 265/286/294 
f 263/284/292 262/283/291 228/249/250 
f 263/284/292 228/249/250 234/255/258 
f 266/287/295 213/234/236 212/233/222 
f 266/287/295 212/233/222 267/288/296 
f 268/289/297 266/287/295 267/288/296 
f 268/289/297 267/288/296 269/290/298 
f 270/291/299 255/276/284 254/275/283 
f 270/291/299 254/275/283 271/292/300 
f 202/223/216 205/226/229 255/276/284 
f 202/223/216 255/276/284 270/291/299 
f 272/293/301 231/252/255 191/212/222 
f 272/293/301 191/212/222 273/294/302 
f 274/295/303 272/293/301 273/294/302 
f 274/295/303 273/294/302 275/296/304 
f 276/297/305 262/283/291 265/286/294 
f 276/297/305 265/286/294 277/298/306 
f 227/248/216 228/249/250 262/283/291 
f 227/248/216 262/283/291 276/297/305 
f 278/299/307 198/219/223 197/218/222 
f 278/299/307 197/218/222 279/300/308 
f 280/301/309 278/299/307 279/300/308 
f 280/301/309 279/300/308 281/302/310 
f 273/294/311 250/271/279 253/274/282 
f 273/294/311 253/274/282 275/296/312 
f 191/212/216 192/213/217 250/271/279 
f 191/212/216 250/271/279 273/294/311 
f 267/288/313 212/233/266 222/243/245 
f 267/288/313 222/243/245 258/279/287 
f 269/290/314 267/288/313 258/279/287 
f 269/290/314 258/279/287 261/282/290 
f 282/303/315 276/297/316 277/298/317 
f 282/303/315 277/298/317 283/304/318 
f 235/256/259 227/248/222 276/297/316 
f 235/256/259 276/297/316 282/303/315 
f 284/305/319 285/306/320 266/287/295 
f 284/305/319 266/287/295 268/289/297 
f 266/287/295 285/306/320 240/261/269 
f 266/287/295 240/261/269 213/234/236 
f 257/278/286 256/277/285 285/306/320 
f 257/278/286 285/306/320 284/305/319 
f 285/306/320 256/277/285 216/237/239 
f 285/306/320 216/237/239 240/261/269 
f 259/280/288 286/307/321 287/308/322 
f 259/280/288 287/308/322 260/281/289 
f 286/307/321 259/280/288 221/242/244 
f 286/307/321 221/242/244 243/264/272 
f 287/308/322 286/307/321 282/303/315 
f 287/308/322 282/303/315 283/304/318 
f 282/303/315 286/307/321 243/264/272 
f 282/303/315 243/264/272 235/256/259 
f 263/284/292 288/309/323 289/310/324 
f 263/284/292 289/310/324 264/285/293 
f 288/309/323 263/284/292 234/255/258 
f 288/309/323 234/255/258 246/267/275 
f 289/310/324 288/309/323 272/293/301 
f 289/310/324 272/293/301 274/295/303 
f 272/293/301 288/309/323 246/267/275 
f 272/293/301 246/267/275 231/252/255 
f 251/272/280 290/311/325 291/312/326 
f 251/272/280 291/312/326 252/273/281 
f 290/311/325 251/272/280 201/222/226 
f 290/311/325 201/222/226 249/270/278 
f 291/312/326 290/311/325 278/299/307 
f 291/312/326 278/299/307 280/301/309 
f 278/299/307 290/311/325 249/270/278 
f 278/299/307 249/270/278 198/219/223 
f 292/313/327 293/314/328 294/315/329 
f 292/313/327 294/315/329 295/316/330 
f 294/315/329 293/314/328 296/317/331 
f 294/315/329 296/317/331 297/318/332 
f 298/319/333 299/320/334 300/321/335 
f 298/319/333 300/321/335 301/322/336 
f 302/323/337 298/319/333 301/322/336 
f 302/323/337 301/322/336 303/324/338 
f 304/325/339 305/326/340 306/327/341 
f 304/325/339 306/327/341 307/328/342 
f 308/329/343 304/325/339 307/328/342 
f 308/329/343 307/328/342 309/330/344 
f 310/331/345 311/332/346 312/333/347 
f 310/331/345 312/333/347 313/334/348 
f 314/335/349 310/331/345 313/334/348 
f 314/335/349 313/334/348 315/336/350 
f 316/337/351 317/338/352 311/332/346 
f 316/337/351 311/332/346 310/331/345 
f 318/339/353 316/337/351 310/331/345 
f 318/339/353 310/331/345 314/335/349 
f 319/340/354 320/341/355 315/336/356 
f 319/340/354 315/336/356 313/334/357 
f 321/342/358 319/340/354 313/334/357 
f 321/342/358 313/334/357 312/333/359 
f 322/343/360 323/344/361 295/316/362 
f 322/343/360 295/316/362 294/315/363 
f 324/345/364 322/343/360 294/315/363 
f 324/345/364 294/315/363 297/318/365 
f 325/346/366 326/347/367 323/344/361 
f 325/346/366 323/344/361 322/343/360 
f 327/348/368 325/346/366 322/343/360 
f 327/348/368 322/343/360 324/345/364 
f 328/349/369 329/350/370 298/319/333 
f 328/349/369 298/319/333 302/323/337 
f 329/350/370 330/351/371 299/320/334 
f 329/350/370 299/320/334 298/319/333 
f 331/352/372 332/353/373 329/350/370 
f 331/352/372 329/350/370 328/349/369 
f 332/353/373 333/354/374 330/351/371 
f 332/353/373 330/351/371 329/350/370 
f 296/317/331 293/314/328 332/353/373 
f 296/317/331 332/353/373 331/352/372 
f 293/314/328 292/313/327 333/354/374 
f 293/314/328 333/354/374 332/353/373 
f 334/355/375 335/356/376 325/346/366 
f 334/355/375 325/346/366 327/348/368 
f 335/356/376 336/357/377 326/347/367 
f 335/356/376 326/347/367 325/346/366 
f 320/341/355 319/340/354 335/356/376 
f 320/341/355 335/356/376 334/355/375 
f 319/340/354 321/342/358 336/357/377 
f 319/340/354 336/357/377 335/356/376 
f 337/358/378 338/359/379 316/337/351 
f 337/358/378 316/337/351 318/339/353 
f 338/359/379 339/360/380 317/338/352 
f 338/359/379 317/338/352 316/337/351 
f 305/326/340 304/325/339 338/359/379 
f 305/326/340 338/359/379 337/358/378 
f 304/325/339 308/329/343 339/360/380 
f 304/325/339 339/360/380 338/359/379 
f 340/361/381 341/362/382 342/363/383 
f 340/361/381 342/363/383 343/364/384 
f 344/365/385 345/366/386 341/362/382 
f 344/365/385 341/362/382 340/361/381 
f 346/367/387 347/368/388 348/369/389 
f 346/367/387 348/369/389 349/370/390 
f 350/371/391 351/372/392 347/368/388 
f 350/371/391 347/368/388 346/367/387 
f 352/373/393 353/374/394 354/375/395 
f 352/373/393 354/375/395 355/376/396 
f 355/376/396 354/375/395 356/377/397 
f 355/376/396 356/377/397 357/378/398 
f 358/379/399 359/380/400 360/381/401 
f 358/379/399 360/381/401 361/382/402 
f 362/383/403 359/380/400 358/379/399 
f 362/383/403 358/379/399 363/384/404 
f 364/385/405 365/386/406 356/377/397 
f 364/385/405 356/377/397 354/375/395 
f 366/387/407 364/385/405 354/375/395 
f 366/387/407 354/375/395 353/374/394 
f 367/388/408 368/389/409 369/390/410 
f 367/388/408 369/390/410 370/391/411 
f 371/392/412 367/388/408 370/391/411 
f 371/392/412 370/391/411 372/393/413 
f 359/380/414 362/383/415 348/369/389 
f 359/380/414 348/369/389 347/368/388 
f 360/381/416 359/380/414 347/368/388 
f 360/381/416 347/368/388 351/372/392 
f 373/394/417 374/395/418 375/396/419 
f 373/394/417 375/396/419 376/397/420 
f 377/398/421 373/394/417 376/397/420 
f 377/398/421 376/397/420 378/399/422 
f 367/388/423 371/392/424 342/363/383 
f 367/388/423 342/363/383 341/362/382 
f 368/389/425 367/388/423 341/362/382 
f 368/389/425 341/362/382 345/366/386 
f 379/400/426 352/373/393 355/376/396 
f 379/400/426 355/376/396 380/401/427 
f 380/401/427 355/376/396 357/378/398 
f 380/401/427 357/378/398 381/402/428 
f 361/382/402 379/400/426 380/401/427 
f 361/382/402 380/401/427 358/379/399 
f 358/379/399 380/401/427 381/402/428 
f 358/379/399 381/402/428 363/384/404 
f 382/403/429 350/371/391 346/367/387 
f 382/403/429 346/367/387 383/404/430 
f 383/404/430 346/367/387 349/370/390 
f 383/404/430 349/370/390 384/405/431 
f 369/390/410 382/403/429 383/404/430 
f 369/390/410 383/404/430 370/391/411 
f 370/391/411 383/404/430 384/405/431 
f 370/391/411 384/405/431 372/393/413 
f 385/406/432 344/365/385 340/361/381 
f 385/406/432 340/361/381 386/407/433 
f 386/407/433 340/361/381 343/364/384 
f 386/407/433 343/364/384 387/408/434 
f 375/396/419 385/406/432 386/407/433 
f 375/396/419 386/407/433 376/397/420 
f 376/397/420 386/407/433 387/408/434 
f 376/397/420 387/408/434 378/399/422 
f 388/409/435 389/410/436 390/411/437 
f 388/409/435 390/411/437 391/412/438 
f 392/413/439 393/414/440 394/415/441 
f 392/413/439 394/415/441 395/416/442 
f 396/417/443 397/418/444 392/413/439 
f 396/417/443 392/413/439 395/416/442 
f 398/419/445 399/420/446 400/421/447 
f 398/419/445 400/421/447 401/422/448 
f 402/423/449 403/424/450 404/425/451 
f 402/423/449 404/425/451 405/426/452 
f 405/426/452 404/425/451 406/427/453 
f 405/426/452 406/427/453 407/428/454 
f 408/429/455 409/430/456 410/431/457 
f 408/429/455 410/431/457 411/432/458 
f 412/433/459 413/434/460 414/435/461 
f 412/433/459 414/435/461 415/436/462 
f 416/437/463 417/438/464 413/434/460 
f 416/437/463 413/434/460 412/433/459 
f 418/439/465 419/440/466 393/414/440 
f 418/439/465 393/414/440 392/413/439 
f 392/413/439 397/418/444 420/441/467 
f 392/413/439 420/441/467 418/439/465 
f 421/442/468 422/443/469 423/444/470 
f 421/442/468 423/444/470 424/445/471 
f 425/446/472 426/447/473 421/442/468 
f 425/446/472 421/442/468 424/445/471 
f 389/410/436 388/409/435 423/444/470 
f 389/410/436 423/444/470 422/443/469 
f 427/448/474 428/449/475 429/450/476 
f 427/448/474 429/450/476 430/451/477 
f 431/452/478 432/453/479 433/454/480 
f 431/452/478 433/454/480 434/455/481 
f 435/456/482 436/457/483 437/458/484 
f 435/456/482 437/458/484 438/459/485 
f 439/460/486 440/461/487 441/462/488 
f 439/460/486 441/462/488 442/463/489 
f 443/464/490 444/465/491 445/466/492 
f 443/464/490 445/466/492 446/467/493 
f 447/468/494 448/469/495 449/470/496 
f 447/468/494 449/470/496 450/471/497 
f 451/472/498 452/473/499 453/474/500 
f 451/472/498 453/474/500 454/475/501 
f 455/476/502 447/468/494 450/471/497 
f 455/476/502 450/471/497 456/477/503 
f 457/478/504 458/479/505 456/477/503 
f 457/478/504 456/477/503 450/471/497 
f 459/480/506 453/474/500 452/473/499 
f 459/480/506 452/473/499 460/481/507 
f 461/482/508 455/476/502 456/477/503 
f 461/482/508 456/477/503 446/467/493 
f 443/464/490 446/467/493 456/477/503 
f 443/464/490 456/477/503 458/479/505 
f 460/481/507 462/483/509 463/484/510 
f 460/481/507 463/484/510 459/480/506 
f 464/485/511 465/486/512 391/412/438 
f 464/485/511 391/412/438 390/411/437 
f 466/487/513 467/488/514 468/489/515 
f 466/487/513 468/489/515 469/490/516 
f 470/491/517 471/492/518 472/493/519 
f 470/491/517 472/493/519 473/494/520 
f 398/419/445 401/422/448 468/489/515 
f 398/419/445 468/489/515 467/488/514 
f 474/495/521 475/496/522 476/497/523 
f 474/495/521 476/497/523 441/462/488 
f 477/498/524 478/499/525 479/500/526 
f 477/498/524 479/500/526 480/501/527 
f 464/485/511 390/411/437 481/502/528 
f 464/485/511 481/502/528 482/503/529 
f 389/410/436 461/482/508 481/502/528 
f 389/410/436 481/502/528 390/411/437 
f 422/443/469 455/476/502 461/482/508 
f 422/443/469 461/482/508 389/410/436 
f 436/457/483 434/455/481 433/454/480 
f 436/457/483 433/454/480 437/458/484 
f 440/461/487 439/460/486 399/420/446 
f 440/461/487 399/420/446 398/419/445 
f 467/488/514 483/504/530 440/461/487 
f 467/488/514 440/461/487 398/419/445 
f 431/452/478 430/451/477 429/450/476 
f 431/452/478 429/450/476 432/453/479 
f 401/422/448 400/421/447 402/423/449 
f 401/422/448 402/423/449 405/426/452 
f 484/505/531 468/489/515 401/422/448 
f 484/505/531 401/422/448 405/426/452 
f 485/506/532 469/490/516 468/489/515 
f 485/506/532 468/489/515 484/505/531 
f 486/507/533 391/412/438 465/486/512 
f 486/507/533 465/486/512 487/508/534 
f 488/509/535 388/409/435 391/412/438 
f 488/509/535 391/412/438 486/507/533 
f 419/440/466 423/444/470 388/409/435 
f 419/440/466 388/409/435 488/509/535 
f 424/445/471 423/444/470 419/440/466 
f 424/445/471 419/440/466 418/439/465 
f 420/441/467 425/446/472 424/445/471 
f 420/441/467 424/445/471 418/439/465 
f 447/468/494 455/476/502 422/443/469 
f 447/468/494 422/443/469 421/442/468 
f 448/469/495 447/468/494 421/442/468 
f 448/469/495 421/442/468 426/447/473 
f 467/488/514 466/487/513 489/510/536 
f 467/488/514 489/510/536 483/504/530 
f 442/463/489 490/511/537 491/512/538 
f 442/463/489 491/512/538 438/459/485 
f 437/458/484 439/460/486 442/463/489 
f 437/458/484 442/463/489 438/459/485 
f 439/460/486 437/458/484 433/454/480 
f 439/460/486 433/454/480 399/420/446 
f 400/421/447 399/420/446 433/454/480 
f 400/421/447 433/454/480 432/453/479 
f 400/421/447 432/453/479 429/450/476 
f 400/421/447 429/450/476 402/423/449 
f 429/450/476 428/449/475 403/424/450 
f 429/450/476 403/424/450 402/423/449 
f 490/511/537 442/463/489 441/462/488 
f 490/511/537 441/462/488 476/497/523 
f 492/513/539 435/456/482 438/459/485 
f 492/513/539 438/459/485 491/512/538 
f 490/511/537 476/497/523 479/500/526 
f 490/511/537 479/500/526 493/514/540 
f 393/414/440 494/515/541 495/516/542 
f 393/414/440 495/516/542 394/415/441 
f 465/486/512 469/490/516 485/506/532 
f 465/486/512 485/506/532 487/508/534 
f 466/487/513 469/490/516 465/486/512 
f 466/487/513 465/486/512 464/485/511 
f 466/487/513 464/485/511 482/503/529 
f 466/487/513 482/503/529 489/510/536 
f 496/517/543 470/491/517 473/494/520 
f 496/517/543 473/494/520 497/518/544 
f 408/429/455 411/432/458 415/436/462 
f 408/429/455 415/436/462 414/435/461 
f 498/519/545 499/520/546 500/521/547 
f 501/522/548 502/523/549 503/524/550 
f 504/525/551 505/526/552 506/527/553 
f 504/525/551 506/527/553 507/528/554 
f 504/525/551 507/528/554 508/529/555 
f 504/525/551 508/529/555 509/530/556 
f 510/531/557 504/525/551 509/530/556 
f 510/531/557 509/530/556 511/532/558 
f 412/433/459 501/522/548 503/524/550 
f 412/433/459 503/524/550 416/437/463 
f 501/522/548 412/433/459 415/436/462 
f 501/522/548 415/436/462 512/533/559 
f 411/432/458 513/534/560 512/533/559 
f 411/432/458 512/533/559 415/436/462 
f 513/534/560 411/432/458 410/431/457 
f 513/534/560 410/431/457 514/535/561 
f 515/536/562 514/535/561 410/431/457 
f 515/536/562 410/431/457 516/537/563 
f 517/538/564 498/519/545 500/521/547 
f 517/538/564 500/521/547 518/539/565 
f 428/449/475 427/448/474 519/540/566 
f 428/449/475 519/540/566 520/541/567 
f 403/424/450 428/449/475 520/541/567 
f 403/424/450 520/541/567 521/542/568 
f 404/425/451 403/424/450 521/542/568 
f 404/425/451 521/542/568 522/543/569 
f 406/427/453 404/425/451 522/543/569 
f 406/427/453 522/543/569 523/544/570 
f 498/519/545 517/538/564 524/545/571 
f 498/519/545 524/545/571 525/546/572 
f 495/516/542 494/515/541 509/530/556 
f 495/516/542 509/530/556 508/529/555 
f 511/532/558 526/547/573 527/548/574 
f 511/532/558 527/548/574 528/549/575 
f 527/548/574 526/547/573 419/440/466 
f 419/440/466 488/509/535 413/434/460 
f 419/440/466 413/434/460 417/438/464 
f 413/434/460 488/509/535 486/507/533 
f 413/434/460 486/507/533 414/435/461 
f 487/508/534 408/429/455 414/435/461 
f 487/508/534 414/435/461 486/507/533 
f 487/508/534 485/506/532 409/430/456 
f 487/508/534 409/430/456 408/429/455 
f 517/538/564 406/427/453 523/544/570 
f 517/538/564 523/544/570 524/545/571 
f 407/428/454 406/427/453 517/538/564 
f 407/428/454 517/538/564 518/539/565 
f 516/537/563 529/550/576 530/551/577 
f 516/537/563 530/551/577 531/552/578 
f 530/551/577 529/550/576 484/505/531 
f 530/551/577 484/505/531 405/426/452 
f 532/553/579 533/554/580 534/555/581 
f 532/553/579 534/555/581 535/556/582 
f 532/553/579 536/557/583 537/558/584 
f 532/553/579 537/558/584 533/554/580 
f 536/557/583 538/559/585 539/560/586 
f 536/557/583 539/560/586 537/558/584 
f 502/523/549 540/561/587 541/562/588 
f 502/523/549 541/562/588 503/524/550 
f 540/561/587 505/526/552 510/531/557 
f 540/561/587 510/531/557 541/562/588 
f 541/562/588 510/531/557 511/532/558 
f 541/562/588 511/532/558 528/549/575 
f 516/537/563 531/552/578 542/563/589 
f 516/537/563 542/563/589 515/536/562 
f 499/520/546 543/564/590 542/563/589 
f 499/520/546 542/563/589 500/521/547 
f 543/564/590 544/565/591 515/536/562 
f 543/564/590 515/536/562 542/563/589 
f 511/532/558 509/530/556 494/515/541 
f 511/532/558 494/515/541 526/547/573 
f 503/524/550 541/562/588 528/549/575 
f 503/524/550 528/549/575 416/437/463 
f 527/548/574 417/438/464 416/437/463 
f 527/548/574 416/437/463 528/549/575 
f 419/440/466 526/547/573 494/515/541 
f 419/440/466 494/515/541 393/414/440 
f 419/440/466 417/438/464 527/548/574 
f 531/552/578 518/539/565 500/521/547 
f 531/552/578 500/521/547 542/563/589 
f 407/428/454 518/539/565 531/552/578 
f 407/428/454 531/552/578 530/551/577 
f 516/537/563 410/431/457 409/430/456 
f 516/537/563 409/430/456 529/550/576 
f 484/505/531 529/550/576 409/430/456 
f 484/505/531 409/430/456 485/506/532 
f 405/426/452 407/428/454 530/551/577 
f 545/566/592 546/567/593 547/568/594 
f 548/569/595 549/570/596 550/571/597 
f 551/572/598 552/573/599 553/574/600 
f 551/572/598 553/574/600 554/575/601 
f 555/576/602 556/577/603 557/578/604 
f 555/576/602 557/578/604 558/579/605 
f 559/580/606 558/579/605 560/581/607 
f 559/580/606 560/581/607 561/582/608 
f 548/569/595 562/583/609 563/584/610 
f 548/569/595 563/584/610 549/570/596 
f 564/585/611 461/482/508 446/467/493 
f 564/585/611 446/467/493 445/466/492 
f 558/579/605 557/578/604 560/581/607 
f 457/478/504 450/471/497 449/470/496 
f 457/478/504 449/470/496 565/586/612 
f 496/517/543 566/587/613 567/588/614 
f 496/517/543 567/588/614 470/491/517 
f 566/587/613 496/517/543 568/589/615 
f 566/587/613 568/589/615 569/590/616 
f 470/491/517 567/588/614 570/591/617 
f 470/491/517 570/591/617 471/492/518 
f 571/592/618 551/572/598 554/575/601 
f 571/592/618 554/575/601 572/593/619 
f 560/581/607 573/594/620 574/595/621 
f 560/581/607 574/595/621 561/582/608 
f 533/554/580 545/566/592 547/568/594 
f 533/554/580 547/568/594 534/555/581 
f 545/566/592 533/554/580 537/558/584 
f 545/566/592 537/558/584 575/596/622 
f 575/596/622 537/558/584 539/560/586 
f 575/596/622 539/560/586 576/597/623 
f 539/560/586 577/598/624 578/599/625 
f 539/560/586 578/599/625 576/597/623 
f 563/584/610 579/600/626 580/601/627 
f 563/584/610 580/601/627 549/570/596 
f 581/602/628 582/603/629 557/578/604 
f 581/602/628 557/578/604 556/577/603 
f 549/570/596 580/601/627 583/604/630 
f 549/570/596 583/604/630 550/571/597 
f 573/594/620 560/581/607 557/578/604 
f 573/594/620 557/578/604 582/603/629 
f 584/605/631 585/606/632 586/607/633 
f 584/605/631 586/607/633 587/608/634 
f 585/606/632 588/609/635 536/557/583 
f 585/606/632 536/557/583 532/553/579 
f 588/609/635 480/501/527 538/559/585 
f 588/609/635 538/559/585 536/557/583 
f 589/610/636 440/461/487 483/504/530 
f 589/610/636 483/504/530 472/493/519 
f 473/494/520 472/493/519 483/504/530 
f 473/494/520 483/504/530 489/510/536 
f 497/518/544 473/494/520 489/510/536 
f 497/518/544 489/510/536 482/503/529 
f 573/594/620 582/603/629 475/496/522 
f 573/594/620 475/496/522 474/495/521 
f 581/602/628 590/611/637 475/496/522 
f 581/602/628 475/496/522 582/603/629 
f 539/560/586 538/559/585 591/612/638 
f 539/560/586 591/612/638 577/598/624 
f 592/613/639 593/614/640 440/461/487 
f 589/610/636 472/493/519 471/492/518 
f 589/610/636 471/492/518 571/592/618 
f 583/604/630 580/601/627 445/466/492 
f 583/604/630 445/466/492 444/465/491 
f 579/600/626 564/585/611 445/466/492 
f 579/600/626 445/466/492 580/601/627 
f 568/589/615 594/615/641 595/616/642 
f 568/589/615 595/616/642 596/617/643 
f 561/582/608 554/575/601 553/574/600 
f 561/582/608 553/574/600 559/580/606 
f 574/595/621 572/593/619 554/575/601 
f 574/595/621 554/575/601 561/582/608 
f 592/613/639 572/593/619 574/595/621 
f 592/613/639 574/595/621 593/614/640 
f 574/595/621 573/594/620 474/495/521 
f 574/595/621 474/495/521 593/614/640 
f 441/462/488 440/461/487 593/614/640 
f 441/462/488 593/614/640 474/495/521 
f 571/592/618 572/593/619 592/613/639 
f 571/592/618 592/613/639 589/610/636 
f 571/592/618 471/492/518 570/591/617 
f 571/592/618 570/591/617 551/572/598 
f 552/573/599 551/572/598 570/591/617 
f 440/461/487 589/610/636 592/613/639 
f 597/618/644 578/599/625 598/619/645 
f 597/618/644 598/619/645 599/620/646 
f 556/577/603 555/576/602 599/620/646 
f 556/577/603 599/620/646 598/619/645 
f 577/598/624 600/621/647 598/619/645 
f 577/598/624 598/619/645 578/599/625 
f 601/622/648 600/621/647 577/598/624 
f 601/622/648 577/598/624 591/612/638 
f 600/621/647 601/622/648 590/611/637 
f 600/621/647 590/611/637 581/602/628 
f 598/619/645 600/621/647 581/602/628 
f 598/619/645 581/602/628 556/577/603 
f 602/623/649 569/590/616 603/624/650 
f 602/623/649 603/624/650 604/625/651 
f 563/584/610 562/583/609 604/625/651 
f 563/584/610 604/625/651 603/624/650 
f 596/617/643 579/600/626 563/584/610 
f 596/617/643 563/584/610 603/624/650 
f 596/617/643 603/624/650 569/590/616 
f 596/617/643 569/590/616 568/589/615 
f 595/616/642 564/585/611 579/600/626 
f 595/616/642 579/600/626 596/617/643 
f 461/482/508 564/585/611 595/616/642 
f 496/517/543 497/518/544 594/615/641 
f 496/517/543 594/615/641 568/589/615 
f 497/518/544 482/503/529 481/502/528 
f 497/518/544 481/502/528 594/615/641 
f 461/482/508 595/616/642 594/615/641 
f 461/482/508 594/615/641 481/502/528 
f 547/568/594 546/567/593 605/626/652 
f 547/568/594 605/626/652 606/627/653 
f 547/568/594 606/627/653 607/628/654 
f 547/568/594 607/628/654 534/555/581 
f 608/629/655 535/556/582 534/555/581 
f 608/629/655 534/555/581 607/628/654 
f 550/571/597 609/630/656 610/631/657 
f 550/571/597 610/631/657 548/569/595 
f 609/630/656 550/571/597 583/604/630 
f 609/630/656 583/604/630 611/632/658 
f 611/632/658 583/604/630 444/465/491 
f 611/632/658 444/465/491 612/633/659 
f 609/630/656 606/627/653 605/626/652 
f 609/630/656 605/626/652 610/631/657 
f 611/632/658 607/628/654 606/627/653 
f 611/632/658 606/627/653 609/630/656 
f 612/633/659 608/629/655 607/628/654 
f 612/633/659 607/628/654 611/632/658 
f 462/483/509 587/608/634 586/607/633 
f 462/483/509 586/607/633 463/484/510 
f 613/634/660 614/635/661 615/636/662 
f 613/634/660 615/636/662 616/637/663 
f 617/638/664 613/634/660 616/637/663 
f 617/638/664 616/637/663 618/639/665 
f 618/639/665 619/640/666 620/641/667 
f 618/639/665 620/641/667 617/638/664 
f 426/447/473 425/446/472 620/641/667 
f 426/447/473 620/641/667 621/642/668 
f 621/642/668 622/643/669 448/469/495 
f 621/642/668 448/469/495 426/447/473 
f 448/469/495 622/643/669 623/644/670 
f 448/469/495 623/644/670 449/470/496 
f 565/586/612 449/470/496 623/644/670 
f 565/586/612 623/644/670 624/645/671 
f 451/472/498 454/475/501 625/646/672 
f 451/472/498 625/646/672 626/647/673 
f 627/648/674 628/649/675 90/91/676 
f 616/637/663 615/636/662 94/96/677 
f 616/637/663 94/96/677 93/95/678 
f 629/650/679 630/651/680 97/99/681 
f 629/650/679 97/99/681 92/94/682 
f 93/95/678 95/97/683 618/639/665 
f 93/95/678 618/639/665 616/637/663 
f 95/97/683 619/640/666 618/639/665 
f 95/97/683 96/98/684 631/652/685 
f 95/97/683 631/652/685 619/640/666 
f 96/98/684 632/653/686 631/652/685 
f 633/654/687 451/472/498 626/647/673 
f 633/654/687 626/647/673 90/91/676 
f 634/655/688 452/473/499 451/472/498 
f 634/655/688 451/472/498 633/654/687 
f 635/656/689 460/481/507 452/473/499 
f 635/656/689 452/473/499 634/655/688 
f 636/657/690 462/483/509 460/481/507 
f 636/657/690 460/481/507 635/656/689 
f 637/658/691 587/608/634 462/483/509 
f 637/658/691 462/483/509 636/657/690 
f 637/658/691 638/659/692 584/605/631 
f 637/658/691 584/605/631 587/608/634 
f 639/660/693 640/661/694 584/605/631 
f 639/660/693 584/605/631 638/659/692 
f 641/662/695 477/498/524 640/661/694 
f 641/662/695 640/661/694 639/660/693 
f 642/663/696 478/499/525 477/498/524 
f 642/663/696 477/498/524 641/662/695 
f 643/664/697 644/665/698 478/499/525 
f 643/664/697 478/499/525 642/663/696 
f 645/666/699 646/667/700 647/668/701 
f 645/666/699 647/668/701 648/669/702 
f 644/665/698 643/664/697 645/666/699 
f 644/665/698 645/666/699 648/669/702 
f 647/668/701 492/513/539 491/512/538 
f 647/668/701 491/512/538 649/670/703 
f 491/512/538 490/511/537 493/514/540 
f 491/512/538 493/514/540 649/670/703 
f 632/653/686 96/98/684 97/99/681 
f 632/653/686 97/99/681 630/651/680 
f 620/641/667 425/446/472 420/441/467 
f 620/641/667 420/441/467 617/638/664 
f 420/441/467 397/418/444 613/634/660 
f 420/441/467 613/634/660 617/638/664 
f 397/418/444 396/417/443 614/635/661 
f 397/418/444 614/635/661 613/634/660 
f 631/652/685 632/653/686 622/643/669 
f 631/652/685 622/643/669 621/642/668 
f 622/643/669 632/653/686 630/651/680 
f 622/643/669 630/651/680 623/644/670 
f 621/642/668 620/641/667 619/640/666 
f 621/642/668 619/640/666 631/652/685 
f 624/645/671 623/644/670 630/651/680 
f 624/645/671 630/651/680 629/650/679 
f 627/648/674 626/647/673 625/646/672 
f 627/648/674 625/646/672 628/649/675 
f 90/91/676 626/647/673 627/648/674 
f 459/480/506 463/484/510 443/464/490 
f 459/480/506 443/464/490 458/479/505 
f 458/479/505 457/478/504 453/474/500 
f 458/479/505 453/474/500 459/480/506 
f 454/475/501 453/474/500 457/478/504 
f 454/475/501 457/478/504 565/586/612 
f 625/646/672 454/475/501 565/586/612 
f 625/646/672 565/586/612 624/645/671 
f 628/649/675 625/646/672 624/645/671 
f 628/649/675 624/645/671 629/650/679 
f 584/605/631 640/661/694 588/609/635 
f 584/605/631 588/609/635 585/606/632 
f 640/661/694 477/498/524 480/501/527 
f 640/661/694 480/501/527 588/609/635 
f 585/606/632 532/553/579 535/556/582 
f 585/606/632 535/556/582 586/607/633 
f 493/514/540 479/500/526 478/499/525 
f 493/514/540 478/499/525 644/665/698 
f 649/670/703 493/514/540 644/665/698 
f 649/670/703 644/665/698 648/669/702 
f 647/668/701 649/670/703 648/669/702 
f 590/611/637 479/500/526 476/497/523 
f 590/611/637 476/497/523 475/496/522 
f 480/501/527 479/500/526 591/612/638 
f 480/501/527 591/612/638 538/559/585 
f 591/612/638 479/500/526 601/622/648 
f 601/622/648 479/500/526 590/611/637 
f 586/607/633 535/556/582 608/629/655 
f 586/607/633 608/629/655 612/633/659 
f 586/607/633 612/633/659 463/484/510 
f 444/465/491 443/464/490 463/484/510 
f 444/465/491 463/484/510 612/633/659 
f 92/94/682 90/91/676 628/649/675 
f 92/94/682 628/649/675 629/650/679 
f 544/565/591 514/535/561 515/536/562 
f 650/671/704 513/534/560 514/535/561 
f 650/671/704 514/535/561 544/565/591 
f 650/671/704 512/533/559 513/534/560 
f 650/671/704 502/523/549 501/522/548 
f 650/671/704 501/522/548 512/533/559 
f 504/525/551 510/531/557 505/526/552 
f 651/672/705 499/520/546 498/519/545 
f 651/672/705 498/519/545 525/546/572 
f 602/623/649 566/587/613 569/590/616 
f 552/573/599 570/591/617 567/588/614 
f 552/573/599 567/588/614 566/587/613 
f 552/573/599 566/587/613 602/623/649 
f 597/618/644 546/567/593 545/566/592 
f 597/618/644 545/566/592 575/596/622 
f 597/618/644 576/597/623 578/599/625 
f 597/618/644 575/596/622 576/597/623 
f 652/673/706 653/674/707 654/675/708 
f 652/673/706 654/675/708 655/676/709 
f 656/677/710 395/416/442 394/415/441 
f 656/677/710 394/415/441 657/678/711 
f 396/417/443 395/416/442 656/677/710 
f 396/417/443 656/677/710 658/679/712 
f 659/680/713 660/681/714 661/682/715 
f 659/680/713 661/682/715 662/683/716 
f 663/684/717 664/685/718 665/686/719 
f 663/684/717 665/686/719 666/687/720 
f 664/685/718 667/688/721 668/689/722 
f 664/685/718 668/689/722 665/686/719 
f 669/690/723 670/691/724 671/692/725 
f 669/690/723 671/692/725 672/693/726 
f 673/694/727 674/695/728 675/696/729 
f 673/694/727 675/696/729 676/697/730 
f 677/698/731 673/694/727 676/697/730 
f 677/698/731 676/697/730 678/699/732 
f 679/700/733 656/677/710 657/678/711 
f 679/700/733 657/678/711 680/701/734 
f 656/677/710 679/700/733 681/702/735 
f 656/677/710 681/702/735 658/679/712 
f 682/703/736 683/704/737 684/705/738 
f 682/703/736 684/705/738 685/706/739 
f 686/707/740 683/704/737 682/703/736 
f 686/707/740 682/703/736 687/708/741 
f 655/676/709 685/706/739 684/705/738 
f 655/676/709 684/705/738 652/673/706 
f 688/709/742 689/710/743 690/711/744 
f 688/709/742 690/711/744 691/712/745 
f 692/713/746 693/714/747 694/715/748 
f 692/713/746 694/715/748 695/716/749 
f 696/717/750 697/718/751 698/719/752 
f 696/717/750 698/719/752 699/720/753 
f 700/721/754 701/722/755 702/723/756 
f 700/721/754 702/723/756 703/724/757 
f 704/725/758 705/726/759 706/727/760 
f 704/725/758 706/727/760 707/728/761 
f 708/729/762 709/730/763 710/731/764 
f 708/729/762 710/731/764 711/732/765 
f 712/733/766 713/734/767 714/735/768 
f 712/733/766 714/735/768 715/736/769 
f 716/737/770 717/738/771 709/730/763 
f 716/737/770 709/730/763 708/729/762 
f 718/739/772 709/730/763 717/738/771 
f 718/739/772 717/738/771 719/740/773 
f 720/741/774 721/742/775 715/736/769 
f 720/741/774 715/736/769 714/735/768 
f 722/743/776 705/726/759 717/738/771 
f 722/743/776 717/738/771 716/737/770 
f 704/725/758 719/740/773 717/738/771 
f 704/725/758 717/738/771 705/726/759 
f 721/742/775 720/741/774 723/744/777 
f 721/742/775 723/744/777 724/745/778 
f 725/746/779 654/675/708 653/674/707 
f 725/746/779 653/674/707 726/747/780 
f 727/748/781 728/749/782 729/750/783 
f 727/748/781 729/750/783 730/751/784 
f 731/752/785 732/753/786 733/754/787 
f 731/752/785 733/754/787 734/755/788 
f 659/680/713 730/751/784 729/750/783 
f 659/680/713 729/750/783 660/681/714 
f 735/756/789 702/723/756 736/757/790 
f 735/756/789 736/757/790 737/758/791 
f 738/759/792 739/760/793 740/761/794 
f 738/759/792 740/761/794 741/762/795 
f 725/746/779 742/763/796 743/764/797 
f 725/746/779 743/764/797 654/675/708 
f 722/743/776 655/676/709 654/675/708 
f 722/743/776 654/675/708 743/764/797 
f 716/737/770 685/706/739 655/676/709 
f 716/737/770 655/676/709 722/743/776 
f 693/714/747 699/720/753 698/719/752 
f 693/714/747 698/719/752 694/715/748 
f 659/680/713 662/683/716 700/721/754 
f 659/680/713 700/721/754 703/724/757 
f 744/765/798 730/751/784 659/680/713 
f 744/765/798 659/680/713 703/724/757 
f 689/710/743 692/713/746 695/716/749 
f 689/710/743 695/716/749 690/711/744 
f 664/685/718 663/684/717 661/682/715 
f 664/685/718 661/682/715 660/681/714 
f 729/750/783 745/766/799 664/685/718 
f 729/750/783 664/685/718 660/681/714 
f 746/767/800 745/766/799 729/750/783 
f 746/767/800 729/750/783 728/749/782 
f 653/674/707 747/768/801 748/769/802 
f 653/674/707 748/769/802 726/747/780 
f 652/673/706 749/770/803 747/768/801 
f 652/673/706 747/768/801 653/674/707 
f 684/705/738 680/701/734 749/770/803 
f 684/705/738 749/770/803 652/673/706 
f 679/700/733 680/701/734 684/705/738 
f 679/700/733 684/705/738 683/704/737 
f 681/702/735 679/700/733 683/704/737 
f 681/702/735 683/704/737 686/707/740 
f 682/703/736 685/706/739 716/737/770 
f 682/703/736 716/737/770 708/729/762 
f 687/708/741 682/703/736 708/729/762 
f 687/708/741 708/729/762 711/732/765 
f 744/765/798 750/771/804 727/748/781 
f 744/765/798 727/748/781 730/751/784 
f 701/722/755 697/718/751 751/772/805 
f 701/722/755 751/772/805 752/773/806 
f 698/719/752 697/718/751 701/722/755 
f 698/719/752 701/722/755 700/721/754 
f 700/721/754 662/683/716 694/715/748 
f 700/721/754 694/715/748 698/719/752 
f 661/682/715 695/716/749 694/715/748 
f 661/682/715 694/715/748 662/683/716 
f 661/682/715 663/684/717 690/711/744 
f 661/682/715 690/711/744 695/716/749 
f 690/711/744 663/684/717 666/687/720 
f 690/711/744 666/687/720 691/712/745 
f 752/773/806 736/757/790 702/723/756 
f 752/773/806 702/723/756 701/722/755 
f 753/774/807 751/772/805 697/718/751 
f 753/774/807 697/718/751 696/717/750 
f 752/773/806 754/775/808 740/761/794 
f 752/773/806 740/761/794 736/757/790 
f 657/678/711 394/415/441 495/516/542 
f 657/678/711 495/516/542 755/776/809 
f 748/769/802 746/767/800 728/749/782 
f 748/769/802 728/749/782 726/747/780 
f 727/748/781 725/746/779 726/747/780 
f 727/748/781 726/747/780 728/749/782 
f 727/748/781 750/771/804 742/763/796 
f 727/748/781 742/763/796 725/746/779 
f 756/777/810 757/778/811 732/753/786 
f 756/777/810 732/753/786 731/752/785 
f 669/690/723 675/696/729 674/695/728 
f 669/690/723 674/695/728 670/691/724 
f 758/779/812 759/780/813 760/781/814 
f 761/782/815 762/783/816 763/784/817 
f 764/785/818 507/528/554 506/527/553 
f 764/785/818 506/527/553 765/786/819 
f 764/785/818 766/787/820 508/529/555 
f 764/785/818 508/529/555 507/528/554 
f 767/788/821 768/789/822 766/787/820 
f 767/788/821 766/787/820 764/785/818 
f 673/694/727 677/698/731 762/783/816 
f 673/694/727 762/783/816 761/782/815 
f 761/782/815 769/790/823 674/695/728 
f 761/782/815 674/695/728 673/694/727 
f 670/691/724 674/695/728 769/790/823 
f 670/691/724 769/790/823 770/791/824 
f 770/791/824 771/792/825 671/692/725 
f 770/791/824 671/692/725 670/691/724 
f 772/793/826 773/794/827 671/692/725 
f 772/793/826 671/692/725 771/792/825 
f 774/795/828 775/796/829 759/780/813 
f 774/795/828 759/780/813 758/779/812 
f 691/712/745 520/541/567 519/540/566 
f 691/712/745 519/540/566 688/709/742 
f 666/687/720 521/542/568 520/541/567 
f 666/687/720 520/541/567 691/712/745 
f 665/686/719 522/543/569 521/542/568 
f 665/686/719 521/542/568 666/687/720 
f 668/689/722 523/544/570 522/543/569 
f 668/689/722 522/543/569 665/686/719 
f 758/779/812 525/546/572 524/545/571 
f 758/779/812 524/545/571 774/795/828 
f 495/516/542 508/529/555 766/787/820 
f 495/516/542 766/787/820 755/776/809 
f 768/789/822 776/797/830 777/798/831 
f 768/789/822 777/798/831 778/799/832 
f 777/798/831 680/701/734 778/799/832 
f 680/701/734 678/699/732 676/697/730 
f 680/701/734 676/697/730 749/770/803 
f 676/697/730 675/696/729 747/768/801 
f 676/697/730 747/768/801 749/770/803 
f 748/769/802 747/768/801 675/696/729 
f 748/769/802 675/696/729 669/690/723 
f 748/769/802 669/690/723 672/693/726 
f 748/769/802 672/693/726 746/767/800 
f 774/795/828 524/545/571 523/544/570 
f 774/795/828 523/544/570 668/689/722 
f 667/688/721 775/796/829 774/795/828 
f 667/688/721 774/795/828 668/689/722 
f 773/794/827 779/800/833 780/801/834 
f 773/794/827 780/801/834 781/802/835 
f 780/801/834 664/685/718 745/766/799 
f 780/801/834 745/766/799 781/802/835 
f 782/803/836 783/804/837 784/805/838 
f 782/803/836 784/805/838 785/806/839 
f 782/803/836 785/806/839 786/807/840 
f 782/803/836 786/807/840 787/808/841 
f 787/808/841 786/807/840 788/809/842 
f 787/808/841 788/809/842 789/810/843 
f 763/784/817 762/783/816 790/811/844 
f 763/784/817 790/811/844 791/812/845 
f 791/812/845 790/811/844 767/788/821 
f 791/812/845 767/788/821 765/786/819 
f 790/811/844 776/797/830 768/789/822 
f 790/811/844 768/789/822 767/788/821 
f 773/794/827 772/793/826 792/813/846 
f 773/794/827 792/813/846 779/800/833 
f 760/781/814 759/780/813 792/813/846 
f 760/781/814 792/813/846 793/814/847 
f 793/814/847 792/813/846 772/793/826 
f 793/814/847 772/793/826 794/815/848 
f 768/789/822 778/799/832 755/776/809 
f 768/789/822 755/776/809 766/787/820 
f 762/783/816 677/698/731 776/797/830 
f 762/783/816 776/797/830 790/811/844 
f 777/798/831 776/797/830 677/698/731 
f 777/798/831 677/698/731 678/699/732 
f 680/701/734 657/678/711 755/776/809 
f 680/701/734 755/776/809 778/799/832 
f 680/701/734 777/798/831 678/699/732 
f 779/800/833 792/813/846 759/780/813 
f 779/800/833 759/780/813 775/796/829 
f 667/688/721 780/801/834 779/800/833 
f 667/688/721 779/800/833 775/796/829 
f 773/794/827 781/802/835 672/693/726 
f 773/794/827 672/693/726 671/692/725 
f 745/766/799 746/767/800 672/693/726 
f 745/766/799 672/693/726 781/802/835 
f 664/685/718 780/801/834 667/688/721 
f 795/816/849 796/817/850 797/818/851 
f 798/819/852 799/820/853 800/821/854 
f 801/822/855 802/823/856 803/824/857 
f 801/822/855 803/824/857 804/825/858 
f 805/826/859 806/827/860 807/828/861 
f 805/826/859 807/828/861 808/829/862 
f 809/830/863 810/831/864 811/832/865 
f 809/830/863 811/832/865 806/827/860 
f 798/819/852 800/821/854 812/833/866 
f 798/819/852 812/833/866 813/834/867 
f 814/835/868 706/727/760 705/726/759 
f 814/835/868 705/726/759 722/743/776 
f 806/827/860 811/832/865 807/828/861 
f 718/739/772 815/836/869 710/731/764 
f 718/739/772 710/731/764 709/730/763 
f 756/777/810 731/752/785 816/837/870 
f 756/777/810 816/837/870 817/838/871 
f 817/838/871 818/839/872 819/840/873 
f 817/838/871 819/840/873 756/777/810 
f 731/752/785 734/755/788 820/841/874 
f 731/752/785 820/841/874 816/837/870 
f 821/842/875 822/843/876 802/823/856 
f 821/842/875 802/823/856 801/822/855 
f 811/832/865 810/831/864 823/844/877 
f 811/832/865 823/844/877 824/845/878 
f 785/806/839 784/805/838 796/817/850 
f 785/806/839 796/817/850 795/816/849 
f 795/816/849 825/846/879 786/807/840 
f 795/816/849 786/807/840 785/806/839 
f 825/846/879 826/847/880 788/809/842 
f 825/846/879 788/809/842 786/807/840 
f 788/809/842 826/847/880 827/848/881 
f 788/809/842 827/848/881 828/849/882 
f 812/833/866 800/821/854 829/850/883 
f 812/833/866 829/850/883 830/851/884 
f 831/852/885 808/829/862 807/828/861 
f 831/852/885 807/828/861 832/853/886 
f 800/821/854 799/820/853 833/854/887 
f 800/821/854 833/854/887 829/850/883 
f 824/845/878 832/853/886 807/828/861 
f 824/845/878 807/828/861 811/832/865 
f 834/855/888 835/856/889 836/857/890 
f 834/855/888 836/857/890 837/858/891 
f 837/858/891 782/803/836 787/808/841 
f 837/858/891 787/808/841 838/859/892 
f 838/859/892 787/808/841 789/810/843 
f 838/859/892 789/810/843 739/760/793 
f 839/860/893 733/754/787 744/765/798 
f 839/860/893 744/765/798 703/724/757 
f 732/753/786 750/771/804 744/765/798 
f 732/753/786 744/765/798 733/754/787 
f 757/778/811 742/763/796 750/771/804 
f 757/778/811 750/771/804 732/753/786 
f 824/845/878 735/756/789 737/758/791 
f 824/845/878 737/758/791 832/853/886 
f 831/852/885 832/853/886 737/758/791 
f 831/852/885 737/758/791 840/861/894 
f 788/809/842 828/849/882 841/862/895 
f 788/809/842 841/862/895 789/810/843 
f 842/863/896 703/724/757 843/864/897 
f 839/860/893 821/842/875 734/755/788 
f 839/860/893 734/755/788 733/754/787 
f 833/854/887 707/728/761 706/727/760 
f 833/854/887 706/727/760 829/850/883 
f 830/851/884 829/850/883 706/727/760 
f 830/851/884 706/727/760 814/835/868 
f 819/840/873 844/865/898 845/866/899 
f 819/840/873 845/866/899 846/867/900 
f 810/831/864 809/830/863 803/824/857 
f 810/831/864 803/824/857 802/823/856 
f 823/844/877 810/831/864 802/823/856 
f 823/844/877 802/823/856 822/843/876 
f 842/863/896 843/864/897 823/844/877 
f 842/863/896 823/844/877 822/843/876 
f 823/844/877 843/864/897 735/756/789 
f 823/844/877 735/756/789 824/845/878 
f 702/723/756 735/756/789 843/864/897 
f 702/723/756 843/864/897 703/724/757 
f 821/842/875 839/860/893 842/863/896 
f 821/842/875 842/863/896 822/843/876 
f 821/842/875 801/822/855 820/841/874 
f 821/842/875 820/841/874 734/755/788 
f 804/825/858 820/841/874 801/822/855 
f 703/724/757 842/863/896 839/860/893 
f 847/868/901 848/869/902 849/870/903 
f 847/868/901 849/870/903 827/848/881 
f 808/829/862 849/870/903 848/869/902 
f 808/829/862 848/869/902 805/826/859 
f 828/849/882 827/848/881 849/870/903 
f 828/849/882 849/870/903 850/871/904 
f 851/872/905 841/862/895 828/849/882 
f 851/872/905 828/849/882 850/871/904 
f 850/871/904 831/852/885 840/861/894 
f 850/871/904 840/861/894 851/872/905 
f 849/870/903 808/829/862 831/852/885 
f 849/870/903 831/852/885 850/871/904 
f 852/873/906 853/874/907 854/875/908 
f 852/873/906 854/875/908 818/839/872 
f 812/833/866 854/875/908 853/874/907 
f 812/833/866 853/874/907 813/834/867 
f 844/865/898 854/875/908 812/833/866 
f 844/865/898 812/833/866 830/851/884 
f 844/865/898 819/840/873 818/839/872 
f 844/865/898 818/839/872 854/875/908 
f 845/866/899 844/865/898 830/851/884 
f 845/866/899 830/851/884 814/835/868 
f 722/743/776 845/866/899 814/835/868 
f 756/777/810 819/840/873 846/867/900 
f 756/777/810 846/867/900 757/778/811 
f 757/778/811 846/867/900 743/764/797 
f 757/778/811 743/764/797 742/763/796 
f 722/743/776 743/764/797 846/867/900 
f 722/743/776 846/867/900 845/866/899 
f 796/817/850 855/876/909 856/877/910 
f 796/817/850 856/877/910 797/818/851 
f 796/817/850 784/805/838 857/878/911 
f 796/817/850 857/878/911 855/876/909 
f 858/879/912 857/878/911 784/805/838 
f 858/879/912 784/805/838 783/804/837 
f 799/820/853 798/819/852 859/880/913 
f 799/820/853 859/880/913 860/881/914 
f 860/881/914 861/882/915 833/854/887 
f 860/881/914 833/854/887 799/820/853 
f 861/882/915 862/883/916 707/728/761 
f 861/882/915 707/728/761 833/854/887 
f 860/881/914 859/880/913 856/877/910 
f 860/881/914 856/877/910 855/876/909 
f 861/882/915 860/881/914 855/876/909 
f 861/882/915 855/876/909 857/878/911 
f 862/883/916 861/882/915 857/878/911 
f 862/883/916 857/878/911 858/879/912 
f 724/745/778 723/744/777 836/857/890 
f 724/745/778 836/857/890 835/856/889 
f 863/884/917 864/885/918 615/636/662 
f 863/884/917 615/636/662 614/635/661 
f 865/886/919 866/887/920 864/885/918 
f 865/886/919 864/885/918 863/884/917 
f 867/888/921 866/887/920 865/886/919 
f 867/888/921 865/886/919 868/889/922 
f 687/708/741 869/890/923 868/889/922 
f 687/708/741 868/889/922 686/707/740 
f 869/890/923 687/708/741 711/732/765 
f 869/890/923 711/732/765 870/891/924 
f 711/732/765 710/731/764 871/892/925 
f 711/732/765 871/892/925 870/891/924 
f 815/836/869 872/893/926 871/892/925 
f 815/836/869 871/892/925 710/731/764 
f 712/733/766 873/894/927 874/895/928 
f 712/733/766 874/895/928 713/734/767 
f 875/896/929 179/192/930 876/897/931 
f 864/885/918 182/195/932 94/96/677 
f 864/885/918 94/96/677 615/636/662 
f 877/898/933 181/194/934 185/198/935 
f 877/898/933 185/198/935 878/899/936 
f 182/195/932 864/885/918 866/887/920 
f 182/195/932 866/887/920 183/196/937 
f 183/196/937 866/887/920 867/888/921 
f 183/196/937 867/888/921 879/900/938 
f 183/196/937 879/900/938 184/197/939 
f 184/197/939 879/900/938 880/901/940 
f 881/902/941 179/192/930 873/894/927 
f 881/902/941 873/894/927 712/733/766 
f 882/903/942 881/902/941 712/733/766 
f 882/903/942 712/733/766 715/736/769 
f 883/904/943 882/903/942 715/736/769 
f 883/904/943 715/736/769 721/742/775 
f 884/905/944 883/904/943 721/742/775 
f 884/905/944 721/742/775 724/745/778 
f 885/906/945 884/905/944 724/745/778 
f 885/906/945 724/745/778 835/856/889 
f 885/906/945 835/856/889 834/855/888 
f 885/906/945 834/855/888 886/907/946 
f 887/908/947 886/907/946 834/855/888 
f 887/908/947 834/855/888 888/909/948 
f 889/910/949 887/908/947 888/909/948 
f 889/910/949 888/909/948 738/759/792 
f 890/911/950 889/910/949 738/759/792 
f 890/911/950 738/759/792 741/762/795 
f 891/912/951 890/911/950 741/762/795 
f 891/912/951 741/762/795 892/913/952 
f 893/914/953 894/915/954 895/916/955 
f 893/914/953 895/916/955 896/917/956 
f 892/913/952 894/915/954 893/914/953 
f 892/913/952 893/914/953 891/912/951 
f 895/916/955 897/918/957 751/772/805 
f 895/916/955 751/772/805 753/774/807 
f 751/772/805 897/918/957 754/775/808 
f 751/772/805 754/775/808 752/773/806 
f 880/901/940 878/899/936 185/198/935 
f 880/901/940 185/198/935 184/197/939 
f 865/886/919 681/702/735 686/707/740 
f 865/886/919 686/707/740 868/889/922 
f 681/702/735 865/886/919 863/884/917 
f 681/702/735 863/884/917 658/679/712 
f 658/679/712 863/884/917 614/635/661 
f 658/679/712 614/635/661 396/417/443 
f 880/901/940 879/900/938 869/890/923 
f 880/901/940 869/890/923 870/891/924 
f 870/891/924 871/892/925 878/899/936 
f 870/891/924 878/899/936 880/901/940 
f 869/890/923 879/900/938 867/888/921 
f 869/890/923 867/888/921 868/889/922 
f 872/893/926 877/898/933 878/899/936 
f 872/893/926 878/899/936 871/892/925 
f 179/192/930 875/896/929 873/894/927 
f 720/741/774 719/740/773 704/725/758 
f 720/741/774 704/725/758 723/744/777 
f 719/740/773 720/741/774 714/735/768 
f 719/740/773 714/735/768 718/739/772 
f 713/734/767 815/836/869 718/739/772 
f 713/734/767 718/739/772 714/735/768 
f 874/895/928 872/893/926 815/836/869 
f 874/895/928 815/836/869 713/734/767 
f 876/897/931 877/898/933 872/893/926 
f 876/897/931 872/893/926 874/895/928 
f 834/855/888 837/858/891 838/859/892 
f 834/855/888 838/859/892 888/909/948 
f 888/909/948 838/859/892 739/760/793 
f 888/909/948 739/760/793 738/759/792 
f 837/858/891 836/857/890 783/804/837 
f 837/858/891 783/804/837 782/803/836 
f 754/775/808 892/913/952 741/762/795 
f 754/775/808 741/762/795 740/761/794 
f 897/918/957 894/915/954 892/913/952 
f 897/918/957 892/913/952 754/775/808 
f 895/916/955 894/915/954 897/918/957 
f 840/861/894 737/758/791 736/757/790 
f 840/861/894 736/757/790 740/761/794 
f 739/760/793 789/810/843 841/862/895 
f 739/760/793 841/862/895 740/761/794 
f 841/862/895 851/872/905 740/761/794 
f 851/872/905 840/861/894 740/761/794 
f 836/857/890 858/879/912 783/804/837 
f 836/857/890 723/744/777 862/883/916 
f 836/857/890 862/883/916 858/879/912 
f 707/728/761 862/883/916 723/744/777 
f 707/728/761 723/744/777 704/725/758 
f 181/194/934 877/898/933 876/897/931 
f 181/194/934 876/897/931 179/192/930 
f 875/896/929 876/897/931 874/895/928 
f 875/896/929 874/895/928 873/894/927 
f 794/815/848 772/793/826 771/792/825 
f 898/919/958 794/815/848 771/792/825 
f 898/919/958 771/792/825 770/791/824 
f 898/919/958 770/791/824 769/790/823 
f 898/919/958 769/790/823 761/782/815 
f 898/919/958 761/782/815 763/784/817 
f 764/785/818 765/786/819 767/788/821 
f 651/672/705 525/546/572 758/779/812 
f 651/672/705 758/779/812 760/781/814 
f 852/873/906 818/839/872 817/838/871 
f 804/825/858 816/837/870 820/841/874 
f 804/825/858 852/873/906 817/838/871 
f 804/825/858 817/838/871 816/837/870 
f 847/868/901 825/846/879 795/816/849 
f 847/868/901 795/816/849 797/818/851 
f 847/868/901 827/848/881 826/847/880 
f 847/868/901 826/847/880 825/846/879 
# 1566 faces

