# 3ds Max Wavefront OBJ Exporter v0.99 - (c)2007 guruware
# File Created: 02.04.2025 23:12:56

mtllib lampara.mtl

#
# object Park_LampPost
#

v  0.0000 0.0000 -0.0000
v  38.6335 0.0000 -7.6807
v  39.3903 -0.0000 -0.0000
v  36.3919 0.0000 -15.0663
v  32.7519 0.0000 -21.8728
v  27.8532 0.0000 -27.8388
v  21.8841 0.0000 -32.7350
v  15.0740 0.0000 -36.3732
v  7.6847 0.0000 -38.6136
v  -0.0000 0.0000 -39.3701
v  -7.6847 0.0000 -38.6136
v  -15.0740 0.0000 -36.3732
v  -21.8841 0.0000 -32.7350
v  -27.8532 0.0000 -27.8389
v  -32.7519 0.0000 -21.8728
v  -36.3919 0.0000 -15.0663
v  -38.6335 0.0000 -7.6807
v  -39.3903 0.0000 0.0000
v  -38.6335 -0.0000 7.6807
v  -36.3919 -0.0000 15.0663
v  -32.7519 -0.0000 21.8728
v  -27.8532 -0.0000 27.8388
v  -21.8841 -0.0000 32.7350
v  -15.0740 -0.0000 36.3732
v  -7.6847 -0.0000 38.6136
v  0.0000 -0.0000 39.3701
v  7.6847 -0.0000 38.6136
v  15.0740 -0.0000 36.3732
v  21.8841 -0.0000 32.7350
v  27.8532 -0.0000 27.8389
v  32.7519 -0.0000 21.8728
v  36.3919 -0.0000 15.0663
v  38.6335 -0.0000 7.6807
v  -0.0000 11.0631 -39.3701
v  6.3831 11.0631 -32.0733
v  7.6847 11.0631 -38.6136
v  27.8532 11.0631 27.8389
v  18.1774 11.0631 27.1904
v  21.8841 11.0631 32.7350
v  -21.8841 11.0631 32.7350
v  -23.1355 11.0631 23.1236
v  -27.8532 11.0631 27.8389
v  -36.3919 11.0631 -15.0663
v  -27.2044 11.0631 -18.1681
v  -32.7519 11.0631 -21.8728
v  38.6335 11.0631 -7.6807
v  32.7185 11.0631 -0.0000
v  39.3903 11.0631 -0.0000
v  15.0740 11.0631 -36.3732
v  12.5208 11.0631 -30.2124
v  12.5208 11.0631 30.2124
v  15.0740 11.0631 36.3732
v  -27.2044 11.0631 18.1681
v  -32.7519 11.0631 21.8728
v  -23.1355 11.0631 -23.1235
v  -27.8532 11.0631 -27.8388
v  18.1774 11.0631 -27.1904
v  21.8841 11.0631 -32.7350
v  6.3831 11.0631 32.0733
v  7.6847 11.0631 38.6136
v  -30.2279 11.0631 12.5144
v  -36.3919 11.0631 15.0663
v  -18.1774 11.0631 -27.1904
v  -21.8841 11.0631 -32.7350
v  32.0898 11.0631 6.3798
v  38.6335 11.0631 7.6807
v  23.1355 11.0631 -23.1235
v  27.8532 11.0631 -27.8388
v  0.0000 11.0631 32.7016
v  0.0000 11.0631 39.3701
v  -32.0898 11.0631 6.3798
v  -38.6335 11.0631 7.6807
v  -12.5208 11.0631 -30.2124
v  -15.0740 11.0631 -36.3732
v  36.3919 11.0631 15.0663
v  30.2279 11.0631 12.5144
v  27.2044 11.0631 -18.1681
v  32.7519 11.0631 -21.8728
v  -6.3831 11.0631 32.0733
v  -7.6847 11.0631 38.6136
v  -32.7185 11.0631 0.0000
v  -39.3903 11.0631 0.0000
v  -6.3831 11.0631 -32.0733
v  -7.6847 11.0631 -38.6136
v  27.2044 11.0631 18.1681
v  32.7519 11.0631 21.8728
v  30.2279 11.0631 -12.5144
v  36.3919 11.0631 -15.0663
v  -15.0740 11.0631 36.3732
v  -12.5208 11.0631 30.2124
v  -32.0898 11.0631 -6.3798
v  -38.6335 11.0631 -7.6807
v  -0.0000 11.0631 -32.7016
v  23.1355 11.0631 23.1235
v  32.0898 11.0631 -6.3798
v  -18.1774 11.0631 27.1904
v  -30.2279 11.0631 -12.5144
v  12.5208 32.8904 -30.2124
v  12.5208 32.8904 30.2124
v  -27.2044 32.8904 18.1681
v  -23.1355 32.8904 -23.1235
v  18.1774 32.8904 -27.1904
v  6.3831 32.8904 32.0733
v  -30.2279 32.8904 12.5144
v  -18.1774 32.8904 -27.1904
v  32.0898 32.8904 6.3798
v  23.1355 32.8904 -23.1235
v  0.0000 32.8904 32.7016
v  -32.0898 32.8904 6.3798
v  -12.5208 32.8904 -30.2124
v  30.2279 32.8904 12.5144
v  27.2044 32.8904 -18.1681
v  -6.3831 32.8904 32.0733
v  -32.7185 32.8904 0.0000
v  -6.3831 32.8904 -32.0733
v  27.2044 32.8904 18.1681
v  30.2279 32.8904 -12.5144
v  -12.5208 32.8904 30.2124
v  -32.0898 32.8904 -6.3798
v  -0.0000 32.8904 -32.7016
v  23.1355 32.8904 23.1236
v  32.0898 32.8904 -6.3798
v  -18.1774 32.8904 27.1904
v  -30.2279 32.8904 -12.5144
v  6.3831 32.8904 -32.0733
v  18.1774 32.8904 27.1904
v  -23.1355 32.8904 23.1236
v  -27.2044 32.8904 -18.1681
v  32.7185 32.8904 0.0000
v  -7.6318 32.8904 38.3480
v  -38.3678 32.8904 7.6279
v  -39.1194 32.8904 0.0000
v  -14.9704 32.8904 -36.1230
v  -7.6318 32.8904 -38.3480
v  36.1416 32.8904 14.9627
v  32.5266 32.8904 21.7224
v  36.1416 32.8904 -14.9627
v  -14.9704 32.8904 36.1230
v  -38.3678 32.8904 -7.6279
v  -0.0000 32.8904 -39.0993
v  27.6616 32.8904 27.6474
v  38.3678 32.8904 -7.6279
v  -21.7336 32.8904 32.5099
v  -36.1416 32.8904 -14.9626
v  7.6318 32.8904 -38.3480
v  21.7336 32.8904 32.5099
v  -27.6616 32.8904 27.6474
v  -32.5266 32.8904 -21.7224
v  39.1194 32.8904 0.0000
v  14.9704 32.8904 -36.1230
v  14.9704 32.8904 36.1230
v  -32.5266 32.8904 21.7224
v  -27.6616 32.8904 -27.6474
v  21.7336 32.8904 -32.5099
v  7.6318 32.8904 38.3480
v  -36.1416 32.8904 14.9627
v  -21.7336 32.8904 -32.5099
v  38.3678 32.8904 7.6279
v  27.6616 32.8904 -27.6474
v  0.0000 32.8904 39.0993
v  32.5266 32.8904 -21.7224
v  7.6318 43.9990 -38.3480
v  21.7336 43.9990 32.5099
v  -27.6616 43.9990 27.6474
v  -32.5266 43.9990 -21.7224
v  39.1194 43.9990 0.0000
v  14.9704 43.9990 -36.1230
v  14.9704 43.9990 36.1230
v  -32.5266 43.9990 21.7224
v  -27.6616 43.9990 -27.6474
v  21.7336 43.9990 -32.5099
v  7.6318 43.9990 38.3480
v  -36.1416 43.9990 14.9627
v  -21.7336 43.9990 -32.5099
v  38.3678 43.9990 7.6279
v  27.6616 43.9990 -27.6474
v  0.0000 43.9990 39.0993
v  -38.3678 43.9990 7.6279
v  -14.9704 43.9990 -36.1230
v  36.1416 43.9990 14.9627
v  32.5266 43.9990 -21.7224
v  -7.6318 43.9990 38.3480
v  -39.1194 43.9990 0.0000
v  -7.6318 43.9990 -38.3480
v  32.5266 43.9990 21.7224
v  36.1416 43.9990 -14.9627
v  -14.9704 43.9990 36.1230
v  -38.3678 43.9990 -7.6279
v  -0.0000 43.9990 -39.0993
v  27.6616 43.9990 27.6474
v  38.3678 43.9990 -7.6279
v  -21.7336 43.9990 32.5099
v  -36.1416 43.9990 -14.9626
v  -31.9021 43.9990 0.0000
v  -31.2891 43.9990 -6.2206
v  -0.0000 43.9990 -31.8857
v  26.5256 43.9990 17.7148
v  22.5582 43.9990 22.5466
v  31.2891 43.9990 -6.2206
v  -17.7239 43.9990 26.5120
v  -29.4737 43.9990 -12.2021
v  6.2238 43.9990 -31.2730
v  17.7239 43.9990 26.5120
v  -22.5582 43.9990 22.5466
v  -26.5256 43.9990 -17.7147
v  31.9021 43.9990 0.0000
v  12.2084 43.9990 -29.4585
v  12.2084 43.9990 29.4585
v  -26.5256 43.9990 17.7148
v  -22.5582 43.9990 -22.5466
v  17.7239 43.9990 -26.5120
v  6.2238 43.9990 31.2730
v  -29.4737 43.9990 12.2021
v  -17.7239 43.9990 -26.5120
v  31.2891 43.9990 6.2206
v  22.5582 43.9990 -22.5466
v  0.0000 43.9990 31.8857
v  -31.2891 43.9990 6.2206
v  -12.2084 43.9990 -29.4585
v  29.4737 43.9990 12.2021
v  26.5256 43.9990 -17.7147
v  -6.2238 43.9990 31.2730
v  -6.2238 43.9990 -31.2730
v  29.4737 43.9990 -12.2021
v  -12.2084 43.9990 29.4585
v  -14.7829 57.2990 -22.1128
v  -10.1827 57.2990 -24.5705
v  24.5831 57.2990 10.1774
v  22.1242 57.2990 -14.7753
v  0.0000 57.2990 26.5949
v  -5.1911 57.2990 26.0839
v  -26.6086 57.2990 0.0000
v  -5.1911 57.2990 -26.0839
v  22.1242 57.2990 14.7753
v  24.5831 57.2990 -10.1774
v  -10.1827 57.2990 24.5705
v  -26.0973 57.2990 -5.1884
v  -0.0000 57.2990 -26.5949
v  18.8151 57.2990 18.8054
v  26.0973 57.2990 -5.1884
v  -14.7829 57.2990 22.1129
v  -24.5831 57.2990 -10.1774
v  5.1911 57.2990 -26.0839
v  14.7829 57.2990 22.1129
v  -18.8151 57.2990 18.8054
v  -22.1242 57.2990 -14.7753
v  26.6086 57.2990 0.0000
v  10.1827 57.2990 -24.5705
v  10.1827 57.2990 24.5705
v  -22.1242 57.2990 14.7753
v  -18.8151 57.2990 -18.8054
v  14.7829 57.2990 -22.1128
v  5.1911 57.2990 26.0839
v  -24.5831 57.2990 10.1774
v  26.0973 57.2990 5.1884
v  18.8151 57.2990 -18.8054
v  -26.0973 57.2990 5.1884
v  -33.3812 57.2990 0.0000
v  -12.7745 57.2990 -30.8244
v  -6.5124 57.2990 -32.7230
v  30.8402 57.2990 12.7679
v  27.7555 57.2990 18.5361
v  30.8402 57.2990 -12.7679
v  -12.7744 57.2990 30.8244
v  -32.7398 57.2990 -6.5090
v  -0.0000 57.2990 -33.3641
v  23.6041 57.2990 23.5920
v  32.7398 57.2990 -6.5090
v  -18.5456 57.2990 27.7412
v  -30.8402 57.2990 -12.7679
v  6.5124 57.2990 -32.7230
v  18.5456 57.2990 27.7412
v  -23.6041 57.2990 23.5920
v  -27.7555 57.2990 -18.5361
v  33.3812 57.2990 0.0000
v  12.7744 57.2990 -30.8244
v  12.7745 57.2990 30.8244
v  -27.7555 57.2990 18.5361
v  -23.6041 57.2990 -23.5920
v  18.5456 57.2990 -27.7412
v  6.5124 57.2990 32.7230
v  -30.8402 57.2990 12.7679
v  -18.5456 57.2990 -27.7412
v  32.7398 57.2990 6.5090
v  23.6041 57.2990 -23.5920
v  0.0000 57.2990 33.3641
v  -32.7398 57.2990 6.5090
v  27.7555 57.2990 -18.5361
v  -6.5124 57.2990 32.7230
v  32.7398 65.6367 6.5090
v  23.6041 65.6367 -23.5920
v  0.0000 65.6366 33.3641
v  -32.7398 65.6367 6.5090
v  -12.7745 65.6367 -30.8244
v  30.8402 65.6367 12.7679
v  27.7555 65.6367 -18.5361
v  -6.5124 65.6366 32.7230
v  -33.3812 65.6367 0.0000
v  -6.5124 65.6367 -32.7230
v  27.7555 65.6367 18.5361
v  30.8402 65.6367 -12.7679
v  -12.7744 65.6366 30.8244
v  -32.7398 65.6367 -6.5090
v  -0.0000 65.6367 -33.3641
v  23.6041 65.6366 23.5920
v  32.7398 65.6367 -6.5090
v  -18.5456 65.6366 27.7412
v  -30.8402 65.6367 -12.7679
v  6.5124 65.6367 -32.7230
v  18.5456 65.6366 27.7412
v  -23.6041 65.6366 23.5920
v  -27.7555 65.6367 -18.5361
v  33.3812 65.6367 0.0000
v  12.7744 65.6367 -30.8244
v  12.7745 65.6366 30.8244
v  -27.7555 65.6367 18.5361
v  -23.6041 65.6367 -23.5919
v  18.5456 65.6367 -27.7412
v  6.5124 65.6366 32.7230
v  -30.8402 65.6367 12.7679
v  -18.5456 65.6367 -27.7412
v  22.0365 65.6367 -14.7168
v  24.4857 65.6367 -10.1371
v  -10.1423 65.6367 24.4731
v  -25.9939 65.6367 -5.1678
v  -0.0000 65.6367 -26.4895
v  22.0365 65.6367 14.7168
v  18.7405 65.6367 18.7309
v  25.9939 65.6367 -5.1678
v  -14.7243 65.6367 22.0252
v  -24.4857 65.6367 -10.1371
v  5.1705 65.6367 -25.9805
v  14.7243 65.6367 22.0252
v  -18.7405 65.6367 18.7309
v  -22.0365 65.6367 -14.7168
v  26.5031 65.6367 0.0000
v  10.1423 65.6367 -24.4731
v  10.1423 65.6367 24.4731
v  -22.0365 65.6367 14.7168
v  -18.7405 65.6367 -18.7309
v  14.7243 65.6367 -22.0252
v  5.1705 65.6367 25.9805
v  -24.4857 65.6367 10.1371
v  -14.7243 65.6367 -22.0252
v  25.9939 65.6367 5.1679
v  18.7405 65.6367 -18.7309
v  0.0000 65.6367 26.4895
v  -25.9939 65.6367 5.1679
v  -10.1423 65.6367 -24.4731
v  24.4857 65.6367 10.1371
v  -5.1705 65.6367 25.9805
v  -26.5031 65.6367 0.0000
v  -5.1705 65.6367 -25.9805
v  -12.4333 136.0748 -23.2491
v  25.2398 136.0748 7.6525
v  20.3885 136.0748 -16.7238
v  -2.5852 136.0748 26.2350
v  -26.2485 136.0748 2.5839
v  -7.6564 136.0748 -25.2268
v  23.2611 136.0748 12.4269
v  23.2611 136.0748 -12.4269
v  -7.6564 136.0748 25.2268
v  -26.2485 136.0748 -2.5839
v  -2.5853 136.0748 -26.2350
v  20.3885 136.0748 16.7239
v  25.2398 136.0748 -7.6525
v  -12.4333 136.0748 23.2492
v  -25.2398 136.0748 -7.6524
v  2.5852 136.0748 -26.2350
v  16.7324 136.0748 20.3781
v  -16.7324 136.0748 20.3781
v  -23.2611 136.0748 -12.4269
v  26.2485 136.0748 -2.5839
v  7.6564 136.0748 -25.2268
v  12.4333 136.0748 23.2492
v  -20.3885 136.0748 16.7239
v  -20.3885 136.0748 -16.7238
v  12.4333 136.0748 -23.2491
v  7.6564 136.0748 25.2268
v  -23.2611 136.0748 12.4269
v  -16.7324 136.0748 -20.3780
v  26.2485 136.0748 2.5839
v  16.7324 136.0748 -20.3780
v  2.5853 136.0748 26.2350
v  -25.2398 136.0748 7.6525
v  -25.9939 206.5129 5.1679
v  -33.4635 206.5128 0.0000
v  -26.5031 206.5129 0.0000
v  -5.1705 206.5129 -25.9805
v  -12.8059 206.5128 -30.9003
v  -6.5284 206.5128 -32.8036
v  22.0365 206.5129 14.7168
v  30.9162 206.5128 12.7994
v  27.8239 206.5128 18.5818
v  22.0365 206.5129 -14.7167
v  30.9162 206.5128 -12.7993
v  24.4857 206.5129 -10.1371
v  -5.1705 206.5129 25.9805
v  -12.8059 206.5128 30.9003
v  -10.1423 206.5129 24.4731
v  -32.8205 206.5128 -6.5250
v  -25.9939 206.5129 -5.1678
v  -0.0000 206.5129 -26.4895
v  -0.0000 206.5128 -33.4462
v  23.6623 206.5128 23.6501
v  18.7405 206.5129 18.7309
v  25.9939 206.5129 -5.1678
v  32.8205 206.5128 -6.5250
v  -14.7243 206.5129 22.0252
v  -18.5913 206.5128 27.8096
v  -30.9162 206.5128 -12.7993
v  -24.4857 206.5129 -10.1371
v  6.5284 206.5128 -32.8036
v  5.1705 206.5129 -25.9805
v  14.7243 206.5129 22.0252
v  18.5913 206.5128 27.8096
v  -23.6623 206.5128 23.6501
v  -18.7405 206.5129 18.7309
v  -22.0365 206.5129 -14.7167
v  -27.8239 206.5128 -18.5817
v  26.5031 206.5129 0.0000
v  33.4635 206.5128 0.0000
v  12.8059 206.5128 -30.9003
v  10.1423 206.5129 -24.4731
v  12.8059 206.5128 30.9003
v  10.1423 206.5129 24.4731
v  -22.0365 206.5129 14.7168
v  -27.8239 206.5128 18.5818
v  -23.6623 206.5128 -23.6501
v  -18.7405 206.5129 -18.7309
v  14.7243 206.5129 -22.0252
v  18.5913 206.5128 -27.8095
v  5.1705 206.5129 25.9805
v  6.5284 206.5128 32.8036
v  -30.9162 206.5128 12.7994
v  -24.4857 206.5129 10.1371
v  -14.7243 206.5129 -22.0252
v  -18.5913 206.5128 -27.8095
v  32.8205 206.5128 6.5251
v  25.9939 206.5129 5.1679
v  23.6623 206.5128 -23.6501
v  18.7405 206.5129 -18.7309
v  0.0000 206.5129 26.4895
v  0.0000 206.5128 33.4463
v  -32.8205 206.5128 6.5251
v  -10.1423 206.5129 -24.4731
v  24.4857 206.5129 10.1371
v  27.8239 206.5128 -18.5817
v  -6.5284 206.5128 32.8036
v  32.8205 214.0047 6.5251
v  23.6623 214.0047 -23.6501
v  0.0000 214.0047 33.4463
v  -32.8205 214.0047 6.5251
v  -12.8059 214.0047 -30.9003
v  30.9162 214.0047 12.7994
v  27.8239 214.0047 -18.5817
v  -6.5284 214.0047 32.8036
v  -33.4635 214.0047 0.0000
v  -6.5284 214.0047 -32.8036
v  27.8239 214.0047 18.5818
v  30.9162 214.0047 -12.7993
v  -12.8059 214.0047 30.9003
v  -32.8205 214.0047 -6.5250
v  -0.0000 214.0047 -33.4462
v  23.6623 214.0047 23.6501
v  32.8205 214.0047 -6.5250
v  -18.5913 214.0047 27.8096
v  -30.9162 214.0047 -12.7993
v  6.5284 214.0047 -32.8036
v  18.5913 214.0047 27.8096
v  -23.6623 214.0047 23.6501
v  -27.8239 214.0047 -18.5817
v  33.4635 214.0047 0.0000
v  12.8059 214.0047 -30.9003
v  12.8059 214.0047 30.9003
v  -27.8239 214.0047 18.5818
v  -23.6623 214.0047 -23.6501
v  18.5913 214.0047 -27.8095
v  6.5284 214.0047 32.8036
v  -30.9162 214.0047 12.7994
v  -18.5913 214.0047 -27.8095
v  -21.5219 214.0047 14.3731
v  -21.5219 214.0047 -14.3730
v  -18.3029 214.0047 -18.2934
v  14.3805 214.0047 -21.5108
v  5.0497 214.0047 25.3738
v  -23.9138 214.0047 9.9004
v  -14.3805 214.0047 -21.5108
v  25.3868 214.0047 5.0472
v  18.3029 214.0047 -18.2934
v  0.0000 214.0047 25.8709
v  -25.3868 214.0047 5.0472
v  -9.9054 214.0047 -23.9015
v  23.9138 214.0047 9.9004
v  21.5219 214.0047 -14.3730
v  -5.0497 214.0047 25.3738
v  -25.8841 214.0047 0.0000
v  -5.0497 214.0047 -25.3737
v  21.5219 214.0047 14.3731
v  23.9138 214.0047 -9.9003
v  -9.9054 214.0047 23.9016
v  -25.3868 214.0047 -5.0471
v  -0.0000 214.0047 -25.8708
v  18.3029 214.0047 18.2935
v  25.3868 214.0047 -5.0471
v  -14.3805 214.0047 21.5108
v  -23.9138 214.0047 -9.9003
v  5.0497 214.0047 -25.3737
v  14.3805 214.0047 21.5108
v  -18.3029 214.0047 18.2935
v  25.8841 214.0047 0.0000
v  9.9054 214.0047 -23.9015
v  9.9054 214.0047 23.9016
v  2.7208 241.3905 -13.6712
v  7.7481 241.3905 11.5900
v  -9.8615 241.3905 9.8565
v  -11.5959 241.3905 -7.7441
v  13.9463 241.3905 0.0000
v  5.3370 241.3905 -12.8780
v  5.3370 241.3905 12.8781
v  -11.5959 241.3905 7.7442
v  -9.8615 241.3905 -9.8564
v  7.7481 241.3905 -11.5899
v  2.7208 241.3905 13.6713
v  -12.8847 241.3905 5.3343
v  -7.7481 241.3905 -11.5899
v  13.6783 241.3905 2.7194
v  9.8615 241.3905 -9.8564
v  0.0000 241.3905 13.9391
v  -13.6783 241.3905 2.7194
v  -5.3370 241.3905 -12.8780
v  12.8847 241.3905 5.3343
v  11.5959 241.3905 -7.7441
v  -2.7208 241.3905 13.6713
v  -13.9463 241.3905 0.0000
v  -2.7208 241.3905 -13.6712
v  11.5959 241.3905 7.7442
v  12.8847 241.3905 -5.3342
v  -5.3370 241.3905 12.8781
v  -13.6783 241.3905 -2.7194
v  -0.0000 241.3905 -13.9391
v  9.8615 241.3905 9.8564
v  13.6783 241.3905 -2.7194
v  -7.7481 241.3905 11.5900
v  -12.8847 241.3905 -5.3342
v  17.3022 241.3905 -7.1631
v  -7.1668 241.3905 17.2933
v  -18.3679 241.3905 -3.6517
v  -3.6536 241.3905 -18.3584
v  -0.0000 241.3905 -18.7181
v  13.2425 241.3905 13.2357
v  18.3679 241.3905 -3.6517
v  -10.4046 241.3905 15.5636
v  -17.3022 241.3905 -7.1631
v  3.6536 241.3905 -18.3584
v  10.4046 241.3905 15.5636
v  -13.2425 241.3905 13.2357
v  -15.5716 241.3905 -10.3992
v  18.7278 241.3905 0.0000
v  7.1668 241.3905 -17.2933
v  7.1668 241.3905 17.2933
v  -15.5716 241.3905 10.3993
v  -13.2425 241.3905 -13.2357
v  10.4046 241.3905 -15.5635
v  3.6536 241.3905 18.3585
v  -17.3022 241.3905 7.1631
v  -10.4046 241.3905 -15.5635
v  18.3679 241.3905 3.6518
v  13.2425 241.3905 -13.2357
v  0.0000 241.3905 18.7182
v  -18.3679 241.3905 3.6518
v  -7.1668 241.3905 -17.2933
v  17.3022 241.3905 7.1631
v  15.5716 241.3905 -10.3992
v  -3.6536 241.3905 18.3585
v  -18.7278 241.3905 0.0000
v  15.5716 241.3905 10.3993
v  -7.1668 246.7474 -17.2933
v  17.3022 246.7474 7.1631
v  15.5716 246.7474 -10.3992
v  -3.6536 246.7474 18.3585
v  -18.7278 246.7474 0.0000
v  -3.6536 246.7474 -18.3584
v  15.5716 246.7474 10.3993
v  17.3022 246.7474 -7.1631
v  -7.1668 246.7474 17.2933
v  -18.3679 246.7474 -3.6517
v  -0.0000 246.7474 -18.7181
v  13.2425 246.7474 13.2357
v  18.3679 246.7474 -3.6517
v  -10.4046 246.7474 15.5636
v  -17.3022 246.7474 -7.1631
v  3.6536 246.7474 -18.3584
v  10.4046 246.7474 15.5636
v  -13.2425 246.7474 13.2357
v  -15.5716 246.7474 -10.3992
v  18.7278 246.7474 0.0000
v  7.1668 246.7474 -17.2933
v  7.1668 246.7474 17.2933
v  -15.5716 246.7474 10.3993
v  -13.2425 246.7474 -13.2357
v  10.4046 246.7474 -15.5635
v  3.6536 246.7474 18.3585
v  -17.3022 246.7474 7.1631
v  -10.4046 246.7474 -15.5635
v  18.3679 246.7474 3.6518
v  13.2425 246.7474 -13.2357
v  0.0000 246.7474 18.7182
v  -18.3679 246.7474 3.6518
v  8.2922 246.7474 12.4038
v  -8.2922 246.7474 12.4038
v  -10.5540 246.7474 10.5486
v  -12.4102 246.7474 -8.2879
v  14.9256 246.7474 0.0000
v  2.9118 246.7474 -14.6313
v  5.7118 246.7474 -13.7823
v  5.7118 246.7474 13.7824
v  -12.4102 246.7474 8.2880
v  -10.5540 246.7474 -10.5485
v  8.2922 246.7474 -12.4038
v  2.9118 246.7474 14.6313
v  -13.7895 246.7474 5.7089
v  -8.2922 246.7474 -12.4038
v  14.6388 246.7474 2.9104
v  10.5540 246.7474 -10.5485
v  0.0000 246.7474 14.9180
v  -14.6388 246.7474 2.9104
v  -5.7118 246.7474 -13.7823
v  13.7895 246.7474 5.7089
v  12.4102 246.7474 -8.2879
v  -2.9118 246.7474 14.6313
v  -14.9256 246.7474 0.0000
v  -2.9118 246.7474 -14.6313
v  12.4102 246.7474 8.2880
v  13.7895 246.7474 -5.7088
v  -5.7118 246.7474 13.7824
v  -14.6388 246.7474 -2.9103
v  -0.0000 246.7474 -14.9179
v  10.5540 246.7474 10.5486
v  14.6388 246.7474 -2.9103
v  -13.7895 246.7474 -5.7088
v  -14.6388 279.3338 -2.9103
v  -0.0000 279.3338 -14.9179
v  10.5540 279.3338 10.5486
v  14.6388 279.3338 -2.9103
v  -8.2922 279.3338 12.4038
v  -13.7895 279.3338 -5.7088
v  2.9118 279.3338 -14.6313
v  8.2922 279.3338 12.4038
v  -10.5540 279.3338 10.5486
v  -12.4102 279.3338 -8.2879
v  14.9256 279.3338 0.0000
v  5.7118 279.3338 -13.7823
v  5.7118 279.3338 13.7824
v  -12.4102 279.3338 8.2880
v  -10.5540 279.3338 -10.5485
v  8.2922 279.3338 -12.4038
v  2.9118 279.3338 14.6313
v  -13.7895 279.3338 5.7089
v  -8.2922 279.3338 -12.4038
v  14.6388 279.3338 2.9104
v  10.5540 279.3338 -10.5485
v  0.0000 279.3338 14.9180
v  -14.6388 279.3338 2.9104
v  -5.7118 279.3338 -13.7823
v  13.7895 279.3338 5.7089
v  12.4102 279.3338 -8.2879
v  -2.9118 279.3338 14.6313
v  -14.9256 279.3338 0.0000
v  -2.9118 279.3338 -14.6313
v  12.4102 279.3338 8.2880
v  13.7895 279.3338 -5.7088
v  -5.7118 279.3338 13.7824
v  17.1590 279.3338 7.1039
v  13.1329 279.3338 -13.1261
v  15.4427 279.3338 -10.3131
v  -3.6234 279.3338 18.2065
v  -18.2159 279.3338 3.6215
v  -18.5728 279.3338 0.0000
v  -7.1075 279.3338 -17.1501
v  -3.6234 279.3338 -18.2065
v  15.4427 279.3338 10.3132
v  17.1590 279.3338 -7.1038
v  -7.1075 279.3338 17.1502
v  -18.2159 279.3338 -3.6215
v  -0.0000 279.3338 -18.5632
v  13.1329 279.3338 13.1262
v  18.2159 279.3338 -3.6215
v  -10.3185 279.3338 15.4348
v  -17.1590 279.3338 -7.1038
v  3.6234 279.3338 -18.2065
v  10.3185 279.3338 15.4348
v  -13.1329 279.3338 13.1262
v  -15.4427 279.3338 -10.3131
v  18.5728 279.3338 0.0000
v  7.1075 279.3338 -17.1501
v  7.1075 279.3338 17.1502
v  -15.4427 279.3338 10.3132
v  -13.1329 279.3338 -13.1261
v  10.3185 279.3338 -15.4347
v  3.6234 279.3338 18.2065
v  -17.1590 279.3338 7.1039
v  -10.3185 279.3338 -15.4347
v  18.2159 279.3338 3.6215
v  0.0000 279.3338 18.5632
v  -17.1590 285.1330 7.1039
v  -10.3185 285.1330 -15.4347
v  18.2159 285.1330 3.6215
v  13.1329 285.1330 -13.1261
v  0.0000 285.1330 18.5632
v  -18.2159 285.1330 3.6215
v  -7.1075 285.1330 -17.1501
v  17.1590 285.1330 7.1039
v  15.4427 285.1330 -10.3131
v  -3.6234 285.1330 18.2065
v  -18.5728 285.1330 0.0000
v  -3.6234 285.1330 -18.2065
v  15.4427 285.1330 10.3132
v  17.1590 285.1330 -7.1038
v  -7.1075 285.1330 17.1502
v  -18.2159 285.1330 -3.6215
v  -0.0000 285.1330 -18.5632
v  13.1329 285.1330 13.1262
v  18.2159 285.1330 -3.6215
v  -10.3185 285.1330 15.4348
v  -17.1590 285.1330 -7.1038
v  3.6234 285.1330 -18.2065
v  10.3185 285.1330 15.4348
v  -13.1329 285.1330 13.1262
v  -15.4427 285.1330 -10.3131
v  18.5728 285.1330 0.0000
v  7.1075 285.1330 -17.1501
v  7.1075 285.1330 17.1502
v  -15.4427 285.1330 10.3132
v  -13.1329 285.1330 -13.1261
v  10.3185 285.1330 -15.4347
v  3.6234 285.1330 18.2065
v  7.2632 285.1330 0.0000
v  2.7795 285.1330 -6.7068
v  2.7795 285.1330 6.7069
v  -6.0391 285.1330 4.0332
v  -6.0391 285.1330 -4.0331
v  -5.1358 285.1330 -5.1332
v  4.0352 285.1330 -6.0360
v  1.4170 285.1330 7.1200
v  -6.7103 285.1330 2.7781
v  -4.0352 285.1330 -6.0360
v  7.1236 285.1330 1.4163
v  5.1358 285.1330 -5.1332
v  0.0000 285.1330 7.2595
v  -7.1236 285.1330 1.4163
v  -2.7795 285.1330 -6.7068
v  6.7103 285.1330 2.7781
v  6.0391 285.1330 -4.0331
v  -1.4170 285.1330 7.1200
v  -7.2632 285.1330 0.0000
v  -1.4170 285.1330 -7.1199
v  6.0391 285.1330 4.0332
v  6.7103 285.1330 -2.7780
v  -2.7795 285.1330 6.7069
v  -7.1236 285.1330 -1.4162
v  -0.0000 285.1330 -7.2594
v  5.1358 285.1330 5.1332
v  7.1236 285.1330 -1.4162
v  -4.0352 285.1330 6.0360
v  -6.7103 285.1330 -2.7780
v  1.4170 285.1330 -7.1199
v  4.0352 285.1330 6.0360
v  -5.1358 285.1330 5.1332
v  6.8136 416.4045 -2.4376
v  -3.0934 416.4045 6.5392
v  -7.0203 416.4045 -1.7567
v  0.3542 416.4045 -7.2245
v  4.8607 416.4045 5.3589
v  -4.3104 416.4045 5.8104
v  -6.5425 416.4045 -3.0918
v  7.1585 416.4045 -1.0621
v  1.7576 416.4045 -7.0166
v  3.7213 416.4045 6.2038
v  -5.3617 416.4045 4.8582
v  -5.8133 416.4045 -4.3081
v  3.0934 416.4045 -6.5391
v  2.4389 416.4045 6.8102
v  -6.2069 416.4045 3.7194
v  -4.8607 416.4045 -5.3589
v  7.2283 416.4045 0.3541
v  4.3104 416.4045 -5.8103
v  1.0627 416.4045 7.1549
v  -6.8136 416.4045 2.4377
v  -3.7213 416.4045 -6.2037
v  7.0203 416.4045 1.7568
v  5.3617 416.4045 -4.8581
v  -0.3542 416.4045 7.2246
v  -7.1585 416.4045 1.0622
v  -2.4389 416.4045 -6.8101
v  6.5425 416.4045 3.0919
v  6.2069 416.4045 -3.7193
v  -1.7576 416.4045 7.0167
v  -7.2283 416.4045 -0.3540
v  -1.0627 416.4045 -7.1548
v  5.8133 416.4045 4.3082
v  -4.0352 810.2192 6.0361
v  -5.2100 810.2192 12.5716
v  -7.5637 810.2192 11.3141
v  -7.1236 810.2192 -1.4161
v  -12.5780 810.2192 -5.2072
v  -6.7103 810.2192 -2.7780
v  -0.0000 810.2192 -7.2593
v  2.6560 810.2192 -13.3457
v  1.4170 810.2192 -7.1199
v  4.0352 810.2192 6.0361
v  9.6268 810.2192 9.6219
v  7.5637 810.2192 11.3141
v  -9.6268 810.2192 9.6219
v  -5.1358 810.2192 5.1333
v  -6.0391 810.2192 -4.0330
v  -11.3199 810.2192 -7.5597
v  7.2632 810.2192 0.0001
v  13.3527 810.2192 -2.6546
v  13.6143 810.2192 0.0001
v  5.2100 810.2192 -12.5714
v  2.7795 810.2192 -6.7068
v  5.2100 810.2192 12.5716
v  2.7795 810.2192 6.7069
v  -6.0391 810.2192 4.0332
v  -11.3199 810.2192 7.5599
v  -9.6268 810.2192 -9.6217
v  -5.1358 810.2192 -5.1331
v  4.0352 810.2192 -6.0359
v  7.5637 810.2192 -11.3140
v  2.6560 810.2192 13.3459
v  1.4170 810.2192 7.1200
v  -12.5780 810.2192 5.2074
v  -6.7103 810.2192 2.7782
v  -4.0352 810.2192 -6.0359
v  -7.5637 810.2192 -11.3140
v  13.3527 810.2192 2.6547
v  7.1236 810.2192 1.4163
v  9.6268 810.2192 -9.6217
v  5.1358 810.2192 -5.1331
v  0.0000 810.2192 7.2595
v  0.0000 810.2192 13.6074
v  -13.3527 810.2192 2.6547
v  -7.1236 810.2192 1.4163
v  -5.2100 810.2192 -12.5714
v  -2.7795 810.2192 -6.7068
v  12.5780 810.2192 5.2074
v  6.7103 810.2192 2.7782
v  6.0391 810.2192 -4.0330
v  11.3199 810.2192 -7.5597
v  -2.6560 810.2192 13.3459
v  -1.4170 810.2192 7.1200
v  -13.6143 810.2192 0.0001
v  -7.2632 810.2192 0.0001
v  -1.4170 810.2192 -7.1199
v  -2.6560 810.2192 -13.3457
v  11.3199 810.2192 7.5599
v  6.0391 810.2192 4.0332
v  12.5780 810.2192 -5.2072
v  6.7103 810.2192 -2.7780
v  -2.7795 810.2192 6.7069
v  -13.3527 810.2192 -2.6546
v  -0.0000 810.2192 -13.6072
v  5.1358 810.2192 5.1333
v  7.1236 810.2192 -1.4162
v  0.0000 820.0998 13.6074
v  -13.3527 820.0998 2.6547
v  -5.2100 820.0998 -12.5714
v  12.5780 820.0998 5.2074
v  11.3199 820.0998 -7.5597
v  -2.6560 820.0998 13.3459
v  -13.6143 820.0998 0.0001
v  -2.6560 820.0998 -13.3457
v  11.3199 820.0998 7.5599
v  12.5780 820.0998 -5.2072
v  -5.2100 820.0998 12.5716
v  -13.3527 820.0998 -2.6546
v  -0.0000 820.0998 -13.6072
v  9.6268 820.0998 9.6219
v  13.3527 820.0998 -2.6546
v  -7.5637 820.0998 11.3141
v  -12.5780 820.0998 -5.2072
v  2.6560 820.0998 -13.3457
v  7.5637 820.0998 11.3141
v  -9.6268 820.0998 9.6219
v  -11.3199 820.0998 -7.5597
v  13.6143 820.0998 0.0001
v  5.2100 820.0998 -12.5714
v  5.2100 820.0998 12.5716
v  -11.3199 820.0998 7.5599
v  -9.6268 820.0998 -9.6217
v  7.5637 820.0998 -11.3140
v  2.6560 820.0998 13.3459
v  -12.5780 820.0998 5.2074
v  -7.5637 820.0998 -11.3140
v  13.3527 820.0998 2.6547
v  9.6268 820.0998 -9.6217
v  -12.3270 820.0999 -12.3206
v  -9.6853 820.0999 -14.4875
v  17.0981 820.0999 3.3994
v  16.1060 820.0999 -6.6678
v  12.3270 820.0999 -12.3206
v  3.4010 820.0999 17.0894
v  0.0000 820.0999 17.4242
v  -16.1060 820.0999 6.6680
v  -17.0981 820.0999 3.3994
v  -6.6713 820.0999 -16.0977
v  16.1060 820.0999 6.6680
v  14.4951 820.0999 -9.6802
v  17.0981 820.0999 -3.3992
v  -3.4010 820.0999 17.0894
v  -17.4331 820.0999 0.0001
v  -3.4010 820.0999 -17.0892
v  14.4951 820.0999 9.6804
v  -6.6713 820.0999 16.0979
v  -17.0981 820.0999 -3.3992
v  17.4331 820.0999 0.0001
v  -0.0000 820.0999 -17.4240
v  12.3270 820.0999 12.3208
v  -9.6853 820.0999 14.4877
v  -16.1060 820.0999 -6.6678
v  3.4010 820.0999 -17.0892
v  9.6853 820.0999 14.4877
v  -12.3270 820.0999 12.3208
v  -14.4951 820.0999 -9.6802
v  6.6713 820.0999 -16.0977
v  6.6713 820.0999 16.0979
v  -14.4951 820.0999 9.6804
v  9.6853 820.0999 -14.4875
v  6.6713 824.1252 -16.0977
v  6.6713 824.1252 16.0979
v  -14.4951 824.1252 9.6804
v  -12.3270 824.1252 -12.3206
v  9.6853 824.1252 -14.4875
v  3.4010 824.1252 17.0894
v  -16.1060 824.1252 6.6680
v  -9.6853 824.1252 -14.4875
v  17.0981 824.1252 3.3994
v  12.3270 824.1252 -12.3206
v  0.0000 824.1252 17.4242
v  -17.0981 824.1252 3.3994
v  -6.6713 824.1252 -16.0977
v  16.1060 824.1252 6.6680
v  14.4951 824.1252 -9.6802
v  -3.4010 824.1252 17.0894
v  -17.4331 824.1252 0.0001
v  -3.4010 824.1252 -17.0892
v  14.4951 824.1252 9.6804
v  16.1060 824.1252 -6.6678
v  -6.6713 824.1252 16.0979
v  -17.0981 824.1252 -3.3992
v  -0.0000 824.1252 -17.4240
v  12.3270 824.1252 12.3208
v  17.0981 824.1252 -3.3992
v  -9.6853 824.1252 14.4877
v  -16.1060 824.1252 -6.6678
v  3.4010 824.1252 -17.0892
v  9.6853 824.1252 14.4877
v  -12.3270 824.1252 12.3208
v  -14.4951 824.1252 -9.6802
v  17.4331 824.1252 0.0001
v  -0.0000 824.1252 0.0001
v  -13.2863 815.7847 0.0001
v  -13.2863 818.6946 -0.5788
v  -13.2863 818.7516 0.0001
v  -13.2863 818.5257 -1.1355
v  -13.2863 818.2516 -1.6485
v  -13.2863 817.8826 -2.0982
v  -13.2863 817.4330 -2.4672
v  -13.2863 816.9200 -2.7414
v  -13.2863 816.3635 -2.9103
v  -13.2863 815.7847 -2.9673
v  -13.2863 815.2059 -2.9103
v  -13.2863 814.6494 -2.7414
v  -13.2863 814.1365 -2.4672
v  -13.2863 813.6869 -2.0982
v  -13.2863 813.3179 -1.6485
v  -13.2863 813.0437 -1.1355
v  -13.2863 812.8749 -0.5788
v  -13.2863 812.8179 0.0001
v  -13.2863 812.8749 0.5790
v  -13.2863 813.0437 1.1357
v  -13.2863 813.3179 1.6487
v  -13.2863 813.6869 2.0983
v  -13.2863 814.1365 2.4674
v  -13.2863 814.6494 2.7416
v  -13.2863 815.2059 2.9105
v  -13.2863 815.7847 2.9675
v  -13.2863 816.3635 2.9105
v  -13.2863 816.9200 2.7416
v  -13.2863 817.4330 2.4674
v  -13.2863 817.8826 2.0983
v  -13.2863 818.2516 1.6487
v  -13.2863 818.5257 1.1357
v  -13.2863 818.6946 0.5790
v  -58.7661 812.8749 -0.5788
v  -58.7661 812.2680 0.0001
v  -58.7661 812.3356 -0.6861
v  -58.7661 815.2059 -2.9103
v  -58.7661 815.7847 -3.5173
v  -58.7661 815.7847 -2.9673
v  -58.7661 818.2516 1.6487
v  -58.7661 818.2714 2.4872
v  -58.7661 817.8826 2.0983
v  -58.7661 818.6946 -0.5788
v  -58.7661 819.0338 -1.3459
v  -58.7661 819.2339 -0.6861
v  -58.7661 814.1365 2.4674
v  -58.7661 814.4389 3.2497
v  -58.7661 813.8309 2.9247
v  -58.7661 813.0437 -1.1355
v  -58.7661 812.5357 -1.3459
v  -58.7661 816.3635 -2.9103
v  -58.7661 816.4708 -3.4497
v  -58.7661 817.4330 2.4674
v  -58.7661 817.7385 2.9247
v  -58.7661 813.2980 2.4872
v  -58.7661 813.6869 2.0983
v  -58.7661 813.3179 -1.6485
v  -58.7661 812.8607 -1.9540
v  -58.7661 819.3015 0.0001
v  -58.7661 818.7516 0.0001
v  -58.7661 816.9200 -2.7414
v  -58.7661 817.1306 -3.2495
v  -58.7661 817.1306 3.2497
v  -58.7661 816.9200 2.7416
v  -58.7661 812.8607 1.9542
v  -58.7661 813.3179 1.6487
v  -58.7661 813.6869 -2.0981
v  -58.7661 813.2980 -2.4870
v  -58.7661 817.4330 -2.4672
v  -58.7661 817.7385 -2.9245
v  -58.7661 816.4708 3.4499
v  -58.7661 816.3635 2.9105
v  -58.7661 812.5357 1.3461
v  -58.7661 813.0437 1.1357
v  -58.7661 814.1365 -2.4672
v  -58.7661 813.8309 -2.9245
v  -58.7661 818.6946 0.5790
v  -58.7661 819.2339 0.6863
v  -58.7661 818.2714 -2.4870
v  -58.7661 817.8826 -2.0981
v  -58.7661 815.7847 3.5175
v  -58.7661 815.7847 2.9675
v  -58.7661 812.3356 0.6863
v  -58.7661 812.8749 0.5790
v  -58.7661 814.4389 -3.2495
v  -58.7661 814.6494 -2.7414
v  -58.7661 819.0338 1.3461
v  -58.7661 818.5257 1.1357
v  -58.7661 818.2516 -1.6485
v  -58.7661 818.7088 -1.9540
v  -58.7661 815.2059 2.9105
v  -58.7661 815.0986 3.4499
v  -58.7661 812.8179 0.0001
v  -58.7661 815.0986 -3.4497
v  -58.7661 818.7088 1.9542
v  -58.7661 818.5257 -1.1355
v  -58.7661 814.6494 2.7416
v  -60.1288 812.5357 -1.3459
v  -60.1288 816.4708 -3.4497
v  -60.1288 817.7385 2.9247
v  -60.1288 813.2980 2.4872
v  -60.1288 812.8607 -1.9540
v  -60.1288 819.3015 0.0001
v  -60.1288 817.1306 -3.2495
v  -60.1288 817.1306 3.2497
v  -60.1288 812.8607 1.9542
v  -60.1288 813.2980 -2.4870
v  -60.1288 817.7385 -2.9245
v  -60.1288 816.4708 3.4499
v  -60.1288 812.5357 1.3461
v  -60.1288 813.8309 -2.9245
v  -60.1288 819.2339 0.6863
v  -60.1288 818.2714 -2.4870
v  -60.1288 815.7847 3.5175
v  -60.1288 812.3356 0.6863
v  -60.1288 814.4389 -3.2495
v  -60.1288 819.0338 1.3461
v  -60.1288 818.7088 -1.9540
v  -60.1288 815.0986 3.4499
v  -60.1288 812.2680 0.0001
v  -60.1288 815.0986 -3.4497
v  -60.1288 818.7088 1.9542
v  -60.1288 819.0338 -1.3459
v  -60.1288 814.4389 3.2497
v  -60.1288 812.3356 -0.6861
v  -60.1288 815.7847 -3.5173
v  -60.1288 818.2714 2.4872
v  -60.1288 819.2339 -0.6861
v  -60.1288 813.8309 2.9247
v  -60.1288 815.7847 0.0001
v  -62.2082 819.3949 0.0001
v  -63.5628 819.0307 0.7824
v  -62.2082 819.2922 0.8468
v  -64.7112 818.3588 0.0001
v  -65.4786 817.1719 0.3241
v  -64.7112 818.2861 0.5988
v  -59.7052 818.3588 0.0001
v  -58.9378 817.1719 0.3241
v  -58.9378 817.2112 0.0001
v  -60.8536 819.1257 0.0001
v  -60.8536 819.0307 0.7823
v  -63.5628 819.1257 0.0001
v  -65.4786 817.2112 0.0001
v  -65.7480 815.8575 0.0001
v  -58.6684 815.8575 0.0001
v  -59.7052 818.2861 0.5988
v  -58.9378 817.0562 0.6293
v  -60.8536 818.7513 1.5191
v  -63.5628 818.7513 1.5191
v  -65.4786 817.0562 0.6293
v  -59.7052 818.0723 1.1627
v  -62.2082 818.9897 1.6443
v  -64.7112 818.0723 1.1627
v  -65.4786 816.8707 0.8979
v  -58.9378 816.8707 0.8979
v  -59.7052 817.7298 1.6591
v  -63.5628 818.3037 2.1676
v  -62.2082 818.5052 2.3462
v  -64.7112 817.7298 1.6591
v  -60.8536 818.3037 2.1676
v  -59.7052 817.2784 2.0590
v  -63.5628 817.7140 2.6902
v  -62.2082 817.8669 2.9118
v  -65.4786 816.6265 1.1144
v  -64.7112 817.2784 2.0590
v  -58.9378 816.6265 1.1144
v  -60.8536 817.7140 2.6902
v  -58.9378 816.3376 1.2661
v  -62.2082 817.1119 3.3082
v  -60.8536 817.0164 3.0564
v  -63.5628 817.0164 3.0564
v  -65.4786 816.3376 1.2661
v  -59.7052 816.7445 2.3393
v  -64.7112 816.7445 2.3393
v  -62.2082 816.2839 3.5123
v  -60.8536 816.2514 3.2450
v  -64.7112 816.1590 2.4836
v  -63.5628 816.2514 3.2450
v  -65.4786 816.0207 1.3442
v  -58.9378 816.0207 1.3442
v  -59.7052 816.1590 2.4836
v  -58.9378 815.6943 1.3442
v  -59.7052 815.5560 2.4836
v  -62.2082 815.4311 3.5123
v  -65.4786 815.6943 1.3442
v  -64.7112 815.5560 2.4836
v  -60.8536 815.4636 3.2450
v  -63.5628 815.4636 3.2450
v  -63.5628 814.6986 3.0564
v  -62.2082 814.6031 3.3082
v  -65.4786 815.3775 1.2661
v  -64.7112 814.9706 2.3393
v  -59.7052 814.9706 2.3393
v  -58.9378 815.3775 1.2661
v  -60.8536 814.6986 3.0564
v  -58.9378 815.0885 1.1144
v  -60.8536 814.0010 2.6902
v  -63.5628 814.0010 2.6902
v  -65.4786 815.0885 1.1144
v  -59.7052 814.4366 2.0590
v  -62.2082 813.8480 2.9118
v  -64.7112 814.4366 2.0590
v  -64.7112 813.9853 1.6591
v  -63.5628 813.4113 2.1676
v  -65.4786 814.8443 0.8979
v  -58.9378 814.8443 0.8979
v  -60.8536 813.4113 2.1676
v  -59.7052 813.9853 1.6591
v  -62.2082 813.2097 2.3462
v  -58.9378 814.6589 0.6293
v  -60.8536 812.9638 1.5191
v  -59.7052 813.6427 1.1627
v  -62.2082 812.7253 1.6443
v  -65.4786 814.6589 0.6293
v  -64.7112 813.6427 1.1627
v  -63.5628 812.9638 1.5191
v  -65.4786 814.5432 0.3241
v  -64.7112 813.4288 0.5988
v  -58.9378 814.5432 0.3241
v  -60.8536 812.6844 0.7823
v  -63.5628 812.6844 0.7823
v  -59.7052 813.4288 0.5988
v  -62.2082 812.4229 0.8468
v  -59.7052 813.3563 0.0001
v  -58.9378 814.5038 0.0001
v  -60.8536 812.5894 0.0001
v  -63.5628 812.5894 0.0001
v  -65.4786 814.5038 0.0001
v  -62.2082 812.3201 0.0001
v  -64.7112 813.3563 0.0001
v  -65.4786 814.5432 -0.3239
v  -58.9378 814.5432 -0.3239
v  -59.7052 813.4288 -0.5986
v  -62.2082 812.4229 -0.8466
v  -64.7112 813.4288 -0.5986
v  -60.8536 812.6844 -0.7821
v  -63.5628 812.6844 -0.7821
v  -59.7052 813.6427 -1.1625
v  -63.5628 812.9638 -1.5189
v  -62.2082 812.7253 -1.6441
v  -64.7112 813.6427 -1.1625
v  -58.9378 814.6589 -0.6291
v  -60.8536 812.9638 -1.5189
v  -65.4786 814.6589 -0.6291
v  -58.9378 814.8443 -0.8977
v  -62.2082 813.2097 -2.3460
v  -60.8536 813.4113 -2.1674
v  -64.7112 813.9852 -1.6589
v  -63.5628 813.4113 -2.1674
v  -65.4786 814.8443 -0.8977
v  -59.7052 813.9852 -1.6589
v  -62.2082 813.8480 -2.9116
v  -60.8536 814.0010 -2.6900
v  -64.7112 814.4366 -2.0588
v  -63.5628 814.0010 -2.6900
v  -65.4786 815.0885 -1.1142
v  -58.9378 815.0885 -1.1142
v  -59.7052 814.4366 -2.0588
v  -58.9378 815.3775 -1.2659
v  -59.7052 814.9706 -2.3391
v  -63.5628 814.6986 -3.0562
v  -62.2082 814.6031 -3.3080
v  -64.7112 814.9706 -2.3391
v  -60.8536 814.6986 -3.0562
v  -65.4786 815.3775 -1.2659
v  -62.2082 815.4311 -3.5121
v  -65.4786 815.6943 -1.3440
v  -64.7112 815.5560 -2.4834
v  -59.7052 815.5560 -2.4834
v  -58.9378 815.6943 -1.3440
v  -60.8536 815.4636 -3.2448
v  -63.5628 815.4636 -3.2448
v  -59.7052 816.1590 -2.4834
v  -58.9378 816.0207 -1.3440
v  -60.8536 816.2514 -3.2448
v  -63.5628 816.2514 -3.2448
v  -65.4786 816.0207 -1.3440
v  -62.2082 816.2839 -3.5121
v  -64.7112 816.1590 -2.4834
v  -64.7112 816.7445 -2.3391
v  -63.5628 817.0164 -3.0562
v  -65.4786 816.3376 -1.2659
v  -58.9378 816.3376 -1.2659
v  -59.7052 816.7445 -2.3391
v  -62.2082 817.1119 -3.3080
v  -60.8536 817.0164 -3.0562
v  -58.9378 816.6265 -1.1142
v  -59.7052 817.2784 -2.0588
v  -63.5628 817.7140 -2.6900
v  -62.2082 817.8669 -2.9116
v  -65.4786 816.6265 -1.1142
v  -64.7112 817.2784 -2.0588
v  -60.8536 817.7140 -2.6900
v  -64.7112 817.7298 -1.6589
v  -59.7052 817.7298 -1.6589
v  -58.9378 816.8707 -0.8977
v  -62.2082 818.5052 -2.3460
v  -60.8536 818.3037 -2.1674
v  -63.5628 818.3037 -2.1674
v  -65.4786 816.8707 -0.8977
v  -58.9378 817.0562 -0.6291
v  -62.2082 818.9897 -1.6441
v  -60.8536 818.7513 -1.5189
v  -64.7112 818.0723 -1.1625
v  -63.5628 818.7513 -1.5189
v  -65.4786 817.0562 -0.6291
v  -59.7052 818.0723 -1.1625
v  -65.4786 817.1719 -0.3239
v  -58.9378 817.1719 -0.3239
v  -60.8536 819.0307 -0.7822
v  -59.7052 818.2861 -0.5986
v  -62.2082 819.2922 -0.8466
v  -64.7112 818.2861 -0.5986
v  -63.5628 819.0307 -0.7822
v  13.2863 815.7847 0.0001
v  13.2863 818.7516 0.0001
v  13.2863 818.6946 -0.5788
v  13.2863 818.5257 -1.1355
v  13.2863 818.2516 -1.6485
v  13.2863 817.8826 -2.0982
v  13.2863 817.4330 -2.4672
v  13.2863 816.9200 -2.7414
v  13.2863 816.3635 -2.9103
v  13.2863 815.7847 -2.9673
v  13.2863 815.2059 -2.9103
v  13.2863 814.6494 -2.7414
v  13.2863 814.1365 -2.4672
v  13.2863 813.6869 -2.0982
v  13.2863 813.3179 -1.6485
v  13.2863 813.0437 -1.1355
v  13.2863 812.8749 -0.5788
v  13.2863 812.8179 0.0001
v  13.2863 812.8749 0.5790
v  13.2863 813.0437 1.1357
v  13.2863 813.3179 1.6487
v  13.2863 813.6869 2.0983
v  13.2863 814.1365 2.4674
v  13.2863 814.6494 2.7416
v  13.2863 815.2059 2.9105
v  13.2863 815.7847 2.9675
v  13.2863 816.3635 2.9105
v  13.2863 816.9200 2.7416
v  13.2863 817.4330 2.4674
v  13.2863 817.8826 2.0983
v  13.2863 818.2516 1.6487
v  13.2863 818.5257 1.1357
v  13.2863 818.6946 0.5790
v  58.7661 812.8749 -0.5788
v  58.7661 812.2680 0.0001
v  58.7661 812.8179 0.0001
v  58.7661 815.7847 -3.5173
v  58.7661 815.2059 -2.9103
v  58.7661 815.7847 -2.9673
v  58.7661 818.2714 2.4872
v  58.7661 818.2516 1.6487
v  58.7661 817.8826 2.0983
v  58.7661 818.6946 -0.5788
v  58.7661 819.0338 -1.3459
v  58.7661 818.5257 -1.1355
v  58.7661 814.1365 2.4674
v  58.7661 814.4389 3.2497
v  58.7661 814.6494 2.7416
v  58.7661 813.0437 -1.1355
v  58.7661 812.3356 -0.6861
v  58.7661 816.3635 -2.9103
v  58.7661 817.4330 2.4674
v  58.7661 813.2980 2.4872
v  58.7661 813.6869 2.0983
v  58.7661 813.3179 -1.6485
v  58.7661 812.5357 -1.3459
v  58.7661 819.3015 0.0001
v  58.7661 818.7516 0.0001
v  58.7661 816.9200 -2.7414
v  58.7661 816.4708 -3.4497
v  58.7661 817.1306 3.2497
v  58.7661 816.9200 2.7416
v  58.7661 812.8607 1.9542
v  58.7661 813.3179 1.6487
v  58.7661 813.6869 -2.0982
v  58.7661 812.8607 -1.9540
v  58.7661 817.4330 -2.4672
v  58.7661 817.1306 -3.2495
v  58.7661 816.4708 3.4499
v  58.7661 816.3635 2.9104
v  58.7661 812.5357 1.3461
v  58.7661 813.0437 1.1357
v  58.7661 814.1365 -2.4672
v  58.7661 813.2980 -2.4871
v  58.7661 818.6946 0.5790
v  58.7661 818.2714 -2.4871
v  58.7661 817.8826 -2.0982
v  58.7661 815.7847 3.5175
v  58.7661 815.7847 2.9675
v  58.7661 812.3356 0.6863
v  58.7661 812.8749 0.5790
v  58.7661 814.4389 -3.2495
v  58.7661 814.6494 -2.7414
v  58.7661 819.0338 1.3461
v  58.7661 818.5257 1.1357
v  58.7661 818.2516 -1.6485
v  58.7661 815.2059 2.9104
v  58.7661 815.0986 -3.4497
v  58.7661 815.0986 3.4499
v  60.1288 812.5357 -1.3459
v  60.1288 816.4708 -3.4497
v  60.1288 817.7385 2.9247
v  58.7661 817.7385 2.9247
v  60.1288 813.2980 2.4872
v  58.7661 813.8309 2.9247
v  60.1288 812.8607 -1.9540
v  60.1288 819.3015 0.0001
v  58.7661 819.2339 -0.6861
v  60.1288 817.1306 -3.2495
v  60.1288 817.1306 3.2497
v  60.1288 812.8607 1.9542
v  60.1288 813.2980 -2.4871
v  60.1288 817.7385 -2.9245
v  58.7661 817.7385 -2.9245
v  60.1288 816.4708 3.4499
v  60.1288 812.5357 1.3461
v  60.1288 813.8309 -2.9245
v  58.7661 813.8309 -2.9245
v  60.1288 819.2339 0.6863
v  58.7661 819.2339 0.6863
v  60.1288 818.2714 -2.4871
v  60.1288 815.7847 3.5175
v  60.1288 812.3356 0.6863
v  60.1288 814.4389 -3.2495
v  60.1288 819.0338 1.3461
v  60.1288 818.7088 -1.9540
v  58.7661 818.7088 -1.9540
v  60.1288 815.0986 3.4499
v  60.1288 812.2680 0.0001
v  60.1288 815.0986 -3.4497
v  60.1288 818.7088 1.9542
v  58.7661 818.7088 1.9542
v  60.1288 819.0338 -1.3459
v  60.1288 814.4389 3.2497
v  60.1288 812.3356 -0.6861
v  60.1288 815.7847 -3.5173
v  60.1288 818.2714 2.4872
v  60.1288 819.2339 -0.6861
v  60.1288 813.8309 2.9247
v  60.1288 815.7847 0.0001
v  62.2082 819.3949 0.0001
v  63.5628 819.0307 0.7823
v  63.5628 819.1257 0.0001
v  64.7112 818.3588 0.0001
v  65.4786 817.1719 0.3241
v  65.4786 817.2112 0.0001
v  58.9378 817.2112 0.0001
v  59.7052 818.2861 0.5988
v  59.7052 818.3588 0.0001
v  60.8536 819.0307 0.7823
v  60.8536 819.1257 0.0001
v  65.7480 815.8575 0.0001
v  58.6684 815.8575 0.0001
v  58.9378 817.1719 0.3241
v  58.9378 817.0562 0.6293
v  60.8536 818.7513 1.5191
v  62.2082 819.2922 0.8468
v  64.7112 818.0723 1.1627
v  64.7112 818.2861 0.5988
v  65.4786 817.0562 0.6293
v  63.5628 818.7513 1.5191
v  65.4786 816.8707 0.8979
v  58.9378 816.8707 0.8979
v  59.7052 817.7298 1.6591
v  59.7052 818.0723 1.1627
v  62.2082 818.9897 1.6443
v  63.5628 818.3037 2.1676
v  60.8536 818.3037 2.1676
v  64.7112 817.7298 1.6591
v  59.7052 817.2784 2.0590
v  62.2082 817.8669 2.9118
v  62.2082 818.5052 2.3462
v  65.4786 816.6265 1.1144
v  58.9378 816.6265 1.1144
v  63.5628 817.7140 2.6902
v  59.7052 816.7445 2.3393
v  60.8536 817.7140 2.6902
v  62.2082 817.1119 3.3082
v  63.5628 817.0164 3.0564
v  64.7112 817.2784 2.0590
v  65.4786 816.3376 1.2660
v  58.9378 816.3376 1.2660
v  60.8536 817.0164 3.0564
v  64.7112 816.7445 2.3393
v  62.2082 816.2839 3.5123
v  64.7112 816.1590 2.4836
v  65.4786 816.0207 1.3442
v  58.9378 816.0207 1.3442
v  60.8536 816.2514 3.2450
v  58.9378 815.6943 1.3442
v  59.7052 815.5560 2.4836
v  59.7052 816.1590 2.4836
v  62.2082 815.4311 3.5123
v  63.5628 816.2514 3.2450
v  64.7112 815.5560 2.4836
v  60.8536 815.4636 3.2450
v  63.5628 815.4636 3.2450
v  65.4786 815.6943 1.3442
v  63.5628 814.6986 3.0564
v  65.4786 815.3775 1.2660
v  58.9378 815.3775 1.2660
v  60.8536 814.6986 3.0564
v  64.7112 814.9706 2.3393
v  58.9378 815.0885 1.1144
v  59.7052 814.9706 2.3393
v  60.8536 814.0010 2.6902
v  62.2082 814.6031 3.3082
v  64.7112 814.4366 2.0590
v  65.4786 815.0885 1.1144
v  59.7052 814.4366 2.0590
v  63.5628 814.0010 2.6902
v  63.5628 813.4113 2.1676
v  65.4786 814.8443 0.8979
v  58.9378 814.8443 0.8979
v  60.8536 813.4113 2.1676
v  62.2082 813.2097 2.3462
v  62.2082 813.8480 2.9118
v  64.7112 813.9853 1.6591
v  58.9378 814.6589 0.6293
v  59.7052 813.6427 1.1627
v  59.7052 813.9853 1.6591
v  63.5628 812.9638 1.5191
v  65.4786 814.6589 0.6293
v  60.8536 812.9638 1.5191
v  64.7112 813.6427 1.1627
v  65.4786 814.5432 0.3241
v  58.9378 814.5432 0.3241
v  60.8536 812.6844 0.7823
v  62.2082 812.7253 1.6443
v  64.7112 813.4288 0.5988
v  63.5628 812.6844 0.7823
v  58.9378 814.5038 0.0001
v  59.7052 813.4288 0.5988
v  60.8536 812.5894 0.0001
v  62.2082 812.4229 0.8468
v  64.7112 813.3563 0.0001
v  65.4786 814.5038 0.0001
v  59.7052 813.3563 0.0001
v  63.5628 812.5894 0.0001
v  65.4786 814.5432 -0.3239
v  58.9378 814.5432 -0.3239
v  59.7052 813.4288 -0.5986
v  62.2082 812.4229 -0.8466
v  62.2082 812.3201 0.0001
v  64.7112 813.4288 -0.5986
v  59.7052 813.6427 -1.1625
v  60.8536 812.6844 -0.7822
v  62.2082 812.7253 -1.6441
v  63.5628 812.6844 -0.7822
v  64.7112 813.6427 -1.1625
v  63.5628 812.9638 -1.5189
v  65.4786 814.6589 -0.6291
v  58.9378 814.6589 -0.6291
v  59.7052 813.9853 -1.6589
v  60.8536 812.9638 -1.5189
v  62.2082 813.2097 -2.3460
v  64.7112 813.9853 -1.6589
v  65.4786 814.8443 -0.8977
v  58.9378 814.8443 -0.8977
v  60.8536 814.0010 -2.6900
v  60.8536 813.4113 -2.1675
v  63.5628 813.4113 -2.1675
v  64.7112 814.4366 -2.0588
v  65.4786 815.0885 -1.1142
v  58.9378 815.0885 -1.1142
v  62.2082 813.8480 -2.9116
v  58.9378 815.3775 -1.2659
v  59.7052 814.4366 -2.0588
v  60.8536 814.6986 -3.0562
v  62.2082 814.6031 -3.3080
v  63.5628 814.0010 -2.6900
v  64.7112 814.9706 -2.3391
v  59.7052 814.9706 -2.3391
v  63.5628 814.6986 -3.0562
v  65.4786 815.3775 -1.2659
v  63.5628 815.4636 -3.2448
v  64.7112 815.5560 -2.4834
v  59.7052 815.5560 -2.4834
v  60.8536 815.4636 -3.2448
v  65.4786 815.6943 -1.3440
v  58.9378 815.6943 -1.3440
v  58.9378 816.0207 -1.3440
v  60.8536 816.2514 -3.2448
v  62.2082 815.4311 -3.5121
v  63.5628 816.2514 -3.2448
v  65.4786 816.0207 -1.3440
v  59.7052 816.1590 -2.4834
v  62.2082 816.2839 -3.5121
v  64.7112 816.1590 -2.4834
v  64.7112 816.7445 -2.3391
v  65.4786 816.3376 -1.2659
v  58.9378 816.3376 -1.2659
v  59.7052 816.7445 -2.3391
v  63.5628 817.0164 -3.0562
v  60.8536 817.0164 -3.0562
v  58.9378 816.6265 -1.1142
v  59.7052 817.2784 -2.0588
v  62.2082 817.8669 -2.9116
v  62.2082 817.1119 -3.3080
v  64.7112 817.2784 -2.0588
v  65.4786 816.6265 -1.1142
v  64.7112 817.7298 -1.6589
v  59.7052 817.7298 -1.6589
v  60.8536 817.7140 -2.6900
v  62.2082 818.5052 -2.3460
v  63.5628 818.3037 -2.1675
v  63.5628 817.7140 -2.6900
v  65.4786 816.8707 -0.8977
v  58.9378 816.8707 -0.8977
v  60.8536 818.3037 -2.1675
v  58.9378 817.0562 -0.6291
v  62.2082 818.9897 -1.6441
v  63.5628 818.7513 -1.5189
v  65.4786 817.0562 -0.6291
v  60.8536 818.7513 -1.5189
v  65.4786 817.1719 -0.3239
v  58.9378 817.1719 -0.3239
v  59.7052 818.2861 -0.5986
v  59.7052 818.0723 -1.1625
v  63.5628 819.0307 -0.7822
v  64.7112 818.2861 -0.5986
v  64.7112 818.0723 -1.1625
v  60.8536 819.0307 -0.7822
v  62.2082 819.2922 -0.8466
v  27.2179 903.3520 -34.0048
v  33.3004 901.0359 -33.2832
v  26.6404 901.0359 -33.2832
v  34.0224 903.3520 26.7936
v  33.3004 901.0359 33.2834
v  33.3004 901.0359 26.2250
v  -26.4079 903.3520 34.0050
v  -33.3004 901.0359 33.2834
v  -25.8475 901.0359 33.2834
v  -34.0224 903.3520 -28.0135
v  -33.3004 901.0359 -33.2832
v  -33.3004 901.0359 -27.4190
v  -7.1702 823.8434 9.2330
v  -9.2376 823.8434 7.2749
v  -7.1702 823.8434 7.2749
v  -34.0224 903.3520 34.0050
v  -37.7141 903.3520 29.7009
v  -34.0224 903.3520 26.7936
v  37.7141 903.3520 37.6948
v  30.1713 905.9214 37.6948
v  30.1713 903.3520 37.6948
v  34.0224 903.3520 -34.0048
v  37.7141 903.3520 -31.0532
v  34.0224 903.3520 -28.0135
v  34.0224 903.3520 34.0050
v  27.2180 903.3520 34.0050
v  -34.0224 903.3520 -34.0048
v  -29.2734 903.3520 -37.6946
v  -26.4079 903.3520 -34.0048
v  31.1566 905.9214 31.1407
v  24.9253 905.9214 31.1407
v  -37.7141 903.3520 -37.6946
v  -29.2734 905.9214 -37.6946
v  -37.7141 903.3520 37.6948
v  -37.7141 905.9214 29.7009
v  37.7141 903.3520 -37.6946
v  37.7141 905.9214 -31.0532
v  -31.1566 905.9214 24.5367
v  -3.9185 945.0013 3.9091
v  -3.9185 945.0013 3.0754
v  -31.1566 905.9214 -31.1405
v  -24.1835 905.9214 -31.1405
v  -31.1566 905.9214 31.1407
v  31.1566 905.9214 -31.1405
v  31.1566 905.9214 -25.6538
v  -3.0382 945.0013 -3.9532
v  -3.9185 945.0013 -3.2606
v  -3.0382 945.0013 -3.2606
v  3.9479 945.0013 -3.9532
v  3.9479 945.0013 -3.2606
v  3.9479 945.0013 3.9091
v  3.1613 945.0013 3.9091
v  -3.9185 945.0013 -3.9532
v  24.9253 905.9214 -31.1405
v  -24.1835 905.9214 31.1407
v  -3.0382 945.0013 3.9091
v  3.1613 945.0013 -3.2606
v  30.1713 905.9214 -37.6946
v  37.7141 905.9214 -37.6946
v  30.1713 903.3520 -37.6946
v  -29.2733 905.9214 37.6948
v  -29.2733 903.3520 37.6948
v  9.2376 823.8434 9.2330
v  7.3901 823.8434 7.2749
v  9.2376 823.8434 7.2749
v  26.6404 901.0359 33.2834
v  -25.8475 901.0359 -33.2832
v  -37.7141 905.9214 37.6948
v  3.1613 945.0013 -3.9532
v  7.3901 823.8434 9.2330
v  8.0723 826.5789 10.0853
v  24.6561 898.2495 30.7778
v  7.4778 829.3653 9.3159
v  -10.0904 826.5789 -10.0851
v  -7.8320 826.5789 -10.0851
v  -10.0904 826.5789 7.9465
v  -30.7984 898.2495 24.2476
v  -9.3255 829.3653 7.3372
v  10.0904 826.5789 10.0853
v  -10.0904 826.5789 -8.3082
v  -10.0904 826.5789 10.0853
v  -7.8320 826.5789 10.0853
v  10.0904 826.5789 7.9465
v  10.0904 826.5789 -10.0851
v  8.0723 826.5789 -10.0851
v  9.2376 823.8434 -9.2328
v  7.3901 823.8434 -9.2328
v  -9.2376 823.8434 9.2330
v  -9.2376 823.8434 -9.2328
v  -9.2376 823.8434 -7.6060
v  -7.1702 823.8434 -9.2328
v  10.0904 826.5789 -8.3082
v  9.2376 823.8434 -7.6060
v  33.3004 901.0359 -27.4190
v  -33.3004 901.0359 26.2250
v  -30.7984 898.2495 -25.3814
v  7.3901 823.8434 -7.6060
v  -3.0382 945.0013 3.0754
v  3.1613 945.0013 3.0754
v  3.9479 945.0013 3.0754
v  31.1566 905.9214 24.5367
v  37.7141 905.9214 29.7009
v  -37.7141 905.9214 -31.0532
v  -37.7141 905.9214 -37.6946
v  -31.1566 905.9214 -25.6538
v  37.7141 903.3520 29.7009
v  -37.7141 903.3520 -31.0532
v  -7.1702 823.8434 -7.6060
v  37.7141 905.9214 37.6948
v  -23.9033 898.2495 30.7778
v  -7.2362 829.3653 9.3159
v  -23.9033 898.2495 -30.8067
v  7.4778 829.3653 -9.3448
v  -7.2362 829.3653 -9.3448
v  -9.3255 829.3653 -7.7009
v  9.3448 829.3653 -7.7009
v  30.8177 898.2495 24.2476
v  9.3448 829.3653 7.3372
v  24.6561 898.2495 -30.8067
v  30.8177 898.2495 -25.3814
v  0.0000 942.1321 0.0001
v  3.3157 942.7913 0.0001
v  3.2194 942.7913 0.7932
v  6.1266 944.6681 0.0001
v  7.7722 947.4771 1.9148
v  5.9486 944.6681 1.4656
v  8.0048 954.1039 0.0001
v  8.4126 950.7905 2.0726
v  8.6644 950.7905 0.0001
v  3.3157 958.7899 0.0001
v  5.9486 956.9129 1.4656
v  6.1266 956.9129 0.0001
v  8.0048 947.4771 0.0001
v  7.7722 954.1039 1.9148
v  0.0000 959.4489 0.0001
v  3.2194 958.7899 0.7932
v  2.9359 942.7913 1.5402
v  7.6719 950.7905 4.0246
v  7.0879 947.4771 3.7182
v  7.0879 954.1039 3.7182
v  2.9359 958.7899 1.5402
v  5.4249 944.6681 2.8458
v  5.4249 956.9129 2.8458
v  6.4854 950.7905 5.7427
v  5.9917 947.4771 5.3056
v  4.5858 956.9129 4.0607
v  5.9917 954.1039 5.3056
v  2.4818 958.7899 2.1977
v  2.4818 942.7913 2.1977
v  4.5858 944.6681 4.0607
v  1.8835 942.7913 2.7275
v  3.4803 944.6681 5.0396
v  4.9219 950.7905 7.1271
v  3.4803 956.9129 5.0396
v  4.5473 947.4771 6.5846
v  4.5473 954.1039 6.5846
v  1.8835 958.7899 2.7275
v  3.0724 950.7905 8.0972
v  2.1725 956.9129 5.7257
v  1.1758 942.7913 3.0988
v  2.8385 947.4771 7.4809
v  2.8385 954.1039 7.4809
v  1.1758 958.7899 3.0988
v  2.1725 944.6681 5.7257
v  0.3997 942.7913 3.2899
v  1.0444 950.7905 8.5969
v  0.9649 947.4771 7.9425
v  0.7385 956.9129 6.0789
v  0.9649 954.1039 7.9425
v  0.3997 958.7899 3.2899
v  0.7385 944.6681 6.0789
v  -0.7385 956.9129 6.0789
v  -0.9649 954.1039 7.9425
v  -0.3997 958.7899 3.2899
v  -0.3997 942.7913 3.2899
v  -0.7385 944.6681 6.0789
v  -1.0444 950.7905 8.5969
v  -0.9649 947.4771 7.9425
v  -1.1758 942.7913 3.0988
v  -2.1725 944.6681 5.7257
v  -3.0724 950.7905 8.0973
v  -2.1725 956.9129 5.7257
v  -2.8385 947.4771 7.4809
v  -2.8385 954.1039 7.4809
v  -1.1758 958.7899 3.0988
v  -3.4803 956.9129 5.0396
v  -1.8835 942.7913 2.7275
v  -4.5473 947.4771 6.5846
v  -4.5473 954.1039 6.5846
v  -1.8835 958.7899 2.7275
v  -3.4803 944.6681 5.0396
v  -4.9219 950.7905 7.1271
v  -2.4818 942.7913 2.1977
v  -5.9917 947.4771 5.3056
v  -5.9917 954.1039 5.3056
v  -2.4818 958.7899 2.1977
v  -4.5858 944.6681 4.0607
v  -6.4854 950.7905 5.7427
v  -4.5858 956.9129 4.0607
v  -2.9359 958.7899 1.5402
v  -2.9359 942.7913 1.5402
v  -5.4249 944.6681 2.8458
v  -7.0879 954.1039 3.7182
v  -7.6719 950.7905 4.0246
v  -5.4249 956.9129 2.8458
v  -7.0879 947.4771 3.7182
v  -5.9486 944.6681 1.4656
v  -7.7722 954.1039 1.9148
v  -8.4126 950.7905 2.0726
v  -5.9486 956.9129 1.4656
v  -3.2194 942.7913 0.7932
v  -7.7722 947.4771 1.9148
v  -3.2194 958.7899 0.7932
v  -3.3157 942.7913 0.0001
v  -8.0048 947.4771 0.0001
v  -8.0048 954.1039 0.0001
v  -3.3157 958.7899 0.0001
v  -6.1266 944.6681 0.0001
v  -8.6643 950.7905 0.0001
v  -6.1266 956.9129 0.0001
v  -7.7722 947.4771 -1.9146
v  -7.7722 954.1039 -1.9146
v  -3.2194 958.7899 -0.7930
v  -3.2194 942.7913 -0.7930
v  -5.9486 944.6681 -1.4653
v  -8.4126 950.7905 -2.0723
v  -5.9486 956.9129 -1.4653
v  -2.9359 942.7913 -1.5400
v  -5.4249 944.6681 -2.8456
v  -7.6719 950.7905 -4.0243
v  -5.4249 956.9129 -2.8456
v  -7.0879 947.4771 -3.7180
v  -7.0879 954.1039 -3.7180
v  -2.9359 958.7899 -1.5400
v  -5.9917 954.1039 -5.3053
v  -6.4854 950.7905 -5.7425
v  -4.5858 956.9129 -4.0605
v  -2.4818 942.7913 -2.1975
v  -5.9917 947.4771 -5.3053
v  -2.4818 958.7899 -2.1975
v  -4.5858 944.6681 -4.0605
v  -3.4803 944.6681 -5.0394
v  -1.8835 942.7913 -2.7273
v  -4.5473 947.4771 -6.5843
v  -4.5473 954.1039 -6.5843
v  -1.8835 958.7899 -2.7273
v  -4.9219 950.7905 -7.1268
v  -3.4803 956.9129 -5.0394
v  -2.8385 954.1039 -7.4807
v  -1.1758 958.7899 -3.0985
v  -1.1758 942.7913 -3.0985
v  -2.1725 944.6681 -5.7254
v  -3.0724 950.7905 -8.0970
v  -2.1725 956.9129 -5.7254
v  -2.8385 947.4771 -7.4807
v  -0.3997 942.7913 -3.2897
v  -0.7385 944.6681 -6.0787
v  -0.9649 954.1039 -7.9423
v  -1.0444 950.7905 -8.5966
v  -0.7385 956.9129 -6.0787
v  -0.9649 947.4771 -7.9423
v  -0.3997 958.7899 -3.2897
v  0.7385 956.9129 -6.0787
v  0.3997 942.7913 -3.2897
v  0.9649 947.4771 -7.9423
v  0.9649 954.1039 -7.9423
v  0.3997 958.7899 -3.2897
v  0.7385 944.6681 -6.0787
v  1.0444 950.7905 -8.5966
v  2.1725 944.6681 -5.7254
v  1.1758 942.7913 -3.0985
v  2.8385 947.4771 -7.4807
v  2.8385 954.1039 -7.4807
v  1.1758 958.7899 -3.0985
v  3.0724 950.7905 -8.0970
v  2.1725 956.9129 -5.7254
v  1.8835 958.7899 -2.7273
v  1.8835 942.7913 -2.7273
v  4.5473 947.4771 -6.5843
v  3.4803 944.6681 -5.0394
v  4.5473 954.1039 -6.5843
v  4.9219 950.7905 -7.1268
v  3.4803 956.9129 -5.0394
v  5.9917 947.4771 -5.3053
v  4.5858 944.6681 -4.0605
v  5.9917 954.1039 -5.3053
v  6.4854 950.7905 -5.7425
v  2.4818 958.7899 -2.1975
v  4.5858 956.9129 -4.0605
v  2.4818 942.7913 -2.1975
v  5.4249 944.6681 -2.8456
v  2.9359 942.7913 -1.5400
v  7.0879 947.4771 -3.7180
v  7.0879 954.1039 -3.7180
v  2.9359 958.7899 -1.5400
v  7.6719 950.7905 -4.0243
v  5.4249 956.9129 -2.8456
v  7.7722 947.4771 -1.9146
v  7.7722 954.1039 -1.9146
v  3.2194 958.7899 -0.7930
v  3.2194 942.7913 -0.7930
v  5.9486 944.6681 -1.4653
v  8.4126 950.7905 -2.0723
v  5.9486 956.9129 -1.4653
v  7.0203 678.9476 -1.7566
v  6.8136 678.9476 -2.4375
v  -3.7213 678.9476 6.2038
v  -3.0934 678.9476 6.5392
v  -6.8136 678.9476 -2.4375
v  -7.0203 678.9476 -1.7566
v  1.0627 678.9476 -7.1547
v  0.3542 678.9476 -7.2245
v  4.3104 678.9476 5.8104
v  4.8607 678.9476 5.3590
v  -4.8607 678.9476 5.3590
v  -4.3104 678.9476 5.8104
v  -6.2069 678.9476 -3.7193
v  -6.5425 678.9476 -3.0918
v  7.2283 678.9476 -0.3540
v  7.1585 678.9476 -1.0621
v  2.4389 678.9476 -6.8100
v  1.7576 678.9476 -7.0166
v  3.0934 678.9476 6.5392
v  3.7213 678.9476 6.2038
v  -5.8133 678.9476 4.3082
v  -5.3617 678.9476 4.8583
v  -5.3617 678.9476 -4.8581
v  -5.8133 678.9476 -4.3081
v  3.7213 678.9476 -6.2036
v  3.0934 678.9476 -6.5391
v  1.7576 678.9476 7.0168
v  2.4389 678.9476 6.8102
v  -6.5425 678.9476 3.0919
v  -6.2069 678.9476 3.7194
v  -4.3104 678.9476 -5.8102
v  -4.8607 678.9476 -5.3588
v  7.1585 678.9476 1.0623
v  7.2283 678.9476 0.3541
v  4.8607 678.9476 -5.3588
v  4.3104 678.9476 -5.8102
v  0.3542 678.9476 7.2246
v  1.0627 678.9476 7.1549
v  -7.0203 678.9476 1.7568
v  -6.8136 678.9476 2.4377
v  -3.0934 678.9476 -6.5391
v  -3.7213 678.9476 -6.2036
v  6.8136 678.9476 2.4377
v  7.0203 678.9476 1.7568
v  5.8133 678.9476 -4.3081
v  5.3617 678.9476 -4.8581
v  -1.0627 678.9476 7.1549
v  -0.3542 678.9476 7.2246
v  -7.2283 678.9476 0.3541
v  -7.1585 678.9476 1.0623
v  -1.7576 678.9476 -7.0166
v  -2.4389 678.9476 -6.8100
v  6.2069 678.9476 3.7194
v  6.5425 678.9476 3.0919
v  6.5425 678.9476 -3.0918
v  6.2069 678.9476 -3.7193
v  -2.4389 678.9476 6.8102
v  -1.7576 678.9476 7.0168
v  -7.1585 678.9476 -1.0621
v  -7.2283 678.9476 -0.3540
v  -0.3542 678.9476 -7.2245
v  -1.0627 678.9476 -7.1547
v  5.3617 678.9476 4.8583
v  5.8133 678.9476 4.3082
v  5.5875 547.6761 4.5832
v  5.1358 547.6761 5.1333
v  6.0391 547.6761 4.0332
v  -0.7085 547.6761 -7.1896
v  -0.0000 547.6761 -7.2594
v  -1.4170 547.6760 -7.1199
v  -7.1934 547.6761 -0.7081
v  -7.1236 547.6761 -1.4162
v  -7.2632 547.6761 0.0001
v  -2.0982 547.6761 6.9135
v  -2.7795 547.6761 6.7069
v  -1.4170 547.6760 7.1200
v  6.3747 547.6761 -3.4055
v  6.7103 547.6761 -2.7780
v  6.0391 547.6761 -4.0331
v  6.3747 547.6761 3.4057
v  6.7103 547.6761 2.7781
v  -2.0982 547.6761 -6.9133
v  -2.7795 547.6760 -6.7068
v  -7.1934 547.6761 0.7082
v  -7.1236 547.6761 1.4163
v  -0.7085 547.6761 7.1898
v  0.0000 547.6760 7.2595
v  5.5875 547.6761 -4.5831
v  5.1358 547.6761 -5.1331
v  6.9170 547.6761 2.0972
v  7.1236 547.6761 1.4163
v  -3.4074 547.6761 -6.3714
v  -4.0352 547.6760 -6.0359
v  -6.9170 547.6761 2.0972
v  -6.7103 547.6761 2.7781
v  0.7085 547.6761 7.1898
v  1.4170 547.6760 7.1200
v  4.5855 547.6761 -5.5845
v  4.0352 547.6760 -6.0359
v  7.1934 547.6761 0.7082
v  7.2632 547.6761 0.0001
v  -4.5855 547.6761 -5.5845
v  -5.1358 547.6760 -5.1331
v  -6.3747 547.6761 3.4057
v  -6.0391 547.6761 4.0332
v  2.0982 547.6761 6.9135
v  2.7795 547.6760 6.7069
v  3.4074 547.6761 -6.3714
v  2.7795 547.6760 -6.7068
v  -5.5875 547.6761 -4.5831
v  -6.0391 547.6761 -4.0331
v  -5.5875 547.6761 4.5832
v  -5.1358 547.6761 5.1333
v  3.4074 547.6761 6.3715
v  4.0352 547.6760 6.0361
v  2.0982 547.6761 -6.9133
v  1.4170 547.6760 -7.1199
v  7.1934 547.6761 -0.7081
v  7.1236 547.6761 -1.4162
v  -6.3747 547.6761 -3.4055
v  -6.7103 547.6761 -2.7780
v  -4.5855 547.6761 5.5847
v  -4.0352 547.6760 6.0361
v  4.5855 547.6761 5.5847
v  0.7085 547.6761 -7.1896
v  -6.9170 547.6761 -2.0971
v  -3.4074 547.6761 6.3715
v  6.9170 547.6761 -2.0971
v  5.1358 678.9476 5.1333
v  5.1358 416.4045 5.1332
v  6.0391 416.4045 4.0332
v  6.0391 678.9476 4.0332
v  -0.0000 678.9476 -7.2594
v  -0.0000 416.4045 -7.2594
v  -1.4170 416.4045 -7.1199
v  -1.4170 678.9476 -7.1199
v  -7.1236 678.9476 -1.4162
v  -7.1236 416.4045 -1.4162
v  -7.2632 416.4045 0.0000
v  -7.2632 678.9476 0.0001
v  -2.7795 678.9476 6.7069
v  -2.7795 416.4045 6.7069
v  -1.4170 416.4045 7.1200
v  -1.4170 678.9476 7.1200
v  6.7103 678.9476 -2.7780
v  6.7103 416.4045 -2.7780
v  6.0391 416.4045 -4.0331
v  6.0391 678.9476 -4.0330
v  6.7103 416.4045 2.7781
v  6.7103 678.9476 2.7781
v  -2.7795 416.4045 -6.7068
v  -2.7795 678.9476 -6.7068
v  -7.1236 416.4045 1.4163
v  -7.1236 678.9476 1.4163
v  0.0000 416.4045 7.2595
v  0.0000 678.9476 7.2595
v  5.1358 416.4045 -5.1331
v  5.1358 678.9476 -5.1331
v  7.1236 416.4045 1.4163
v  7.1236 678.9476 1.4163
v  -4.0352 416.4045 -6.0360
v  -4.0352 678.9476 -6.0359
v  -6.7103 416.4045 2.7781
v  -6.7103 678.9476 2.7781
v  1.4170 416.4045 7.1200
v  1.4170 678.9476 7.1200
v  4.0352 416.4045 -6.0360
v  4.0352 678.9476 -6.0359
v  7.2632 416.4045 0.0000
v  7.2632 678.9476 0.0001
v  -5.1358 416.4045 -5.1331
v  -5.1358 678.9476 -5.1331
v  -6.0391 416.4045 4.0332
v  -6.0391 678.9476 4.0332
v  2.7795 416.4045 6.7069
v  2.7795 678.9476 6.7069
v  2.7795 416.4045 -6.7068
v  2.7795 678.9476 -6.7068
v  -6.0391 416.4045 -4.0331
v  -6.0391 678.9476 -4.0330
v  -5.1358 416.4045 5.1332
v  -5.1358 678.9476 5.1333
v  4.0352 416.4045 6.0361
v  4.0352 678.9476 6.0361
v  1.4170 416.4045 -7.1199
v  1.4170 678.9476 -7.1199
v  7.1236 416.4045 -1.4162
v  7.1236 678.9476 -1.4162
v  -6.7103 416.4045 -2.7780
v  -6.7103 678.9476 -2.7780
v  -4.0352 416.4045 6.0361
v  -4.0352 678.9476 6.0361
v  -25.9939 136.0748 5.1679
v  -24.4857 136.0748 10.1371
v  0.0000 136.0748 26.4895
v  5.1705 136.0748 25.9805
v  18.7405 136.0748 -18.7309
v  14.7243 136.0748 -22.0252
v  25.9939 136.0748 5.1679
v  26.5031 136.0748 0.0000
v  -14.7243 136.0748 -22.0252
v  -18.7405 136.0748 -18.7309
v  -22.0365 136.0748 14.7168
v  10.1423 136.0748 24.4731
v  10.1423 136.0748 -24.4731
v  -22.0365 136.0748 -14.7168
v  -18.7405 136.0748 18.7309
v  14.7243 136.0748 22.0252
v  5.1705 136.0748 -25.9805
v  25.9939 136.0748 -5.1678
v  -24.4857 136.0748 -10.1371
v  -14.7243 136.0748 22.0252
v  18.7405 136.0748 18.7309
v  -0.0000 136.0748 -26.4895
v  -25.9939 136.0748 -5.1678
v  -10.1423 136.0748 24.4731
v  24.4857 136.0748 -10.1371
v  22.0365 136.0748 14.7168
v  -5.1705 136.0748 -25.9805
v  -26.5031 136.0748 0.0000
v  -5.1705 136.0748 25.9805
v  22.0365 136.0748 -14.7168
v  24.4857 136.0748 10.1371
v  -10.1423 136.0748 -24.4731
# 2118 vertices

vn -0.0000 -1.0000 -0.0000
vn -0.0000 1.0000 0.0000
vn 0.5554 -0.0000 0.8316
vn 0.3825 -0.0000 0.9239
vn 0.1950 0.0000 -0.9808
vn 0.3825 0.0000 -0.9239
vn 0.9808 0.0000 -0.1952
vn 1.0000 0.0000 -0.0000
vn -0.9238 0.0000 -0.3828
vn -0.8313 0.0000 -0.5558
vn -0.5554 -0.0000 0.8316
vn -0.7069 -0.0000 0.7073
vn 0.7069 -0.0000 0.7073
vn -0.0000 0.0000 -1.0000
vn -0.9808 0.0000 -0.1952
vn -0.3825 -0.0000 0.9239
vn 0.9238 0.0000 -0.3828
vn 0.8313 -0.0000 0.5558
vn -0.1950 0.0000 -0.9808
vn -1.0000 0.0000 0.0000
vn -0.1950 -0.0000 0.9808
vn 0.8313 0.0000 -0.5558
vn 0.9238 -0.0000 0.3828
vn -0.3825 0.0000 -0.9239
vn -0.9808 -0.0000 0.1952
vn 0.0000 0.0000 1.0000
vn 0.7069 0.0000 -0.7073
vn 0.9808 -0.0000 0.1952
vn -0.5554 0.0000 -0.8316
vn -0.9238 -0.0000 0.3828
vn 0.1950 -0.0000 0.9808
vn 0.5554 0.0000 -0.8316
vn -0.7069 0.0000 -0.7073
vn -0.8313 -0.0000 0.5558
vn -0.3554 0.3697 -0.8585
vn -0.5160 0.3697 -0.7727
vn 0.9112 0.3698 0.1814
vn 0.8583 0.3698 0.3557
vn 0.6568 0.3697 -0.6572
vn 0.7724 0.3697 -0.5164
vn -0.1812 0.3696 0.9113
vn 0.0000 0.3696 0.9292
vn -0.9112 0.3698 0.1813
vn -0.9291 0.3698 0.0000
vn -0.1812 0.3696 -0.9113
vn 0.7724 0.3697 0.5164
vn 0.8583 0.3698 -0.3557
vn -0.3554 0.3697 0.8585
vn -0.9112 0.3698 -0.1813
vn 0.0000 0.3696 -0.9292
vn 0.6568 0.3697 0.6572
vn 0.9112 0.3698 -0.1814
vn -0.5160 0.3697 0.7727
vn -0.8583 0.3698 -0.3557
vn 0.1812 0.3696 -0.9113
vn 0.5160 0.3697 0.7727
vn -0.6568 0.3697 0.6572
vn -0.7724 0.3697 -0.5164
vn 0.9259 0.3777 0.0000
vn 0.3554 0.3697 -0.8585
vn 0.3554 0.3697 0.8585
vn -0.7724 0.3697 0.5164
vn -0.6568 0.3697 -0.6572
vn 0.5160 0.3697 -0.7727
vn 0.1812 0.3696 0.9113
vn -0.8583 0.3698 0.3557
vn -0.4712 0.0000 -0.8820
vn 0.9569 -0.0000 0.2904
vn 0.7729 0.0000 -0.6346
vn -0.0980 0.0000 0.9952
vn -0.9952 0.0000 0.0981
vn -0.2902 0.0000 -0.9570
vn 0.8854 0.0000 0.4649
vn 0.8854 0.0000 -0.4649
vn -0.2902 -0.0000 0.9570
vn -0.9952 0.0000 -0.0981
vn -0.0980 0.0000 -0.9952
vn 0.7729 -0.0000 0.6346
vn 0.9569 0.0000 -0.2904
vn -0.4712 -0.0000 0.8820
vn -0.9569 0.0000 -0.2904
vn 0.0980 0.0000 -0.9952
vn 0.6337 0.0010 0.7735
vn -0.6342 -0.0000 0.7732
vn -0.8854 0.0000 -0.4649
vn 0.9952 0.0000 -0.0981
vn 0.2902 0.0000 -0.9570
vn 0.4712 -0.0000 0.8820
vn -0.7729 -0.0000 0.6346
vn -0.7729 0.0000 -0.6346
vn 0.4712 0.0000 -0.8820
vn 0.2902 -0.0000 0.9570
vn -0.8818 -0.0000 0.4716
vn -0.6342 0.0000 -0.7732
vn 0.9952 0.0000 0.0981
vn 0.6342 0.0000 -0.7732
vn 0.0980 0.0000 0.9952
vn -0.9569 -0.0000 0.2904
vn -0.0000 0.3994 -0.9168
vn 0.1788 0.3994 -0.8992
vn 0.6481 0.3995 0.6484
vn 0.5091 0.3995 0.7624
vn -0.5091 0.3995 0.7624
vn -0.6481 0.3995 0.6484
vn -0.8469 0.3996 -0.3510
vn -0.7621 0.3995 -0.5095
vn 0.8991 0.3996 -0.1789
vn 0.9185 0.3955 0.0000
vn 0.3507 0.3995 -0.8470
vn 0.3507 0.3995 0.8470
vn -0.7621 0.3995 0.5095
vn -0.6481 0.3995 -0.6484
vn 0.5091 0.3995 -0.7624
vn 0.1788 0.3994 0.8992
vn -0.8469 0.3996 0.3510
vn -0.5091 0.3995 -0.7624
vn 0.8991 0.3996 0.1789
vn 0.6481 0.3995 -0.6484
vn 0.0000 0.3994 0.9168
vn -0.8991 0.3996 0.1789
vn -0.3507 0.3995 -0.8470
vn 0.8469 0.3996 0.3510
vn 0.7621 0.3995 -0.5095
vn -0.1788 0.3994 0.8992
vn -0.9185 0.3955 0.0000
vn -0.1788 0.3994 -0.8992
vn 0.7621 0.3995 0.5095
vn 0.8469 0.3996 -0.3510
vn -0.3507 0.3995 0.8470
vn -0.8991 0.3996 -0.1789
vn 0.9415 0.0000 -0.3370
vn -0.4274 -0.0000 0.9041
vn -0.9709 0.0000 -0.2394
vn 0.0490 0.0000 -0.9988
vn 0.6712 0.0005 0.7413
vn -0.5955 -0.0000 0.8033
vn -0.9055 0.0000 -0.4243
vn 0.9892 0.0000 -0.1468
vn 0.2429 0.0000 -0.9701
vn 0.5139 -0.0000 0.8578
vn -0.7408 -0.0000 0.6717
vn -0.8031 0.0000 -0.5959
vn 0.4274 0.0000 -0.9041
vn 0.3367 -0.0000 0.9416
vn -0.8576 -0.0000 0.5143
vn -0.6714 0.0000 -0.7411
vn 0.9988 0.0000 0.0491
vn 0.5955 0.0000 -0.8033
vn 0.1467 0.0000 0.9892
vn -0.9415 -0.0000 0.3370
vn -0.5139 0.0000 -0.8578
vn 0.9709 0.0000 0.2394
vn 0.7408 0.0000 -0.6717
vn -0.0490 0.0000 0.9988
vn -0.9892 0.0000 0.1468
vn -0.3367 0.0000 -0.9416
vn 0.9055 0.0000 0.4243
vn 0.8596 0.0000 -0.5110
vn -0.2429 -0.0000 0.9701
vn -0.9988 0.0000 -0.0491
vn -0.1467 0.0000 -0.9892
vn 0.8031 -0.0000 0.5959
vn 0.0000 -0.9808 0.1952
vn 0.0000 -0.1951 0.9808
vn -0.0000 0.7071 -0.7071
vn -0.0000 0.8315 -0.5555
vn 0.0000 0.9808 0.1952
vn 0.0000 0.9239 0.3826
vn -0.0000 -0.5557 -0.8314
vn -0.0000 -0.3828 -0.9238
vn 0.0000 -0.9239 0.3827
vn 0.0000 0.1951 0.9808
vn -0.0000 0.5556 -0.8314
vn -0.0000 -0.7072 -0.7070
vn 0.0000 -0.8315 0.5555
vn 0.0000 0.3827 0.9239
vn -0.0000 0.3827 -0.9239
vn -0.0000 -0.8315 -0.5555
vn 0.0000 -0.7072 0.7070
vn 0.0000 0.5556 0.8314
vn -0.0000 0.1951 -0.9808
vn -0.0000 0.9808 -0.1952
vn -0.0000 -0.9239 -0.3827
vn 0.0000 -0.5557 0.8314
vn 0.0000 0.7071 0.7071
vn -0.0000 -0.9808 -0.1952
vn 0.0000 -0.3828 0.9238
vn -0.0000 0.9239 -0.3826
vn 0.0000 0.8316 0.5554
vn -0.0000 -0.1951 -0.9808
vn -0.3773 0.8992 0.2216
vn -0.0000 0.9710 0.2393
vn -0.6995 0.7147 0.0000
vn -0.9184 0.3841 0.0946
vn -0.6995 0.6939 0.1710
vn 0.6995 0.7147 -0.0000
vn 0.9184 0.3841 0.0946
vn 0.3773 0.9261 0.0000
vn 0.3773 0.8992 0.2216
vn -0.3773 0.9261 0.0000
vn 0.6935 0.6999 0.1710
vn 0.9184 0.3503 0.1839
vn 0.3773 0.8200 0.4303
vn -0.3773 0.8200 0.4304
vn -0.9184 0.3502 0.1838
vn 0.6995 0.6328 0.3320
vn -0.0000 0.8855 0.4647
vn -0.6995 0.6328 0.3320
vn -0.9185 0.2961 0.2623
vn 0.9184 0.2961 0.2623
vn 0.6995 0.5350 0.4738
vn -0.3773 0.6932 0.6141
vn -0.0000 0.7486 0.6630
vn -0.6995 0.5350 0.4739
vn 0.3773 0.6932 0.6141
vn 0.6995 0.4060 0.5881
vn -0.3773 0.5261 0.7621
vn 0.0000 0.5681 0.8229
vn -0.9184 0.2247 0.3255
vn -0.6995 0.4060 0.5881
vn 0.9184 0.2247 0.3255
vn 0.3773 0.5261 0.7621
vn 0.9185 0.1403 0.3698
vn 0.0000 0.3547 0.9350
vn 0.3773 0.3284 0.8659
vn -0.3773 0.3285 0.8659
vn -0.9185 0.1403 0.3698
vn 0.6995 0.2535 0.6682
vn -0.6995 0.2535 0.6682
vn 0.0000 0.1206 0.9927
vn 0.3773 0.1116 0.9193
vn -0.6995 0.0861 0.7094
vn -0.3773 0.1117 0.9193
vn -0.9185 0.0477 0.3926
vn 0.9185 0.0477 0.3926
vn 0.6995 0.0861 0.7094
vn 0.9185 -0.0477 0.3926
vn 0.6995 -0.0862 0.7094
vn 0.0000 -0.1205 0.9927
vn -0.9185 -0.0477 0.3926
vn -0.6995 -0.0862 0.7094
vn 0.3773 -0.1116 0.9193
vn -0.3773 -0.1116 0.9193
vn -0.3773 -0.3284 0.8659
vn 0.0000 -0.3546 0.9350
vn -0.9185 -0.1403 0.3698
vn -0.6995 -0.2534 0.6682
vn 0.6995 -0.2534 0.6681
vn 0.9185 -0.1403 0.3698
vn 0.3773 -0.3284 0.8659
vn 0.9184 -0.2247 0.3255
vn 0.3773 -0.5261 0.7621
vn -0.3773 -0.5261 0.7621
vn -0.9184 -0.2247 0.3255
vn 0.6995 -0.4060 0.5881
vn 0.0000 -0.5681 0.8229
vn -0.6995 -0.4060 0.5881
vn -0.6995 -0.5350 0.4738
vn -0.3773 -0.6932 0.6141
vn -0.9184 -0.2961 0.2622
vn 0.9184 -0.2961 0.2622
vn 0.3773 -0.6933 0.6140
vn 0.6995 -0.5350 0.4739
vn 0.0000 -0.7486 0.6630
vn 0.9184 -0.3502 0.1839
vn 0.3773 -0.8201 0.4303
vn 0.6995 -0.6328 0.3321
vn 0.0000 -0.8855 0.4647
vn -0.9184 -0.3502 0.1839
vn -0.6995 -0.6328 0.3321
vn -0.3773 -0.8201 0.4303
vn -0.9184 -0.3840 0.0947
vn -0.6995 -0.6939 0.1710
vn 0.9184 -0.3840 0.0947
vn 0.3773 -0.8992 0.2216
vn -0.3773 -0.8992 0.2216
vn 0.6995 -0.6939 0.1710
vn -0.0000 -0.9709 0.2394
vn 0.6995 -0.7147 -0.0000
vn 0.9184 -0.3956 0.0000
vn 0.3773 -0.9261 -0.0000
vn -0.3773 -0.9261 -0.0000
vn -0.9184 -0.3956 -0.0000
vn -0.6995 -0.7147 -0.0000
vn -0.9184 -0.3840 -0.0947
vn 0.9184 -0.3840 -0.0947
vn 0.6995 -0.6939 -0.1710
vn -0.0000 -0.9709 -0.2394
vn -0.6995 -0.6939 -0.1710
vn 0.3773 -0.8992 -0.2216
vn -0.3773 -0.8992 -0.2216
vn 0.6995 -0.6328 -0.3321
vn -0.3773 -0.8201 -0.4303
vn -0.0000 -0.8855 -0.4647
vn -0.6995 -0.6328 -0.3321
vn 0.9184 -0.3502 -0.1839
vn 0.3773 -0.8201 -0.4303
vn -0.9185 -0.3502 -0.1839
vn 0.9184 -0.2961 -0.2622
vn 0.0000 -0.7486 -0.6630
vn 0.3773 -0.6933 -0.6140
vn -0.6995 -0.5350 -0.4739
vn -0.3773 -0.6933 -0.6140
vn -0.9185 -0.2961 -0.2622
vn 0.6995 -0.5350 -0.4739
vn 0.0000 -0.5681 -0.8229
vn 0.3773 -0.5261 -0.7621
vn -0.6995 -0.4060 -0.5881
vn -0.3773 -0.5261 -0.7621
vn -0.9185 -0.2247 -0.3255
vn 0.9184 -0.2247 -0.3255
vn 0.6995 -0.4060 -0.5881
vn 0.9185 -0.1402 -0.3698
vn 0.6995 -0.2534 -0.6681
vn -0.3773 -0.3284 -0.8659
vn 0.0000 -0.3546 -0.9350
vn -0.6995 -0.2534 -0.6682
vn 0.3773 -0.3284 -0.8659
vn -0.9185 -0.1403 -0.3698
vn -0.0000 -0.1205 -0.9927
vn -0.9185 -0.0477 -0.3926
vn -0.6995 -0.0862 -0.7094
vn 0.6995 -0.0862 -0.7094
vn 0.9185 -0.0477 -0.3926
vn 0.3773 -0.1116 -0.9193
vn -0.3773 -0.1116 -0.9193
vn 0.6995 0.0862 -0.7094
vn 0.9185 0.0477 -0.3926
vn 0.3773 0.1116 -0.9193
vn -0.3773 0.1117 -0.9193
vn -0.9185 0.0477 -0.3926
vn -0.0000 0.1206 -0.9927
vn -0.6995 0.0862 -0.7094
vn -0.6995 0.2535 -0.6681
vn -0.3773 0.3284 -0.8659
vn -0.9185 0.1403 -0.3698
vn 0.9185 0.1403 -0.3698
vn 0.6995 0.2535 -0.6681
vn -0.0000 0.3547 -0.9350
vn 0.3773 0.3284 -0.8659
vn 0.9184 0.2247 -0.3255
vn 0.6995 0.4060 -0.5881
vn -0.3773 0.5261 -0.7621
vn 0.0000 0.5681 -0.8229
vn -0.9184 0.2247 -0.3255
vn -0.6995 0.4060 -0.5881
vn 0.3773 0.5262 -0.7621
vn -0.6995 0.5350 -0.4739
vn 0.6995 0.5350 -0.4739
vn 0.9185 0.2961 -0.2623
vn 0.0000 0.7486 -0.6631
vn 0.3773 0.6932 -0.6140
vn -0.3773 0.6932 -0.6141
vn -0.9185 0.2960 -0.2623
vn 0.9185 0.3502 -0.1838
vn 0.0000 0.8855 -0.4647
vn 0.3773 0.8200 -0.4303
vn -0.6995 0.6328 -0.3321
vn -0.3773 0.8200 -0.4303
vn -0.9185 0.3502 -0.1838
vn 0.6995 0.6328 -0.3321
vn -0.9184 0.3841 -0.0946
vn 0.9184 0.3841 -0.0946
vn 0.3773 0.8992 -0.2216
vn 0.6935 0.6999 -0.1710
vn -0.0000 0.9709 -0.2393
vn -0.6995 0.6939 -0.1710
vn -0.3773 0.8992 -0.2216
vn -0.3773 -0.8992 0.2215
vn -0.0000 -0.2975 -0.9547
vn 0.9547 -0.2976 -0.0000
vn 0.0000 -0.2975 0.9547
vn -0.9547 -0.2976 0.0000
vn -0.8204 0.5718 0.0000
vn 0.8207 0.5714 0.0000
vn -0.7857 0.0032 0.6186
vn -0.6207 -0.0010 -0.7840
vn -0.7441 -0.6681 -0.0000
vn -0.6292 0.0033 0.7772
vn -0.7802 -0.0003 -0.6255
vn 0.7466 -0.6652 -0.0000
vn 0.7848 -0.0032 -0.6197
vn -0.9643 0.2647 0.0000
vn 0.6253 -0.0033 -0.7804
vn -0.0000 0.2568 -0.9665
vn 0.9660 0.2585 0.0000
vn 0.7902 0.0002 0.6129
vn 0.0000 -0.6686 0.7436
vn -0.0000 0.2662 0.9639
vn -0.0000 -0.6643 -0.7475
vn 0.3951 -0.9186 0.0000
vn 0.3836 -0.9186 0.0947
vn 0.7142 -0.6999 0.0000
vn 0.8990 -0.3777 0.2217
vn 0.6935 -0.6999 0.1710
vn 0.3951 0.9186 0.0001
vn 0.7142 0.6999 0.0000
vn 0.9259 -0.3777 0.0000
vn 0.8990 0.3777 0.2217
vn 0.3836 0.9186 0.0946
vn 0.3499 -0.9186 0.1837
vn 0.8198 -0.3777 0.4305
vn 0.8198 0.3777 0.4305
vn 0.3499 0.9186 0.1837
vn 0.6324 -0.6999 0.3320
vn 0.6324 0.6999 0.3321
vn 0.7484 0.0000 0.6633
vn 0.6929 -0.3776 0.6142
vn 0.5345 0.6998 0.4738
vn 0.6929 0.3776 0.6142
vn 0.2957 0.9186 0.2621
vn 0.2957 -0.9186 0.2621
vn 0.5345 -0.6998 0.4738
vn 0.2244 -0.9186 0.3253
vn 0.4056 -0.6998 0.5880
vn 0.5679 0.0000 0.8231
vn 0.4056 0.6998 0.5880
vn 0.5258 -0.3776 0.7622
vn 0.5258 0.3776 0.7622
vn 0.2244 0.9186 0.3253
vn 0.3545 0.0000 0.9351
vn 0.2532 0.6998 0.6680
vn 0.1401 -0.9186 0.3696
vn 0.3282 -0.3776 0.8659
vn 0.3282 0.3776 0.8659
vn 0.1401 0.9186 0.3696
vn 0.2532 -0.6998 0.6680
vn 0.0476 -0.9185 0.3924
vn 0.1205 0.0000 0.9927
vn 0.1116 -0.3775 0.9192
vn 0.0861 0.6997 0.7092
vn 0.1116 0.3776 0.9192
vn 0.0476 0.9186 0.3924
vn 0.0861 -0.6998 0.7092
vn -0.0861 0.6997 0.7092
vn -0.1116 0.3776 0.9192
vn -0.0476 0.9186 0.3924
vn -0.0476 -0.9186 0.3924
vn -0.0861 -0.6998 0.7092
vn -0.1205 0.0000 0.9927
vn -0.1116 -0.3775 0.9193
vn -0.1401 -0.9186 0.3696
vn -0.2532 -0.6998 0.6680
vn -0.3545 0.0000 0.9351
vn -0.2532 0.6997 0.6680
vn -0.3282 -0.3776 0.8659
vn -0.3282 0.3776 0.8659
vn -0.1401 0.9186 0.3696
vn -0.4056 0.6998 0.5880
vn -0.2244 -0.9186 0.3254
vn -0.5258 -0.3776 0.7622
vn -0.5258 0.3776 0.7622
vn -0.2244 0.9186 0.3253
vn -0.4057 -0.6998 0.5880
vn -0.5679 0.0000 0.8231
vn -0.2957 -0.9186 0.2621
vn -0.6929 -0.3776 0.6142
vn -0.6929 0.3776 0.6142
vn -0.2957 0.9186 0.2621
vn -0.5345 -0.6999 0.4738
vn -0.7483 0.0000 0.6633
vn -0.5345 0.6998 0.4738
vn -0.3499 0.9186 0.1837
vn -0.3499 -0.9186 0.1837
vn -0.6324 -0.6999 0.3321
vn -0.8198 0.3777 0.4305
vn -0.8854 0.0000 0.4649
vn -0.6324 0.6999 0.3321
vn -0.8198 -0.3777 0.4305
vn -0.8990 0.3777 0.2217
vn -0.9709 0.0000 0.2394
vn -0.6935 0.6999 0.1710
vn -0.3837 -0.9186 0.0946
vn -0.8990 -0.3777 0.2217
vn -0.3836 0.9186 0.0946
vn -0.3951 -0.9186 -0.0000
vn -0.9259 -0.3777 0.0000
vn -0.3951 0.9186 0.0000
vn -0.7142 -0.6999 -0.0000
vn -0.7142 0.6999 0.0000
vn -0.8990 -0.3777 -0.2217
vn -0.8990 0.3777 -0.2217
vn -0.3836 0.9186 -0.0946
vn -0.3836 -0.9186 -0.0946
vn -0.6935 0.6999 -0.1710
vn -0.3499 -0.9186 -0.1837
vn -0.6324 -0.6999 -0.3321
vn -0.6324 0.6999 -0.3321
vn -0.8198 -0.3777 -0.4305
vn -0.8198 0.3777 -0.4305
vn -0.3499 0.9186 -0.1837
vn -0.6929 0.3776 -0.6142
vn -0.7484 0.0000 -0.6633
vn -0.5345 0.6998 -0.4738
vn -0.2957 -0.9186 -0.2622
vn -0.6929 -0.3776 -0.6142
vn -0.2957 0.9186 -0.2621
vn -0.5345 -0.6998 -0.4738
vn -0.4056 -0.6998 -0.5880
vn -0.2244 -0.9186 -0.3253
vn -0.5258 -0.3776 -0.7622
vn -0.5258 0.3776 -0.7622
vn -0.2244 0.9186 -0.3253
vn -0.5679 0.0000 -0.8231
vn -0.4056 0.6998 -0.5880
vn -0.3282 0.3776 -0.8659
vn -0.1401 0.9186 -0.3696
vn -0.1401 -0.9186 -0.3696
vn -0.2532 -0.6998 -0.6680
vn -0.3545 0.0000 -0.9351
vn -0.2532 0.6998 -0.6680
vn -0.3282 -0.3776 -0.8659
vn -0.0476 -0.9186 -0.3924
vn -0.0861 -0.6998 -0.7092
vn -0.1116 0.3776 -0.9192
vn -0.1205 0.0000 -0.9927
vn -0.0861 0.6997 -0.7092
vn -0.1116 -0.3775 -0.9192
vn -0.0476 0.9186 -0.3924
vn 0.0861 0.6997 -0.7092
vn 0.0476 -0.9186 -0.3924
vn 0.1116 -0.3775 -0.9192
vn 0.1116 0.3776 -0.9192
vn 0.0476 0.9186 -0.3924
vn 0.0861 -0.6998 -0.7092
vn 0.1205 0.0000 -0.9927
vn 0.2532 -0.6998 -0.6680
vn 0.1401 -0.9186 -0.3696
vn 0.3282 -0.3776 -0.8659
vn 0.3282 0.3776 -0.8659
vn 0.1401 0.9186 -0.3696
vn 0.3545 0.0000 -0.9351
vn 0.2532 0.6998 -0.6680
vn 0.2244 0.9186 -0.3253
vn 0.2244 -0.9186 -0.3254
vn 0.5258 -0.3776 -0.7622
vn 0.4056 -0.6998 -0.5880
vn 0.5258 0.3776 -0.7622
vn 0.5679 0.0000 -0.8231
vn 0.4056 0.6998 -0.5880
vn 0.6929 -0.3776 -0.6142
vn 0.5345 -0.6998 -0.4738
vn 0.6929 0.3776 -0.6142
vn 0.7483 0.0000 -0.6633
vn 0.2957 0.9186 -0.2621
vn 0.5345 0.6998 -0.4738
vn 0.2957 -0.9186 -0.2622
vn 0.6324 -0.6999 -0.3321
vn 0.3499 -0.9186 -0.1837
vn 0.8198 -0.3777 -0.4305
vn 0.8198 0.3777 -0.4305
vn 0.3499 0.9186 -0.1837
vn 0.6324 0.6999 -0.3321
vn 0.8990 -0.3777 -0.2217
vn 0.8990 0.3777 -0.2217
vn 0.3836 0.9186 -0.0946
vn 0.3836 -0.9186 -0.0946
vn 0.6935 -0.6999 -0.1710
vn 0.9709 0.0000 -0.2394
vn -0.5139 -0.0000 0.8578
vn -0.9415 0.0000 -0.3370
vn 0.1467 0.0000 -0.9892
vn 0.5953 0.0005 0.8035
vn -0.6714 -0.0000 0.7411
vn -0.8596 0.0000 -0.5110
vn 0.9988 0.0000 -0.0491
vn 0.3367 0.0000 -0.9416
vn 0.4274 -0.0000 0.9041
vn -0.8031 -0.0000 0.5959
vn -0.7408 0.0000 -0.6717
vn 0.5139 0.0000 -0.8578
vn 0.2429 -0.0000 0.9701
vn -0.9039 -0.0000 0.4277
vn -0.5955 0.0000 -0.8033
vn 0.9892 0.0000 0.1468
vn 0.6714 0.0000 -0.7411
vn 0.0490 0.0000 0.9988
vn -0.4274 0.0000 -0.9041
vn 0.9415 -0.0000 0.3370
vn 0.8031 0.0000 -0.5959
vn -0.1467 0.0000 0.9892
vn -0.9988 0.0000 0.0491
vn -0.2429 0.0000 -0.9701
vn 0.8596 0.0000 0.5110
vn 0.9055 0.0000 -0.4243
vn -0.3367 -0.0000 0.9416
vn -0.9892 0.0000 -0.1468
vn -0.0490 0.0000 -0.9988
vn 0.7408 -0.0000 0.6717
# 589 vertex normals

vt 0.8105 0.4373 0.0000
vt 0.8102 0.4373 0.0000
vt 0.8103 0.4372 0.0000
vt 0.8104 0.4371 0.0000
vt 0.8105 0.4371 0.0000
vt 0.8106 0.4371 0.0000
vt 0.8106 0.4372 0.0000
vt 0.8107 0.4372 0.0000
vt 0.8107 0.4373 0.0000
vt 0.8107 0.4374 0.0000
vt 0.8107 0.4375 0.0000
vt 0.8106 0.4375 0.0000
vt 0.8106 0.4376 0.0000
vt 0.8105 0.4376 0.0000
vt 0.8104 0.4376 0.0000
vt 0.8103 0.4375 0.0000
vt 0.8102 0.4374 0.0000
vt 0.8103 0.4376 0.0000
vt 0.8103 0.4371 0.0000
vt 0.8102 0.4372 0.0000
vt 0.8108 0.4375 0.0000
vt 0.8109 0.4375 0.0000
vt 0.8108 0.4374 0.0000
vt 0.8109 0.4374 0.0000
vt 0.8108 0.4372 0.0000
vt 0.8109 0.4372 0.0000
vt 0.8108 0.4371 0.0000
vt 0.8109 0.4371 0.0000
vt 0.8110 0.4372 0.0000
vt 0.8108 0.4376 0.0000
vt 0.8110 0.4374 0.0000
vt 0.8109 0.4376 0.0000
vt 0.8110 0.4376 0.0000
vt 0.8110 0.4371 0.0000
vt 0.8110 0.4375 0.0000
vt 0.8111 0.4374 0.0000
vt 0.8111 0.4372 0.0000
vt 0.3135 0.9367 0.0000
vt 0.3133 0.9365 0.0000
vt 0.3135 0.9365 0.0000
vt 0.3133 0.9372 0.0000
vt 0.3135 0.9370 0.0000
vt 0.3135 0.9372 0.0000
vt 0.3135 0.9363 0.0000
vt 0.3133 0.9368 0.0000
vt 0.3135 0.9368 0.0000
vt 0.8102 0.4376 0.0000
vt 0.8102 0.4377 0.0000
vt 0.8103 0.4377 0.0000
vt 0.8102 0.4375 0.0000
vt 0.3133 0.9367 0.0000
vt 0.3133 0.9370 0.0000
vt 0.3133 0.9363 0.0000
# 53 texture coords

o Park_LampPost
g Park_LampPost
usemtl material_atlas
s 1
f 1/1/1 2/2/1 3/2/1 
s 2
f 1/1/1 4/3/1 2/2/1 
s 4
f 1/1/1 5/3/1 4/3/1 
s 8
f 1/1/1 6/3/1 5/3/1 
s 16
f 1/1/1 7/4/1 6/3/1 
s 32
f 1/1/1 8/4/1 7/4/1 
s 64
f 1/1/1 9/4/1 8/4/1 
s 128
f 1/1/1 10/5/1 9/4/1 
s 256
f 1/1/1 11/5/1 10/5/1 
s 512
f 1/1/1 12/6/1 11/5/1 
s 1024
f 1/1/1 13/7/1 12/6/1 
s 2048
f 1/1/1 14/8/1 13/7/1 
s 4096
f 1/1/1 15/8/1 14/8/1 
s 8192
f 1/1/1 16/9/1 15/8/1 
s 16384
f 1/1/1 17/9/1 16/9/1 
s 32768
f 1/1/1 18/10/1 17/9/1 
s 65536
f 1/1/1 19/10/1 18/10/1 
s 131072
f 1/1/1 20/11/1 19/10/1 
s 262144
f 1/1/1 21/11/1 20/11/1 
s 524288
f 1/1/1 22/12/1 21/11/1 
s 1048576
f 1/1/1 23/13/1 22/12/1 
s 2097152
f 1/1/1 24/14/1 23/13/1 
s 4194304
f 1/1/1 25/14/1 24/14/1 
s 8388608
f 1/1/1 26/15/1 25/14/1 
s 16777216
f 1/1/1 27/15/1 26/15/1 
s 33554432
f 1/1/1 28/15/1 27/15/1 
s 67108864
f 1/1/1 29/16/1 28/15/1 
s 134217728
f 1/1/1 30/16/1 29/16/1 
s 268435456
f 1/1/1 31/16/1 30/16/1 
s 536870912
f 1/1/1 32/17/1 31/16/1 
s 1073741824
f 1/1/1 33/17/1 32/17/1 
s 2147483648
f 1/1/1 3/2/1 33/17/1 
s 1
f 34/5/2 35/4/2 36/4/2 
f 37/16/2 38/16/2 39/16/2 
f 40/13/2 41/12/2 42/12/2 
f 43/9/2 44/8/2 45/8/2 
f 46/2/2 47/2/2 48/2/2 
s 2
f 49/4/2 35/4/2 50/4/2 
f 39/16/2 51/15/2 52/15/2 
f 42/12/2 53/11/2 54/11/2 
f 45/8/2 55/8/2 56/8/2 
s 1
f 49/4/2 57/4/2 58/4/2 
f 52/15/2 59/15/2 60/15/2 
f 54/11/2 61/11/2 62/11/2 
f 56/8/2 63/7/2 64/7/2 
s 2
f 48/2/2 65/17/2 66/17/2 
f 58/4/2 67/3/2 68/3/2 
f 60/15/2 69/15/2 70/15/2 
f 62/11/2 71/10/2 72/10/2 
f 64/7/2 73/6/2 74/6/2 
s 1
f 75/17/2 65/17/2 76/17/2 
f 68/3/2 77/3/2 78/3/2 
f 70/15/2 79/14/2 80/14/2 
f 72/10/2 81/10/2 82/10/2 
f 74/6/2 83/5/2 84/5/2 
s 2
f 75/17/2 85/16/2 86/16/2 
f 78/3/2 87/3/2 88/3/2 
f 89/14/2 79/14/2 90/14/2 
f 82/10/2 91/9/2 92/9/2 
f 84/5/2 93/5/2 34/5/2 
s 4
f 86/16/2 94/16/2 37/16/2 
f 88/3/2 95/2/2 46/2/2 
f 89/14/2 96/13/2 40/13/2 
f 43/9/2 91/9/2 97/9/2 
f 29/16/3 52/15/4 28/15/4 
f 9/4/5 49/4/6 8/4/6 
f 2/2/7 48/2/8 3/2/8 
f 16/9/9 45/8/10 15/8/10 
f 23/13/11 42/12/12 22/12/12 
s 8
f 30/16/13 39/16/3 29/16/3 
s 2
f 10/5/14 36/4/5 9/4/5 
f 17/9/15 43/9/9 16/9/9 
f 24/14/16 40/13/11 23/13/11 
s 8
f 4/3/17 46/2/7 2/2/7 
s 2
f 31/16/18 37/16/13 30/16/13 
s 4
f 11/5/19 34/5/14 10/5/14 
s 1
f 18/10/20 92/9/15 17/9/15 
f 25/14/21 89/14/16 24/14/16 
f 5/3/22 88/3/17 4/3/17 
f 32/17/23 86/16/18 31/16/18 
s 8
f 12/6/24 84/5/19 11/5/19 
s 4
f 19/10/25 82/10/20 18/10/20 
s 2
f 26/15/26 80/14/21 25/14/21 
s 32
f 6/3/27 78/3/22 5/3/22 
s 4
f 33/17/28 75/17/23 32/17/23 
f 13/7/29 74/6/24 12/6/24 
s 8
f 20/11/30 72/10/25 19/10/25 
s 4
f 27/15/31 70/15/26 26/15/26 
f 7/4/32 68/3/27 6/3/27 
s 8
f 3/2/8 66/17/28 33/17/28 
f 14/8/33 64/7/29 13/7/29 
s 4
f 21/11/34 62/11/30 20/11/30 
s 8
f 28/15/4 60/15/31 27/15/31 
f 8/4/6 58/4/32 7/4/32 
s 16
f 15/8/10 56/8/33 14/8/33 
s 8
f 22/12/12 54/11/34 21/11/34 
s 4
f 35/4/5 98/4/6 50/4/6 
f 38/16/3 99/15/4 51/15/4 
f 41/12/12 100/11/34 53/11/34 
f 44/8/10 101/8/33 55/8/33 
s 8
f 50/4/6 102/4/32 57/4/32 
f 51/15/4 103/15/31 59/15/31 
f 53/11/34 104/11/30 61/11/30 
f 55/8/33 105/7/29 63/7/29 
s 4
f 47/2/8 106/17/28 65/17/28 
f 57/4/32 107/3/27 67/3/27 
f 59/15/31 108/15/26 69/15/26 
f 61/11/30 109/10/25 71/10/25 
f 63/7/29 110/6/24 73/6/24 
s 8
f 65/17/28 111/17/23 76/17/23 
f 67/3/27 112/3/22 77/3/22 
f 69/15/26 113/14/21 79/14/21 
f 71/10/25 114/10/20 81/10/20 
f 73/6/24 115/5/19 83/5/19 
s 4
f 76/17/23 116/16/18 85/16/18 
f 77/3/22 117/3/17 87/3/17 
f 79/14/21 118/14/16 90/14/16 
s 16
f 81/10/20 119/9/15 91/9/15 
s 4
f 83/5/19 120/5/14 93/5/14 
s 1
f 85/16/18 121/16/13 94/16/13 
f 87/3/17 122/2/7 95/2/7 
f 90/14/16 123/13/11 96/13/11 
f 91/9/15 124/9/9 97/9/9 
s 8
f 93/5/14 125/4/5 35/4/5 
s 2
f 94/16/13 126/16/3 38/16/3 
f 96/13/11 127/12/12 41/12/12 
f 97/9/9 128/8/10 44/8/10 
f 95/2/7 129/2/8 47/2/8 
s 1
f 108/15/1 130/14/1 113/14/1 
f 114/10/1 131/10/1 132/10/1 
f 115/5/1 133/6/1 134/5/1 
f 116/16/1 135/17/1 136/16/1 
f 112/3/1 137/3/1 117/3/1 
s 2
f 113/14/1 138/14/1 118/14/1 
f 114/10/1 139/9/1 119/9/1 
f 120/5/1 134/5/1 140/5/1 
f 116/16/1 141/16/1 121/16/1 
f 122/2/1 137/3/1 142/2/1 
s 4
f 123/13/1 138/14/1 143/13/1 
f 119/9/1 144/9/1 124/9/1 
s 1
f 120/5/1 145/4/1 125/4/1 
f 126/16/1 141/16/1 146/16/1 
s 8
f 123/13/1 147/12/1 127/12/1 
s 1
f 128/8/1 144/9/1 148/8/1 
f 129/2/1 142/2/1 149/2/1 
s 2
f 125/4/1 150/4/1 98/4/1 
s 8
f 126/16/1 151/15/1 99/15/1 
s 1
f 100/11/1 147/12/1 152/11/1 
s 8
f 128/8/1 153/8/1 101/8/1 
s 1
f 102/4/1 150/4/1 154/4/1 
f 103/15/1 151/15/1 155/15/1 
s 2
f 100/11/1 156/11/1 104/11/1 
s 1
f 105/7/1 153/8/1 157/7/1 
s 8
f 129/2/1 158/17/1 106/17/1 
s 2
f 102/4/1 159/3/1 107/3/1 
f 108/15/1 155/15/1 160/15/1 
s 8
f 109/10/1 156/11/1 131/10/1 
s 2
f 105/7/1 133/6/1 110/6/1 
f 106/17/1 135/17/1 111/17/1 
s 4
f 112/3/1 159/3/1 161/3/1 
f 140/5/14 162/4/5 145/4/5 
f 141/16/13 163/16/3 146/16/3 
s 2
f 143/13/11 164/12/12 147/12/12 
f 144/9/9 165/8/10 148/8/10 
s 4
f 142/2/7 166/2/8 149/2/8 
s 8
f 145/4/5 167/4/6 150/4/6 
s 2
f 146/16/3 168/15/4 151/15/4 
s 4
f 147/12/12 169/11/34 152/11/34 
f 148/8/10 170/8/33 153/8/33 
f 150/4/6 171/4/32 154/4/32 
f 151/15/4 172/15/31 155/15/31 
s 16
f 152/11/34 173/11/30 156/11/30 
s 2
f 153/8/33 174/7/29 157/7/29 
f 149/2/8 175/17/28 158/17/28 
s 8
f 154/4/32 176/3/27 159/3/27 
f 155/15/31 177/15/26 160/15/26 
s 4
f 156/11/30 178/10/25 131/10/25 
f 157/7/29 179/6/24 133/6/24 
f 158/17/28 180/17/23 135/17/23 
s 1
f 159/3/27 181/3/22 161/3/22 
s 4
f 160/15/26 182/14/21 130/14/21 
s 2
f 131/10/25 183/10/20 132/10/20 
s 8
f 133/6/24 184/5/19 134/5/19 
f 135/17/23 185/16/18 136/16/18 
f 161/3/22 186/3/17 137/3/17 
f 130/14/21 187/14/16 138/14/16 
s 4
f 132/10/20 188/9/15 139/9/15 
s 16
f 134/5/19 189/5/14 140/5/14 
f 136/16/18 190/16/13 141/16/13 
f 137/3/17 191/2/7 142/2/7 
s 1
f 138/14/16 192/13/11 143/13/11 
s 8
f 139/9/15 193/9/9 144/9/9 
s 1
f 188/9/2 194/10/2 195/9/2 
f 184/5/2 196/5/2 189/5/2 
f 190/16/2 197/16/2 198/16/2 
f 186/3/2 199/2/2 191/2/2 
s 2
f 187/14/2 200/13/2 192/13/2 
f 193/9/2 195/9/2 201/9/2 
f 162/4/2 196/5/2 202/4/2 
f 190/16/2 203/16/2 163/16/2 
s 1
f 164/12/2 200/13/2 204/12/2 
f 193/9/2 205/8/2 165/8/2 
s 2
f 191/2/2 206/2/2 166/2/2 
s 1
f 167/4/2 202/4/2 207/4/2 
f 168/15/2 203/16/2 208/15/2 
s 8
f 164/12/2 209/11/2 169/11/2 
f 165/8/2 210/8/2 170/8/2 
s 2
f 167/4/2 211/4/2 171/4/2 
s 8
f 168/15/2 212/15/2 172/15/2 
s 1
f 173/11/2 209/11/2 213/11/2 
f 170/8/2 214/7/2 174/7/2 
f 166/2/2 215/17/2 175/17/2 
f 176/3/2 211/4/2 216/3/2 
f 172/15/2 217/15/2 177/15/2 
s 2
f 173/11/2 218/10/2 178/10/2 
f 179/6/2 214/7/2 219/6/2 
f 180/17/2 215/17/2 220/17/2 
f 176/3/2 221/3/2 181/3/2 
f 182/14/2 217/15/2 222/14/2 
s 4
f 183/10/2 218/10/2 194/10/2 
s 16
f 179/6/2 223/5/2 184/5/2 
f 180/17/2 197/16/2 185/16/2 
s 4
f 186/3/2 221/3/2 224/3/2 
s 1
f 187/14/2 222/14/2 225/14/2 
f 219/6/35 226/7/36 227/6/35 
s 4
f 215/17/37 228/17/38 220/17/38 
s 8
f 216/3/39 229/3/40 221/3/40 
s 4
f 222/14/41 230/15/42 231/14/41 
s 8
f 218/10/43 232/10/44 194/10/44 
s 4
f 219/6/35 233/5/45 223/5/45 
s 8
f 220/17/38 234/16/46 197/16/46 
s 1
f 221/3/40 235/3/47 224/3/47 
s 8
f 222/14/41 236/14/48 225/14/48 
s 4
f 195/9/49 232/10/44 237/9/49 
s 8
f 196/5/50 233/5/45 238/5/50 
s 2
f 198/16/51 234/16/46 239/16/51 
f 224/3/47 240/2/52 199/2/52 
s 4
f 225/14/48 241/13/53 200/13/53 
s 8
f 195/9/49 242/9/54 201/9/54 
s 4
f 202/4/55 238/5/50 243/4/55 
f 198/16/51 244/16/56 203/16/56 
s 2
f 204/12/57 241/13/53 245/12/57 
s 4
f 201/9/54 246/8/58 205/8/58 
s 1
f 206/2/59 240/2/52 247/2/59 
s 8
f 202/4/55 248/4/60 207/4/60 
s 2
f 208/15/61 244/16/56 249/15/61 
s 4
f 204/12/57 250/11/62 209/11/62 
s 1
f 210/8/63 246/8/58 251/8/63 
s 4
f 207/4/60 252/4/64 211/4/64 
f 208/15/61 253/15/65 212/15/65 
s 2
f 209/11/62 254/11/66 213/11/66 
s 4
f 210/8/63 226/7/36 214/7/36 
s 8
f 206/2/59 255/17/37 215/17/37 
s 2
f 216/3/39 252/4/64 256/3/39 
s 8
f 217/15/42 253/15/65 230/15/42 
s 16
f 213/11/66 257/10/43 218/10/43 
s 1
f 257/10/1 258/10/1 232/10/1 
f 233/5/1 259/6/1 260/5/1 
f 234/16/1 261/17/1 262/16/1 
s 2
f 229/3/1 263/3/1 235/3/1 
s 1
f 231/14/1 264/14/1 236/14/1 
s 2
f 237/9/1 258/10/1 265/9/1 
f 233/5/1 266/5/1 238/5/1 
s 4
f 234/16/1 267/16/1 239/16/1 
f 240/2/1 263/3/1 268/2/1 
s 8
f 241/13/1 264/14/1 269/13/1 
s 1
f 237/9/1 270/9/1 242/9/1 
f 243/4/1 266/5/1 271/4/1 
f 244/16/1 267/16/1 272/16/1 
f 241/13/1 273/12/1 245/12/1 
s 2
f 246/8/1 270/9/1 274/8/1 
s 8
f 240/2/1 275/2/1 247/2/1 
s 2
f 243/4/1 276/4/1 248/4/1 
s 8
f 244/16/1 277/15/1 249/15/1 
s 2
f 250/11/1 273/12/1 278/11/1 
s 8
f 246/8/1 279/8/1 251/8/1 
s 1
f 252/4/1 276/4/1 280/4/1 
f 253/15/1 277/15/1 281/15/1 
f 250/11/1 282/11/1 254/11/1 
s 2
f 226/7/1 279/8/1 283/7/1 
f 247/2/1 284/17/1 255/17/1 
s 8
f 252/4/1 285/3/1 256/3/1 
s 2
f 253/15/1 286/15/1 230/15/1 
f 257/10/1 282/11/1 287/10/1 
s 8
f 226/7/1 259/6/1 227/6/1 
s 16
f 255/17/1 261/17/1 228/17/1 
s 1
f 229/3/1 285/3/1 288/3/1 
s 8
f 231/14/1 286/15/1 289/14/1 
s 1
f 275/2/8 290/17/28 284/17/28 
s 2
f 280/4/32 291/3/27 285/3/27 
s 4
f 281/15/31 292/15/26 286/15/26 
f 282/11/30 293/10/25 287/10/25 
f 283/7/29 294/6/24 259/6/24 
f 284/17/28 295/17/23 261/17/23 
f 285/3/27 296/3/22 288/3/22 
s 1
f 286/15/26 297/14/21 289/14/21 
s 8
f 287/10/25 298/10/20 258/10/20 
s 2
f 259/6/24 299/5/19 260/5/19 
f 261/17/23 300/16/18 262/16/18 
s 8
f 288/3/22 301/3/17 263/3/17 
s 2
f 289/14/21 302/14/16 264/14/16 
s 4
f 258/10/20 303/9/15 265/9/15 
f 260/5/19 304/5/14 266/5/14 
s 8
f 262/16/18 305/16/13 267/16/13 
s 1
f 263/3/17 306/2/7 268/2/7 
s 4
f 264/14/16 307/13/11 269/13/11 
s 8
f 265/9/15 308/9/9 270/9/9 
f 266/5/14 309/4/5 271/4/5 
s 2
f 267/16/13 310/16/3 272/16/3 
s 16
f 269/13/11 311/12/12 273/12/12 
s 4
f 270/9/9 312/8/10 274/8/10 
s 2
f 268/2/7 313/2/8 275/2/8 
s 4
f 271/4/5 314/4/6 276/4/6 
f 272/16/3 315/15/4 277/15/4 
f 273/12/12 316/11/34 278/11/34 
s 1
f 274/8/10 317/8/33 279/8/33 
s 8
f 276/4/6 318/4/32 280/4/32 
s 2
f 277/15/4 319/15/31 281/15/31 
s 8
f 278/11/34 320/11/30 282/11/30 
s 16
f 279/8/33 321/7/29 283/7/29 
s 1
f 301/3/2 322/3/2 323/3/2 
s 4
f 297/14/2 324/14/2 302/14/2 
s 1
f 298/10/2 325/9/2 303/9/2 
f 299/5/2 326/5/2 304/5/2 
f 305/16/2 327/16/2 328/16/2 
s 2
f 301/3/2 329/2/2 306/2/2 
s 1
f 302/14/2 330/13/2 307/13/2 
s 2
f 303/9/2 331/9/2 308/9/2 
f 304/5/2 332/4/2 309/4/2 
s 4
f 305/16/2 333/16/2 310/16/2 
s 2
f 311/12/2 330/13/2 334/12/2 
s 1
f 308/9/2 335/8/2 312/8/2 
s 4
f 306/2/2 336/2/2 313/2/2 
s 1
f 309/4/2 337/4/2 314/4/2 
f 315/15/2 333/16/2 338/15/2 
f 311/12/2 339/11/2 316/11/2 
s 2
f 317/8/2 335/8/2 340/8/2 
f 314/4/2 341/4/2 318/4/2 
s 8
f 315/15/2 342/15/2 319/15/2 
s 2
f 320/11/2 339/11/2 343/11/2 
s 4
f 317/8/2 344/7/2 321/7/2 
s 8
f 313/2/2 345/17/2 290/17/2 
s 1
f 291/3/2 341/4/2 346/3/2 
f 319/15/2 347/15/2 292/15/2 
f 320/11/2 348/10/2 293/10/2 
f 294/6/2 344/7/2 349/6/2 
f 295/17/2 345/17/2 350/17/2 
s 8
f 291/3/2 322/3/2 296/3/2 
s 2
f 292/15/2 351/14/2 297/14/2 
f 293/10/2 352/10/2 298/10/2 
s 8
f 294/6/2 353/5/2 299/5/2 
f 295/17/2 327/16/2 300/16/2 
s 2
f 344/7/29 354/6/67 349/6/24 
f 345/17/28 355/17/68 350/17/23 
f 346/3/27 356/3/69 322/3/22 
s 4
f 347/15/26 357/14/70 351/14/21 
f 348/10/25 358/10/71 352/10/20 
f 349/6/24 359/6/72 353/5/19 
f 350/17/23 360/17/73 327/16/18 
f 322/3/22 361/3/74 323/3/17 
s 1
f 351/14/21 362/14/75 324/14/16 
s 8
f 352/10/20 363/9/76 325/9/15 
s 2
f 353/5/19 364/5/77 326/5/14 
f 327/16/18 365/16/78 328/16/13 
s 8
f 323/3/17 366/2/79 329/2/7 
f 324/14/16 367/13/80 330/13/11 
s 4
f 325/9/15 368/9/81 331/9/9 
f 326/5/14 369/5/82 332/4/5 
s 8
f 328/16/13 370/16/83 333/16/3 
s 4
f 330/13/11 371/13/84 334/12/12 
s 8
f 331/9/9 372/9/85 335/8/10 
s 1
f 329/2/7 373/2/86 336/2/8 
s 8
f 332/4/5 374/4/87 337/4/6 
s 2
f 333/16/3 375/18/88 338/15/4 
s 8
f 334/12/12 376/12/89 339/11/34 
s 4
f 335/8/10 377/8/90 340/8/33 
f 337/4/6 378/4/91 341/4/32 
f 338/15/4 379/15/92 342/15/31 
f 339/11/34 380/11/93 343/11/30 
s 8
f 340/8/33 381/7/94 344/7/29 
s 16
f 336/2/8 382/2/95 345/17/28 
s 8
f 341/4/32 383/19/96 346/3/27 
s 2
f 342/15/31 384/15/97 347/15/26 
s 8
f 343/11/30 385/10/98 348/10/25 
s 1
f 386/10/1 387/10/1 388/10/1 
f 389/5/1 390/6/1 391/5/1 
f 392/16/1 393/17/1 394/16/1 
f 395/3/1 396/3/1 397/3/1 
s 2
f 398/14/1 399/14/1 400/14/1 
f 388/10/1 401/9/1 402/9/1 
s 4
f 403/5/1 391/5/1 404/5/1 
s 8
f 392/16/1 405/16/1 406/16/1 
s 2
f 407/2/1 396/3/1 408/2/1 
s 1
f 409/13/1 399/14/1 410/13/1 
f 402/9/1 411/9/1 412/9/1 
f 403/5/1 413/4/1 414/4/1 
f 415/16/1 405/16/1 416/16/1 
s 2
f 409/13/1 417/12/1 418/12/1 
f 419/8/1 411/9/1 420/8/1 
s 4
f 421/2/1 408/2/1 422/2/1 
s 2
f 414/4/1 423/4/1 424/4/1 
s 4
f 415/16/1 425/15/1 426/15/1 
s 1
f 427/11/1 417/12/1 428/11/1 
f 419/8/1 429/8/1 430/8/1 
f 431/4/1 423/4/1 432/4/1 
f 433/15/1 425/15/1 434/15/1 
s 2
f 427/11/1 435/11/1 436/11/1 
f 437/7/1 429/8/1 438/7/1 
f 421/2/1 439/17/1 440/17/1 
f 431/4/1 441/3/1 442/3/1 
s 4
f 443/15/1 434/15/1 444/15/1 
f 386/10/1 435/11/1 445/10/1 
f 437/7/1 390/6/1 446/6/1 
f 440/17/1 393/17/1 447/17/1 
f 395/3/1 441/3/1 448/3/1 
s 1
f 443/15/1 449/14/1 398/14/1 
f 422/2/8 450/17/28 439/17/28 
s 8
f 432/4/32 451/3/27 441/3/27 
s 2
f 434/15/31 452/15/26 444/15/26 
s 1
f 435/11/30 453/10/25 445/10/25 
s 8
f 438/7/29 454/6/24 390/6/24 
f 439/17/28 455/17/23 393/17/23 
s 1
f 441/3/27 456/3/22 448/3/22 
s 8
f 444/15/26 457/14/21 449/14/21 
s 2
f 445/10/25 458/10/20 387/10/20 
f 390/6/24 459/5/19 391/5/19 
f 393/17/23 460/16/18 394/16/18 
s 8
f 448/3/22 461/3/17 396/3/17 
s 4
f 449/14/21 462/14/16 399/14/16 
f 387/10/20 463/9/15 401/9/15 
s 8
f 391/5/19 464/5/14 404/5/14 
s 4
f 394/16/18 465/16/13 405/16/13 
s 16
f 396/3/17 466/2/7 408/2/7 
s 8
f 399/14/16 467/13/11 410/13/11 
f 401/9/15 468/9/9 411/9/9 
s 2
f 404/5/14 469/4/5 413/4/5 
f 405/16/13 470/16/3 416/16/3 
s 4
f 410/13/11 471/12/12 417/12/12 
f 411/9/9 472/8/10 420/8/10 
s 8
f 408/2/7 473/2/8 422/2/8 
s 4
f 413/4/5 474/4/6 423/4/6 
s 8
f 416/16/3 475/15/4 425/15/4 
f 417/12/12 476/11/34 428/11/34 
f 420/8/10 477/8/33 429/8/33 
s 16
f 423/4/6 478/4/32 432/4/32 
f 425/15/4 479/15/31 434/15/31 
f 428/11/34 480/11/30 435/11/30 
s 4
f 429/8/33 481/7/29 438/7/29 
s 1
f 471/12/2 482/11/2 476/11/2 
f 477/8/2 483/8/2 484/8/2 
f 474/4/2 485/4/2 478/4/2 
f 475/15/2 486/15/2 479/15/2 
s 2
f 480/11/2 482/11/2 487/11/2 
f 477/8/2 488/7/2 481/7/2 
f 473/2/2 489/17/2 450/17/2 
f 451/3/2 485/4/2 490/3/2 
s 4
f 479/15/2 491/15/2 452/15/2 
f 480/11/2 492/10/2 453/10/2 
s 1
f 454/6/2 488/7/2 493/6/2 
f 455/17/2 489/17/2 494/17/2 
s 4
f 451/3/2 495/3/2 456/3/2 
s 1
f 452/15/2 496/14/2 457/14/2 
s 8
f 453/10/2 497/10/2 458/10/2 
s 4
f 454/6/2 498/5/2 459/5/2 
f 455/17/2 499/16/2 460/16/2 
s 1
f 461/3/2 495/3/2 500/3/2 
s 2
f 462/14/2 496/14/2 501/14/2 
s 1
f 458/10/2 502/9/2 463/9/2 
f 459/5/2 503/5/2 464/5/2 
f 465/16/2 499/16/2 504/16/2 
s 2
f 461/3/2 505/2/2 466/2/2 
s 1
f 462/14/2 506/13/2 467/13/2 
s 2
f 468/9/2 502/9/2 507/9/2 
s 4
f 464/5/2 508/4/2 469/4/2 
s 8
f 465/16/2 509/16/2 470/16/2 
s 2
f 471/12/2 506/13/2 510/12/2 
s 16
f 468/9/2 483/8/2 472/8/2 
s 1
f 466/2/2 511/2/2 473/2/2 
s 2
f 474/4/2 508/4/2 512/4/2 
f 475/15/2 509/16/2 513/15/2 
s 8
f 503/5/99 514/4/100 508/4/100 
s 4
f 504/16/101 515/16/102 509/16/102 
f 506/13/103 516/12/104 510/12/104 
f 507/9/105 517/8/106 483/8/106 
f 505/2/107 518/2/108 511/2/108 
s 1
f 508/4/100 519/4/109 512/4/109 
f 509/16/102 520/15/110 513/15/110 
s 8
f 510/12/104 521/11/111 482/11/111 
s 2
f 484/8/112 517/8/106 522/8/112 
s 4
f 512/4/109 523/4/113 485/4/113 
f 513/15/110 524/15/114 486/15/114 
f 482/11/111 525/11/115 487/11/115 
f 484/8/112 526/7/116 488/7/116 
s 8
f 489/17/117 518/2/108 527/17/117 
f 485/4/113 528/3/118 490/3/118 
s 2
f 486/15/114 529/15/119 491/15/119 
s 1
f 487/11/115 530/10/120 492/10/120 
s 8
f 488/7/116 531/6/121 493/6/121 
s 4
f 489/17/117 532/17/122 494/17/122 
s 16
f 490/3/118 533/3/123 495/3/123 
s 8
f 491/15/119 534/14/124 496/14/124 
s 2
f 492/10/120 535/10/125 497/10/125 
f 493/6/121 536/5/126 498/5/126 
f 494/17/122 537/16/127 499/16/127 
f 495/3/123 538/3/128 500/3/128 
s 4
f 496/14/124 539/14/129 501/14/129 
f 497/10/125 540/9/130 502/9/130 
s 16
f 498/5/126 541/5/99 503/5/99 
s 8
f 499/16/127 542/16/101 504/16/101 
f 500/3/128 543/2/107 505/2/107 
f 501/14/129 544/13/103 506/13/103 
f 502/9/130 545/9/105 507/9/105 
s 1
f 533/3/1 546/3/1 538/3/1 
f 534/14/1 547/14/1 539/14/1 
f 535/10/1 548/9/1 540/9/1 
f 541/5/1 549/5/1 550/5/1 
f 537/16/1 551/16/1 542/16/1 
s 2
f 543/2/1 546/3/1 552/2/1 
f 544/13/1 547/14/1 553/13/1 
f 540/9/1 554/9/1 545/9/1 
f 541/5/1 555/4/1 514/4/1 
f 515/16/1 551/16/1 556/16/1 
s 1
f 544/13/1 557/12/1 516/12/1 
f 517/8/1 554/9/1 558/8/1 
f 518/2/1 552/2/1 559/2/1 
s 4
f 514/4/1 560/4/1 519/4/1 
s 8
f 515/16/1 561/15/1 520/15/1 
s 2
f 521/11/1 557/12/1 562/11/1 
s 8
f 517/8/1 563/8/1 522/8/1 
s 1
f 523/4/1 560/4/1 564/4/1 
f 524/15/1 561/15/1 565/15/1 
f 521/11/1 566/11/1 525/11/1 
f 526/7/1 563/8/1 567/7/1 
s 2
f 518/2/1 568/17/1 527/17/1 
f 523/4/1 569/3/1 528/3/1 
s 4
f 529/15/1 565/15/1 570/15/1 
s 2
f 530/10/1 566/11/1 571/10/1 
f 526/7/1 572/6/1 531/6/1 
s 1
f 527/17/1 573/17/1 532/17/1 
s 4
f 533/3/1 569/3/1 574/3/1 
s 16
f 529/15/1 575/14/1 534/14/1 
s 4
f 535/10/1 571/10/1 576/10/1 
f 536/5/1 572/6/1 549/5/1 
f 537/16/1 573/17/1 577/16/1 
s 8
f 567/7/29 578/6/24 572/6/24 
f 568/17/28 579/17/23 573/17/23 
s 1
f 569/3/27 580/3/22 574/3/22 
f 570/15/26 581/14/21 575/14/21 
f 571/10/25 582/10/20 576/10/20 
s 16
f 572/6/24 583/5/19 549/5/19 
s 2
f 573/17/23 584/16/18 577/16/18 
s 8
f 574/3/22 585/3/17 546/3/17 
s 4
f 575/14/21 586/14/16 547/14/16 
s 2
f 576/10/20 587/9/15 548/9/15 
f 549/5/19 588/5/14 550/5/14 
s 8
f 577/16/18 589/16/13 551/16/13 
s 4
f 546/3/17 590/2/7 552/2/7 
s 8
f 547/14/16 591/13/11 553/13/11 
s 4
f 548/9/15 592/9/9 554/9/9 
f 550/5/14 593/4/5 555/4/5 
f 551/16/13 594/16/3 556/16/3 
f 553/13/11 595/12/12 557/12/12 
s 8
f 554/9/9 596/8/10 558/8/10 
f 552/2/7 597/2/8 559/2/8 
f 555/4/5 598/4/6 560/4/6 
s 16
f 556/16/3 599/15/4 561/15/4 
s 8
f 557/12/12 600/11/34 562/11/34 
s 2
f 558/8/10 601/8/33 563/8/33 
f 560/4/6 602/4/32 564/4/32 
f 561/15/4 603/15/31 565/15/31 
s 4
f 562/11/34 604/11/30 566/11/30 
f 563/8/33 605/7/29 567/7/29 
f 559/2/8 606/17/28 568/17/28 
s 8
f 564/4/32 607/3/27 569/3/27 
f 565/15/31 608/15/26 570/15/26 
f 566/11/30 609/10/25 571/10/25 
s 1
f 589/16/2 610/16/2 594/16/2 
f 595/12/2 611/13/2 612/12/2 
f 592/9/2 613/8/2 596/8/2 
f 590/2/2 614/2/2 597/2/2 
f 598/4/2 615/4/2 616/4/2 
s 2
f 599/15/2 610/16/2 617/15/2 
f 595/12/2 618/11/2 600/11/2 
s 4
f 601/8/2 613/8/2 619/8/2 
f 598/4/2 620/4/2 602/4/2 
s 1
f 599/15/2 621/15/2 603/15/2 
f 604/11/2 618/11/2 622/11/2 
f 601/8/2 623/7/2 605/7/2 
s 2
f 606/17/2 614/2/2 624/17/2 
s 1
f 607/3/2 620/4/2 625/3/2 
s 4
f 603/15/2 626/15/2 608/15/2 
s 2
f 604/11/2 627/10/2 609/10/2 
f 578/6/2 623/7/2 628/6/2 
s 1
f 579/17/2 624/17/2 629/17/2 
s 2
f 607/3/2 630/3/2 580/3/2 
f 581/14/2 626/15/2 631/14/2 
s 4
f 609/10/2 632/10/2 582/10/2 
s 1
f 578/6/2 633/5/2 583/5/2 
s 4
f 579/17/2 634/16/2 584/16/2 
s 1
f 585/3/2 630/3/2 635/3/2 
f 586/14/2 631/14/2 636/14/2 
f 587/9/2 632/10/2 637/9/2 
s 4
f 583/5/2 638/5/2 588/5/2 
s 2
f 589/16/2 634/16/2 639/16/2 
f 585/3/2 640/2/2 590/2/2 
f 586/14/2 611/13/2 591/13/2 
f 592/9/2 637/9/2 641/9/2 
f 593/4/2 638/5/2 615/4/2 
s 8
f 632/10/20 642/9/15 637/9/15 
f 633/5/19 643/5/14 638/5/14 
s 1
f 634/16/18 644/16/13 639/16/13 
s 4
f 635/3/17 645/2/7 640/2/7 
f 636/14/16 646/13/11 611/13/11 
f 637/9/15 647/9/9 641/9/9 
s 16
f 638/5/14 648/4/5 615/4/5 
s 4
f 639/16/13 649/16/3 610/16/3 
s 8
f 611/13/11 650/12/12 612/12/12 
f 641/9/9 651/8/10 613/8/10 
f 640/2/7 652/2/8 614/2/8 
s 4
f 615/4/5 653/4/6 616/4/6 
s 8
f 610/16/3 654/15/4 617/15/4 
s 4
f 612/12/12 655/11/34 618/11/34 
s 2
f 613/8/10 656/8/33 619/8/33 
f 616/4/6 657/4/32 620/4/32 
s 4
f 617/15/4 658/15/31 621/15/31 
s 8
f 618/11/34 659/11/30 622/11/30 
f 619/8/33 660/7/29 623/7/29 
s 4
f 614/2/8 661/17/28 624/17/28 
s 8
f 620/4/32 662/3/27 625/3/27 
f 621/15/31 663/15/26 626/15/26 
s 4
f 622/11/30 664/10/25 627/10/25 
f 623/7/29 665/6/24 628/6/24 
s 8
f 624/17/28 666/17/23 629/17/23 
s 4
f 625/3/27 667/3/22 630/3/22 
s 16
f 626/15/26 668/14/21 631/14/21 
f 627/10/25 669/10/20 632/10/20 
f 628/6/24 670/5/19 633/5/19 
f 629/17/23 671/16/18 634/16/18 
s 8
f 630/3/22 672/3/17 635/3/17 
f 631/14/21 673/14/16 636/14/16 
s 1
f 661/17/1 674/17/1 666/17/1 
f 667/3/1 675/3/1 676/3/1 
f 663/15/1 677/14/1 668/14/1 
f 669/10/1 678/10/1 679/10/1 
f 670/5/1 680/6/1 681/5/1 
s 2
f 671/16/1 674/17/1 682/16/1 
f 667/3/1 683/3/1 672/3/1 
f 668/14/1 684/14/1 673/14/1 
f 669/10/1 685/9/1 642/9/1 
f 643/5/1 681/5/1 686/5/1 
s 4
f 671/16/1 687/16/1 644/16/1 
s 1
f 645/2/1 683/3/1 688/2/1 
f 646/13/1 684/14/1 689/13/1 
f 642/9/1 690/9/1 647/9/1 
f 643/5/1 691/4/1 648/4/1 
f 649/16/1 687/16/1 692/16/1 
s 2
f 646/13/1 693/12/1 650/12/1 
f 651/8/1 690/9/1 694/8/1 
f 652/2/1 688/2/1 695/2/1 
f 648/4/1 696/4/1 653/4/1 
f 649/16/1 697/15/1 654/15/1 
s 1
f 655/11/1 693/12/1 698/11/1 
f 651/8/1 699/8/1 656/8/1 
f 657/4/1 696/4/1 700/4/1 
f 658/15/1 697/15/1 701/15/1 
s 2
f 655/11/1 702/11/1 659/11/1 
f 660/7/1 699/8/1 703/7/1 
s 16
f 652/2/1 704/17/1 661/17/1 
s 4
f 657/4/1 675/3/1 662/3/1 
s 2
f 663/15/1 701/15/1 705/15/1 
s 8
f 664/10/1 702/11/1 678/10/1 
s 16
f 660/7/1 680/6/1 665/6/1 
s 4
f 698/11/34 706/11/30 702/11/30 
f 699/8/33 707/7/29 703/7/29 
s 1
f 695/2/8 708/17/28 704/17/28 
s 2
f 700/4/32 709/3/27 675/3/27 
s 4
f 701/15/31 710/15/26 705/15/26 
s 16
f 702/11/30 711/10/25 678/10/25 
s 8
f 703/7/29 712/6/24 680/6/24 
s 4
f 704/17/28 713/17/23 674/17/23 
s 8
f 675/3/27 714/3/22 676/3/22 
f 705/15/26 715/14/21 677/14/21 
s 2
f 678/10/25 716/10/20 679/10/20 
s 4
f 680/6/24 717/5/19 681/5/19 
s 8
f 674/17/23 718/16/18 682/16/18 
s 4
f 676/3/22 719/3/17 683/3/17 
f 677/14/21 720/14/16 684/14/16 
f 679/10/20 721/9/15 685/9/15 
s 8
f 681/5/19 722/5/14 686/5/14 
s 16
f 682/16/18 723/16/13 687/16/13 
s 8
f 683/3/17 724/2/7 688/2/7 
f 684/14/16 725/13/11 689/13/11 
f 685/9/15 726/9/9 690/9/9 
s 4
f 686/5/14 727/4/5 691/4/5 
s 2
f 687/16/13 728/16/3 692/16/3 
s 4
f 689/13/11 729/12/12 693/12/12 
f 690/9/9 730/8/10 694/8/10 
f 688/2/7 731/2/8 695/2/8 
s 8
f 691/4/5 732/4/6 696/4/6 
s 4
f 692/16/3 733/15/4 697/15/4 
s 8
f 693/12/12 734/11/34 698/11/34 
f 694/8/10 735/8/33 699/8/33 
s 4
f 696/4/6 736/4/32 700/4/32 
s 8
f 697/15/4 737/15/31 701/15/31 
s 1
f 724/2/2 738/2/2 731/2/2 
f 727/4/2 739/4/2 732/4/2 
f 728/16/2 740/15/2 733/15/2 
f 729/12/2 741/11/2 734/11/2 
f 735/8/2 742/8/2 743/8/2 
s 2
f 732/4/2 744/4/2 736/4/2 
f 737/15/2 740/15/2 745/15/2 
f 706/11/2 741/11/2 746/11/2 
f 735/8/2 747/7/2 707/7/2 
f 731/2/2 748/17/2 708/17/2 
s 1
f 709/3/2 744/4/2 749/3/2 
f 737/15/2 750/15/2 710/15/2 
f 706/11/2 751/10/2 711/10/2 
f 712/6/2 747/7/2 752/6/2 
s 8
f 708/17/2 753/17/2 713/17/2 
s 4
f 709/3/2 754/3/2 714/3/2 
s 2
f 710/15/2 755/14/2 715/14/2 
s 4
f 711/10/2 756/10/2 716/10/2 
s 2
f 712/6/2 757/5/2 717/5/2 
s 1
f 713/17/2 758/16/2 718/16/2 
f 719/3/2 754/3/2 759/3/2 
f 715/14/2 760/14/2 720/14/2 
f 716/10/2 761/9/2 721/9/2 
f 722/5/2 757/5/2 762/5/2 
s 2
f 723/16/2 758/16/2 763/16/2 
f 719/3/2 764/2/2 724/2/2 
f 720/14/2 765/13/2 725/13/2 
f 721/9/2 766/9/2 726/9/2 
f 722/5/2 767/4/2 727/4/2 
s 4
f 723/16/2 768/16/2 728/16/2 
s 8
f 729/12/2 765/13/2 769/12/2 
s 16
f 726/9/2 742/8/2 730/8/2 
s 4
f 759/3/17 770/20/131 764/2/7 
f 760/14/16 771/13/132 765/13/11 
f 761/9/15 772/9/133 766/9/9 
f 762/5/14 773/5/134 767/4/5 
s 1
f 763/16/13 774/16/135 768/16/3 
f 765/13/11 775/13/136 769/12/12 
s 8
f 766/9/9 776/9/137 742/8/10 
f 764/2/7 777/2/138 738/2/8 
f 767/4/5 778/4/139 739/4/6 
f 768/16/3 779/16/140 740/15/4 
s 4
f 769/12/12 780/12/141 741/11/34 
s 2
f 742/8/10 781/8/142 743/8/33 
s 4
f 739/4/6 782/4/143 744/4/32 
f 740/15/4 783/15/144 745/15/31 
s 8
f 741/11/34 784/11/145 746/11/30 
s 4
f 743/8/33 785/8/146 747/7/29 
f 738/2/8 786/2/147 748/17/28 
s 8
f 744/4/32 787/19/148 749/3/27 
f 745/15/31 788/15/149 750/15/26 
s 4
f 746/11/30 789/11/150 751/10/25 
s 8
f 747/7/29 790/6/151 752/6/24 
s 1
f 748/17/28 791/17/152 753/17/23 
s 2
f 749/3/27 792/3/153 754/3/22 
s 4
f 750/15/26 793/14/154 755/14/21 
s 2
f 751/10/25 794/10/155 756/10/20 
s 4
f 752/6/24 795/6/156 757/5/19 
f 753/17/23 796/17/157 758/16/18 
s 8
f 754/3/22 797/3/158 759/3/17 
f 755/14/21 798/14/159 760/14/16 
f 756/10/20 799/10/160 761/9/15 
f 757/5/19 800/5/161 762/5/14 
f 758/16/18 801/16/162 763/16/13 
s 1
f 802/13/1 803/14/1 804/13/1 
f 805/9/1 806/9/1 807/9/1 
f 808/5/1 809/4/1 810/4/1 
s 2
f 811/16/1 812/16/1 813/16/1 
f 802/13/1 814/12/1 815/12/1 
f 816/8/1 806/9/1 817/8/1 
s 1
f 818/2/1 819/2/1 820/2/1 
s 2
f 810/4/1 821/4/1 822/4/1 
s 4
f 811/16/1 823/15/1 824/15/1 
s 1
f 825/11/1 814/12/1 826/11/1 
f 816/8/1 827/8/1 828/8/1 
f 829/4/1 821/4/1 830/4/1 
f 824/15/1 831/15/1 832/15/1 
s 2
f 825/11/1 833/11/1 834/11/1 
f 835/7/1 827/8/1 836/7/1 
f 818/2/1 837/17/1 838/17/1 
f 829/4/1 839/3/1 840/3/1 
f 841/15/1 831/15/1 842/15/1 
s 1
f 834/11/1 843/10/1 844/10/1 
f 835/7/1 845/6/1 846/6/1 
s 8
f 838/17/1 847/17/1 848/17/1 
s 1
f 849/3/1 839/3/1 850/3/1 
f 841/15/1 851/14/1 852/14/1 
s 8
f 844/10/1 853/10/1 854/10/1 
s 2
f 855/5/1 845/6/1 856/5/1 
f 848/17/1 857/16/1 858/16/1 
s 4
f 849/3/1 859/3/1 860/3/1 
s 2
f 861/14/1 851/14/1 803/14/1 
f 805/9/1 853/10/1 862/9/1 
s 16
f 855/5/1 863/5/1 808/5/1 
s 1
f 858/16/1 812/16/1 864/16/1 
s 2
f 865/2/1 859/3/1 819/2/1 
s 4
f 831/15/31 866/15/26 842/15/26 
f 833/11/30 867/10/25 843/10/25 
f 836/7/29 868/6/24 845/6/24 
s 1
f 837/17/28 869/17/23 847/17/23 
s 4
f 839/3/27 870/3/22 850/3/22 
s 8
f 842/15/26 871/14/21 851/14/21 
s 16
f 843/10/25 872/10/20 853/10/20 
s 8
f 845/6/24 873/5/19 856/5/19 
s 4
f 847/17/23 874/16/18 857/16/18 
s 8
f 850/3/22 875/3/17 859/3/17 
s 4
f 851/14/21 876/14/16 803/14/16 
s 1
f 853/10/20 877/9/15 862/9/15 
f 856/5/19 878/5/14 863/5/14 
s 8
f 857/16/18 879/16/13 812/16/13 
s 16
f 859/3/17 880/2/7 819/2/7 
s 8
f 803/14/16 881/13/11 804/13/11 
s 4
f 862/9/15 882/9/9 806/9/9 
s 2
f 863/5/14 883/4/5 809/4/5 
s 4
f 812/16/13 884/16/3 813/16/3 
f 804/13/11 885/12/12 814/12/12 
s 8
f 806/9/9 886/8/10 817/8/10 
s 4
f 819/2/7 887/2/8 820/2/8 
f 809/4/5 888/4/6 821/4/6 
s 1
f 813/16/3 889/15/4 823/15/4 
s 8
f 814/12/12 890/11/34 826/11/34 
s 4
f 817/8/10 891/8/33 827/8/33 
s 8
f 821/4/6 892/4/32 830/4/32 
f 823/15/4 893/15/31 831/15/31 
s 16
f 826/11/34 894/11/30 833/11/30 
s 8
f 827/8/33 895/7/29 836/7/29 
f 820/2/8 896/17/28 837/17/28 
s 16
f 830/4/32 897/3/27 839/3/27 
s 1
f 895/7/1 898/8/1 899/7/1 
f 887/2/1 900/17/1 896/17/1 
f 870/3/1 901/3/1 875/3/1 
f 892/4/1 902/3/1 897/3/1 
f 866/15/1 903/15/1 904/15/1 
f 867/10/1 905/11/1 906/10/1 
s 2
f 895/7/1 907/6/1 868/6/1 
f 896/17/1 908/17/1 869/17/1 
f 870/3/1 902/3/1 909/3/1 
f 875/3/1 910/2/1 880/2/1 
f 866/15/1 911/14/1 871/14/1 
f 867/10/1 912/10/1 872/10/1 
s 1
f 873/5/1 907/6/1 913/5/1 
f 874/16/1 908/17/1 914/16/1 
f 871/14/1 915/14/1 876/14/1 
s 4
f 877/9/1 912/10/1 916/9/1 
s 8
f 887/2/1 910/2/1 917/2/1 
s 2
f 873/5/1 918/5/1 878/5/1 
f 874/16/1 919/16/1 879/16/1 
f 881/13/1 915/14/1 920/13/1 
f 877/9/1 921/9/1 882/9/1 
s 1
f 883/4/1 918/5/1 922/4/1 
f 884/16/1 919/16/1 923/16/1 
f 881/13/1 924/12/1 885/12/1 
f 886/8/1 921/9/1 925/8/1 
s 8
f 883/4/1 926/4/1 888/4/1 
s 2
f 884/16/1 927/15/1 889/15/1 
f 890/11/1 924/12/1 928/11/1 
f 886/8/1 898/8/1 891/8/1 
f 892/4/1 926/4/1 929/4/1 
s 4
f 889/15/1 903/15/1 893/15/1 
f 890/11/1 905/11/1 894/11/1 
f 922/4/5 930/4/6 926/4/6 
f 923/16/3 931/15/4 927/15/4 
f 924/12/12 932/11/34 928/11/34 
f 925/8/10 933/8/33 898/8/33 
s 1
f 926/4/6 934/4/32 929/4/32 
s 8
f 927/15/4 935/15/31 903/15/31 
f 928/11/34 936/11/30 905/11/30 
f 898/8/33 937/7/29 899/7/29 
s 2
f 917/2/8 938/17/28 900/17/28 
s 4
f 929/4/32 939/3/27 902/3/27 
s 2
f 903/15/31 940/15/26 904/15/26 
f 905/11/30 941/10/25 906/10/25 
s 4
f 899/7/29 942/6/24 907/6/24 
f 900/17/28 943/17/23 908/17/23 
s 8
f 902/3/27 944/3/22 909/3/22 
s 4
f 904/15/26 945/14/21 911/14/21 
s 8
f 906/10/25 946/10/20 912/10/20 
f 907/6/24 947/5/19 913/5/19 
f 908/17/23 948/16/18 914/16/18 
s 4
f 909/3/22 949/3/17 901/3/17 
s 8
f 911/14/21 950/14/16 915/14/16 
s 1
f 912/10/20 951/9/15 916/9/15 
s 4
f 913/5/19 952/5/14 918/5/14 
f 914/16/18 953/16/13 919/16/13 
s 16
f 901/3/17 954/2/7 910/2/7 
s 4
f 915/14/16 955/13/11 920/13/11 
s 8
f 916/9/15 956/9/9 921/9/9 
f 918/5/14 957/4/5 922/4/5 
f 919/16/13 958/16/3 923/16/3 
f 920/13/11 959/12/12 924/12/12 
s 16
f 921/9/9 960/8/10 925/8/10 
s 1
f 910/2/7 961/2/8 917/2/8 
s 2
f 962/1/2 961/2/2 954/2/2 
s 1
f 962/1/2 954/2/2 949/3/2 
s 16
f 962/1/2 949/3/2 944/3/2 
s 32
f 962/1/2 944/3/2 939/3/2 
s 8
f 962/1/2 939/3/2 934/4/2 
s 64
f 962/1/2 934/4/2 930/4/2 
s 128
f 962/1/2 930/4/2 957/4/2 
s 256
f 962/1/2 957/4/2 952/5/2 
s 512
f 962/1/2 952/5/2 947/5/2 
s 1024
f 962/1/2 947/5/2 942/6/2 
s 2048
f 962/1/2 942/6/2 937/7/2 
s 4096
f 962/1/2 937/7/2 933/8/2 
s 8192
f 962/1/2 933/8/2 960/8/2 
s 4
f 962/1/2 960/8/2 956/9/2 
s 16384
f 962/1/2 956/9/2 951/9/2 
s 32768
f 962/1/2 951/9/2 946/10/2 
s 65536
f 962/1/2 946/10/2 941/10/2 
s 131072
f 962/1/2 941/10/2 936/11/2 
s 262144
f 962/1/2 936/11/2 932/11/2 
s 524288
f 962/1/2 932/11/2 959/12/2 
s 1048576
f 962/1/2 959/12/2 955/13/2 
s 2097152
f 962/1/2 955/13/2 950/14/2 
s 4194304
f 962/1/2 950/14/2 945/14/2 
s 8388608
f 962/1/2 945/14/2 940/15/2 
s 16777216
f 962/1/2 940/15/2 935/15/2 
s 33554432
f 962/1/2 935/15/2 931/15/2 
s 67108864
f 962/1/2 931/15/2 958/16/2 
s 134217728
f 962/1/2 958/16/2 953/16/2 
s 268435456
f 962/1/2 953/16/2 948/16/2 
s 536870912
f 962/1/2 948/16/2 943/17/2 
s 1073741824
f 962/1/2 943/17/2 938/17/2 
s 2147483648
f 962/1/2 938/17/2 961/2/2 
s 1
f 963/15/8 964/18/8 965/18/8 
s 2
f 963/15/8 966/18/8 964/18/8 
s 4
f 963/15/8 967/18/8 966/18/8 
s 8
f 963/15/8 968/18/8 967/18/8 
s 16
f 963/15/8 969/15/8 968/18/8 
s 32
f 963/15/8 970/15/8 969/15/8 
s 64
f 963/15/8 971/15/8 970/15/8 
s 128
f 963/15/8 972/15/8 971/15/8 
s 256
f 963/15/8 973/15/8 972/15/8 
s 512
f 963/15/8 974/15/8 973/15/8 
s 1024
f 963/15/8 975/15/8 974/15/8 
s 2048
f 963/15/8 976/15/8 975/15/8 
s 4096
f 963/15/8 977/15/8 976/15/8 
s 8192
f 963/15/8 978/15/8 977/15/8 
s 16384
f 963/15/8 979/15/8 978/15/8 
s 32768
f 963/15/8 980/15/8 979/15/8 
s 65536
f 963/15/8 981/15/8 980/15/8 
s 131072
f 963/15/8 982/15/8 981/15/8 
s 262144
f 963/15/8 983/15/8 982/15/8 
s 524288
f 963/15/8 984/15/8 983/15/8 
s 1048576
f 963/15/8 985/15/8 984/15/8 
s 2097152
f 963/15/8 986/15/8 985/15/8 
s 4194304
f 963/15/8 987/15/8 986/15/8 
s 8388608
f 963/15/8 988/15/8 987/15/8 
s 16777216
f 963/15/8 989/15/8 988/15/8 
s 33554432
f 963/15/8 990/15/8 989/15/8 
s 67108864
f 963/15/8 991/18/8 990/15/8 
s 134217728
f 963/15/8 992/18/8 991/18/8 
s 268435456
f 963/15/8 993/18/8 992/18/8 
s 536870912
f 963/15/8 994/18/8 993/18/8 
s 1073741824
f 963/15/8 995/18/8 994/18/8 
s 2147483648
f 963/15/8 965/18/8 995/18/8 
s 1
f 996/15/8 997/15/8 998/15/8 
f 999/15/8 1000/15/8 1001/15/8 
f 1002/18/8 1003/18/8 1004/18/8 
f 1005/18/8 1006/18/8 1007/18/8 
f 1008/15/8 1009/15/8 1010/15/8 
s 2
f 1011/15/8 998/15/8 1012/15/8 
f 1013/15/8 1000/15/8 1014/15/8 
f 1015/18/8 1003/18/8 1016/18/8 
f 1008/15/8 1017/15/8 1018/15/8 
s 1
f 1019/15/8 1012/15/8 1020/15/8 
s 2
f 1005/18/8 1021/18/8 1022/18/8 
s 1
f 1023/15/8 1014/15/8 1024/15/8 
f 1015/18/8 1025/15/8 1026/15/8 
f 1018/15/8 1027/15/8 1028/15/8 
s 2
f 1029/15/8 1020/15/8 1030/15/8 
f 1031/15/8 1024/15/8 1032/15/8 
f 1026/15/8 1033/15/8 1034/15/8 
f 1028/15/8 1035/15/8 1036/15/8 
s 1
f 1037/15/8 1030/15/8 1038/15/8 
f 1039/18/8 1021/18/8 1040/18/8 
f 1031/15/8 1041/18/8 1042/18/8 
f 1034/15/8 1043/15/8 1044/15/8 
f 1036/15/8 1045/15/8 1046/15/8 
s 2
f 1037/15/8 1047/15/8 1048/15/8 
f 1039/18/8 1049/18/8 1050/18/8 
f 1051/18/8 1041/18/8 1052/18/8 
f 1053/15/8 1043/15/8 1054/15/8 
f 1046/15/8 997/15/8 1055/15/8 
s 4
f 1048/15/8 1056/15/8 999/15/8 
f 1002/18/8 1049/18/8 1057/18/8 
f 1051/18/8 1006/18/8 1058/18/8 
f 1059/15/8 1054/15/8 1009/15/8 
s 1
f 981/15/163 1055/15/1 980/15/1 
f 988/15/26 1053/15/164 987/15/164 
f 968/18/165 1051/18/166 967/18/166 
f 995/18/167 1050/18/168 994/18/168 
f 975/15/169 1048/15/170 974/15/170 
s 4
f 982/15/171 1046/15/163 981/15/163 
s 2
f 989/15/172 1044/15/26 988/15/26 
f 969/15/173 1042/18/165 968/18/165 
s 4
f 965/18/2 1039/18/167 995/18/167 
f 976/15/174 1037/15/169 975/15/169 
s 8
f 983/15/175 1036/15/171 982/15/171 
s 4
f 990/15/176 1034/15/172 989/15/172 
f 970/15/177 1031/15/173 969/15/173 
s 1
f 977/15/178 1029/15/174 976/15/174 
s 4
f 984/15/179 1028/15/175 983/15/175 
s 8
f 991/18/180 1026/15/176 990/15/176 
s 2
f 971/15/181 1023/15/177 970/15/177 
s 8
f 964/18/182 1022/18/2 965/18/2 
s 2
f 978/15/183 1019/15/178 977/15/178 
s 8
f 985/15/184 1018/15/179 984/15/179 
s 4
f 992/18/185 1015/18/180 991/18/180 
s 1
f 972/15/14 1013/15/181 971/15/181 
f 979/15/186 1011/15/183 978/15/183 
s 4
f 986/15/187 1008/15/184 985/15/184 
s 16
f 966/18/188 1005/18/182 964/18/182 
s 2
f 993/18/189 1004/18/185 992/18/185 
f 973/15/190 1001/15/14 972/15/14 
f 980/15/1 996/15/186 979/15/186 
f 987/15/164 1059/15/187 986/15/187 
s 32
f 967/18/166 1058/18/188 966/18/188 
s 8
f 994/18/168 1002/18/189 993/18/189 
f 974/15/170 999/15/190 973/15/190 
s 4
f 998/15/186 1060/15/183 1012/15/183 
f 1000/15/14 1061/15/181 1014/15/181 
f 1003/18/185 1062/18/180 1016/18/180 
f 1010/15/184 1063/15/179 1017/15/179 
s 8
f 1012/15/183 1064/15/178 1020/15/178 
s 4
f 1007/18/182 1065/18/2 1021/18/2 
s 8
f 1014/15/181 1066/15/177 1024/15/177 
f 1016/18/180 1067/15/176 1025/15/176 
f 1017/15/179 1068/15/175 1027/15/175 
s 4
f 1020/15/178 1069/15/174 1030/15/174 
f 1024/15/177 1070/15/173 1032/15/173 
f 1025/15/176 1071/15/172 1033/15/172 
f 1027/15/175 1072/15/171 1035/15/171 
s 8
f 1030/15/174 1073/15/169 1038/15/169 
f 1021/18/2 1074/18/167 1040/18/167 
f 1032/15/173 1075/18/165 1041/18/165 
f 1033/15/172 1076/15/26 1043/15/26 
f 1035/15/171 1077/15/163 1045/15/163 
s 4
f 1038/15/169 1078/15/170 1047/15/170 
s 16
f 1040/18/167 1079/18/168 1049/18/168 
s 4
f 1041/18/165 1080/18/166 1052/18/166 
s 16
f 1043/15/26 1081/15/164 1054/15/164 
s 4
f 1045/15/163 1082/15/1 997/15/1 
s 1
f 1047/15/170 1083/15/190 1056/15/190 
f 1049/18/168 1084/18/189 1057/18/189 
s 8
f 1052/18/166 1085/18/188 1006/18/188 
f 1054/15/164 1086/15/187 1009/15/187 
f 997/15/1 1087/15/186 998/15/186 
f 1056/15/190 1088/15/14 1000/15/14 
f 1057/18/189 1089/18/185 1003/18/185 
s 2
f 1006/18/188 1090/18/182 1007/18/182 
f 1009/15/187 1091/15/184 1010/15/184 
s 1
f 1092/15/20 1065/18/20 1090/18/20 
s 4
f 1092/15/20 1090/18/20 1085/18/20 
s 2
f 1092/15/20 1085/18/20 1080/18/20 
s 16
f 1092/15/20 1080/18/20 1075/18/20 
s 32
f 1092/15/20 1075/18/20 1070/15/20 
s 64
f 1092/15/20 1070/15/20 1066/15/20 
s 128
f 1092/15/20 1066/15/20 1061/15/20 
s 256
f 1092/15/20 1061/15/20 1088/15/20 
s 512
f 1092/15/20 1088/15/20 1083/15/20 
s 8
f 1092/15/20 1083/15/20 1078/15/20 
s 1024
f 1092/15/20 1078/15/20 1073/15/20 
s 2048
f 1092/15/20 1073/15/20 1069/15/20 
s 4096
f 1092/15/20 1069/15/20 1064/15/20 
s 8192
f 1092/15/20 1064/15/20 1060/15/20 
s 16384
f 1092/15/20 1060/15/20 1087/15/20 
s 32768
f 1092/15/20 1087/15/20 1082/15/20 
s 65536
f 1092/15/20 1082/15/20 1077/15/20 
s 131072
f 1092/15/20 1077/15/20 1072/15/20 
s 262144
f 1092/15/20 1072/15/20 1068/15/20 
s 524288
f 1092/15/20 1068/15/20 1063/15/20 
s 1048576
f 1092/15/20 1063/15/20 1091/15/20 
s 2097152
f 1092/15/20 1091/15/20 1086/15/20 
s 4194304
f 1092/15/20 1086/15/20 1081/15/20 
s 8388608
f 1092/15/20 1081/15/20 1076/15/20 
s 16777216
f 1092/15/20 1076/15/20 1071/15/20 
s 33554432
f 1092/15/20 1071/15/20 1067/15/20 
s 67108864
f 1092/15/20 1067/15/20 1062/18/20 
s 134217728
f 1092/15/20 1062/18/20 1089/18/20 
s 268435456
f 1092/15/20 1089/18/20 1084/18/20 
s 536870912
f 1092/15/20 1084/18/20 1079/18/20 
s 1073741824
f 1092/15/20 1079/18/20 1074/18/20 
s 2147483648
f 1092/15/20 1074/18/20 1065/18/20 
s 1
f 1093/15/2 1094/15/191 1095/15/192 
f 1096/15/193 1097/15/194 1098/15/195 
f 1099/15/196 1100/15/197 1101/15/108 
s 2
f 1102/15/198 1095/15/192 1103/15/199 
f 1104/15/200 1098/15/195 1094/15/191 
f 1105/15/125 1106/15/20 1097/15/194 
f 1107/15/8 1101/15/108 1100/15/197 
s 4
f 1099/15/196 1103/15/199 1108/15/201 
s 8
f 1108/15/201 1109/15/202 1100/15/197 
f 1095/15/192 1110/15/203 1103/15/199 
s 4
f 1098/15/195 1111/15/204 1094/15/191 
f 1097/15/194 1106/15/20 1112/15/205 
f 1107/15/8 1100/15/197 1109/15/202 
s 1
f 1103/15/199 1113/15/206 1108/15/201 
s 16
f 1095/15/192 1111/15/204 1114/15/207 
s 8
f 1097/15/194 1115/15/208 1098/15/195 
s 1
f 1112/15/205 1106/15/20 1116/15/209 
f 1107/15/8 1109/15/202 1117/15/210 
s 2
f 1110/15/203 1118/15/211 1113/15/206 
s 1
f 1114/15/207 1119/15/212 1120/15/213 
s 2
f 1112/15/205 1121/15/214 1115/15/208 
s 16
f 1109/15/202 1118/15/211 1117/15/210 
s 4
f 1110/15/203 1120/15/213 1122/15/215 
s 32
f 1115/15/208 1119/15/212 1111/15/204 
s 1
f 1122/15/215 1123/15/216 1118/15/211 
s 2
f 1120/15/213 1124/15/217 1125/15/218 
s 1
f 1121/15/214 1126/15/219 1127/15/220 
s 4
f 1118/15/211 1128/15/221 1117/15/210 
s 8
f 1122/15/215 1125/15/218 1129/15/222 
s 4
f 1119/15/212 1127/15/220 1124/15/217 
s 8
f 1116/15/209 1106/15/20 1126/15/219 
f 1107/15/8 1117/15/210 1128/15/221 
s 2
f 1123/15/216 1130/15/223 1128/15/221 
s 1
f 1129/15/222 1131/15/224 1132/15/225 
s 8
f 1127/15/220 1133/15/226 1124/15/217 
s 16
f 1126/15/219 1106/15/20 1134/15/227 
f 1107/15/8 1128/15/221 1130/15/223 
s 4
f 1123/15/216 1132/15/225 1135/15/228 
f 1125/15/218 1133/15/226 1131/15/224 
s 2
f 1126/15/219 1136/15/229 1127/15/220 
f 1132/15/225 1137/15/230 1138/15/231 
s 1
f 1133/15/226 1139/15/232 1140/15/233 
s 32
f 1134/15/227 1106/15/20 1141/15/234 
f 1107/15/8 1130/15/223 1142/15/235 
s 8
f 1132/15/225 1143/15/236 1135/15/228 
s 16
f 1133/15/226 1137/15/230 1131/15/224 
s 4
f 1136/15/229 1141/15/234 1139/15/232 
s 1
f 1130/15/223 1143/15/236 1142/15/235 
s 64
f 1107/15/8 1142/15/235 1144/15/237 
s 4
f 1138/15/231 1145/15/238 1143/15/236 
f 1140/15/233 1146/15/239 1137/15/230 
s 2
f 1139/15/232 1147/15/240 1148/15/241 
f 1142/15/235 1145/15/238 1144/15/237 
s 1
f 1137/15/230 1149/15/242 1138/15/231 
s 8
f 1139/15/232 1150/15/243 1140/15/233 
s 64
f 1141/15/234 1106/15/20 1147/15/240 
s 1
f 1146/15/239 1151/15/244 1152/15/245 
f 1148/15/241 1153/15/246 1154/15/247 
f 1144/15/237 1155/15/248 1156/15/249 
s 2
f 1149/15/242 1152/15/245 1157/15/250 
f 1150/15/243 1154/15/247 1151/15/244 
s 128
f 1147/15/240 1106/15/20 1153/15/246 
f 1107/15/8 1144/15/237 1156/15/249 
s 8
f 1149/15/242 1155/15/248 1145/15/238 
s 2
f 1155/15/248 1158/15/251 1156/15/249 
s 4
f 1152/15/245 1159/15/252 1157/15/250 
f 1154/15/247 1160/15/253 1151/15/244 
s 256
f 1153/15/246 1106/15/20 1161/15/254 
f 1107/15/8 1156/15/249 1158/15/251 
s 16
f 1157/15/250 1162/15/255 1155/15/248 
s 8
f 1151/15/244 1163/15/256 1152/15/245 
f 1154/15/247 1161/15/254 1164/15/257 
s 1
f 1160/15/253 1165/15/258 1166/15/259 
s 512
f 1161/15/254 1106/15/20 1167/15/260 
f 1107/15/8 1158/15/251 1168/15/261 
s 1
f 1162/15/255 1169/15/262 1170/15/263 
s 2
f 1163/15/256 1166/15/259 1171/15/264 
f 1161/15/254 1165/15/258 1164/15/257 
s 4
f 1158/15/251 1170/15/263 1168/15/261 
s 8
f 1159/15/252 1171/15/264 1169/15/262 
s 1024
f 1107/15/8 1168/15/261 1172/15/265 
s 2
f 1170/15/263 1173/15/266 1174/15/267 
s 4
f 1166/15/259 1175/15/268 1171/15/264 
f 1165/15/258 1176/15/269 1177/15/270 
s 8
f 1170/15/263 1172/15/265 1168/15/261 
s 16
f 1171/15/264 1173/15/266 1169/15/262 
s 8
f 1166/15/259 1177/15/270 1178/15/271 
s 1024
f 1167/15/260 1106/15/20 1176/15/269 
s 1
f 1177/15/270 1179/15/272 1180/15/273 
f 1174/15/267 1181/15/274 1172/15/265 
f 1175/15/268 1182/15/275 1173/15/266 
s 2
f 1178/15/271 1180/15/273 1183/15/276 
s 2048
f 1176/15/269 1106/15/20 1179/15/272 
f 1107/15/8 1172/15/265 1181/15/274 
s 4
f 1173/15/266 1184/15/277 1174/15/267 
s 8
f 1175/15/268 1183/15/276 1185/15/278 
s 2
f 1181/15/274 1186/15/279 1187/15/280 
f 1185/15/278 1188/15/281 1182/15/275 
s 4
f 1180/15/273 1189/15/282 1183/15/276 
s 4096
f 1179/15/272 1106/15/20 1190/15/283 
f 1107/15/8 1181/15/274 1187/15/280 
s 1
f 1184/15/277 1188/15/281 1186/15/279 
f 1185/15/278 1189/15/282 1191/15/1 
s 8
f 1179/15/272 1192/15/284 1180/15/273 
s 8192
f 1190/15/283 1106/15/20 1193/15/285 
f 1107/15/8 1187/15/280 1194/15/286 
s 4
f 1188/15/281 1195/15/287 1186/15/279 
s 2
f 1189/15/282 1196/15/288 1191/15/1 
s 1
f 1192/15/284 1193/15/285 1197/15/289 
s 8
f 1186/15/279 1194/15/286 1187/15/280 
f 1188/15/281 1196/15/288 1198/15/290 
f 1189/15/282 1197/15/289 1199/15/291 
s 1
f 1198/15/290 1200/15/292 1195/15/287 
f 1196/15/288 1201/15/293 1202/15/294 
s 2
f 1193/15/285 1203/15/295 1197/15/289 
f 1194/15/286 1200/15/292 1204/15/296 
f 1198/15/290 1202/15/294 1205/15/297 
s 4
f 1199/15/291 1203/15/295 1201/15/293 
s 16384
f 1193/15/285 1106/15/20 1206/15/298 
f 1107/15/8 1194/15/286 1204/15/296 
s 4
f 1200/15/292 1207/15/299 1204/15/296 
s 1
f 1205/15/297 1208/15/300 1209/15/301 
s 2
f 1201/15/293 1210/15/302 1211/15/303 
s 32768
f 1206/15/298 1106/15/20 1212/15/304 
f 1107/15/8 1204/15/296 1207/15/299 
s 8
f 1205/15/297 1213/15/305 1200/15/292 
f 1201/15/293 1208/15/300 1202/15/294 
s 1
f 1203/15/295 1212/15/304 1210/15/302 
s 2
f 1209/15/301 1214/15/306 1215/15/307 
s 1
f 1211/15/303 1216/15/308 1217/15/309 
s 65536
f 1212/15/304 1106/15/20 1218/15/310 
f 1107/15/8 1207/15/299 1219/15/311 
s 4
f 1209/15/301 1220/15/312 1213/15/305 
f 1211/15/303 1214/15/306 1208/15/300 
f 1212/15/304 1216/15/308 1210/15/302 
s 1
f 1213/15/305 1219/15/311 1207/15/299 
s 131072
f 1107/15/8 1219/15/311 1221/15/313 
s 1
f 1215/15/307 1222/15/314 1220/15/312 
f 1214/15/306 1223/15/315 1224/15/316 
s 2
f 1218/15/310 1225/15/317 1216/15/308 
f 1220/15/312 1221/15/313 1219/15/311 
s 4
f 1215/15/307 1224/15/316 1226/15/318 
f 1217/15/309 1225/15/317 1223/15/315 
s 131072
f 1218/15/310 1106/15/20 1227/15/319 
s 2
f 1223/15/315 1228/15/320 1224/15/316 
s 1
f 1225/15/317 1229/15/321 1230/15/322 
f 1221/15/313 1231/15/323 1232/15/324 
s 8
f 1224/15/316 1233/15/325 1226/15/318 
f 1225/15/317 1234/15/326 1223/15/315 
s 262144
f 1227/15/319 1106/15/20 1229/15/321 
f 1107/15/8 1221/15/313 1232/15/324 
s 2
f 1226/15/318 1231/15/323 1222/15/314 
f 1232/15/324 1235/15/327 1236/15/328 
s 1
f 1228/15/320 1237/15/329 1233/15/325 
s 2
f 1230/15/322 1238/15/330 1234/15/326 
s 524288
f 1229/15/321 1106/15/20 1239/15/331 
f 1107/15/8 1232/15/324 1236/15/328 
s 4
f 1233/15/325 1235/15/327 1231/15/323 
f 1234/15/326 1240/15/332 1228/15/320 
f 1230/15/322 1239/15/331 1241/15/333 
s 1
f 1238/15/330 1242/15/334 1243/15/335 
s 1048576
f 1239/15/331 1106/15/20 1244/15/336 
f 1107/15/8 1236/15/328 1245/15/337 
s 8
f 1237/15/329 1246/15/338 1235/15/327 
s 2
f 1240/15/332 1243/15/335 1247/15/339 
f 1239/15/331 1242/15/334 1241/15/333 
s 1
f 1236/15/328 1246/15/338 1245/15/337 
s 16
f 1240/15/332 1248/15/340 1237/15/329 
s 2097152
f 1107/15/8 1245/15/337 1249/15/341 
s 2
f 1248/15/340 1250/15/342 1246/15/338 
s 1
f 1247/15/339 1251/15/343 1252/15/344 
s 4
f 1242/15/334 1253/15/345 1254/15/346 
f 1246/15/338 1249/15/341 1245/15/337 
f 1248/15/340 1252/15/344 1255/15/347 
s 8
f 1243/15/335 1254/15/346 1251/15/343 
s 2097152
f 1244/15/336 1106/15/20 1253/15/345 
s 1
f 1253/15/345 1256/15/348 1254/15/346 
f 1249/15/341 1257/15/349 1258/15/350 
f 1255/15/347 1259/15/351 1260/15/352 
s 2
f 1254/15/346 1261/15/353 1251/15/343 
s 4194304
f 1253/15/345 1106/15/20 1262/15/354 
f 1107/15/8 1249/15/341 1258/15/350 
s 4
f 1250/15/342 1260/15/352 1257/15/349 
s 8
f 1252/15/344 1261/15/353 1259/15/351 
s 2
f 1257/15/349 1263/15/355 1258/15/350 
f 1260/15/352 1264/15/356 1265/15/357 
s 1
f 1261/15/353 1266/15/358 1267/15/359 
s 8388608
f 1262/15/354 1106/15/20 1268/15/360 
f 1107/15/8 1258/15/350 1263/15/355 
s 8
f 1257/15/349 1265/15/357 1269/15/361 
s 4
f 1259/15/351 1267/15/359 1264/15/356 
s 2
f 1256/15/348 1268/15/360 1266/15/358 
s 16777216
f 1268/15/360 1106/15/20 1270/15/362 
f 1107/15/8 1263/15/355 1271/15/363 
s 1
f 1269/15/361 1272/15/364 1273/15/365 
s 8
f 1267/15/359 1274/15/366 1264/15/356 
s 4
f 1268/15/360 1275/15/367 1266/15/358 
f 1263/15/355 1273/15/365 1271/15/363 
f 1265/15/357 1274/15/366 1272/15/364 
s 2
f 1267/15/359 1275/15/367 1276/15/368 
f 1272/15/364 1099/15/196 1273/15/365 
s 16
f 1274/15/366 1104/15/200 1093/15/2 
s 8
f 1270/15/362 1096/15/193 1275/15/367 
f 1273/15/365 1101/15/108 1271/15/363 
s 32
f 1274/15/366 1102/15/198 1272/15/364 
s 1
f 1275/15/367 1104/15/200 1276/15/368 
s 33554432
f 1270/15/362 1106/15/20 1105/15/125 
f 1107/15/8 1271/15/363 1101/15/108 
s 1
f 1277/18/20 1278/18/20 1279/18/20 
s 2
f 1277/18/20 1279/18/20 1280/18/20 
s 4
f 1277/18/20 1280/18/20 1281/18/20 
s 8
f 1277/18/20 1281/18/20 1282/18/20 
s 16
f 1277/18/20 1282/18/20 1283/18/20 
s 32
f 1277/18/20 1283/18/20 1284/18/20 
s 64
f 1277/18/20 1284/18/20 1285/18/20 
s 128
f 1277/18/20 1285/18/20 1286/18/20 
s 256
f 1277/18/20 1286/18/20 1287/18/20 
s 512
f 1277/18/20 1287/18/20 1288/18/20 
s 1024
f 1277/18/20 1288/18/20 1289/18/20 
s 2048
f 1277/18/20 1289/18/20 1290/18/20 
s 4096
f 1277/18/20 1290/18/20 1291/18/20 
s 8192
f 1277/18/20 1291/18/20 1292/18/20 
s 16384
f 1277/18/20 1292/18/20 1293/18/20 
s 32768
f 1277/18/20 1293/18/20 1294/18/20 
s 65536
f 1277/18/20 1294/18/20 1295/18/20 
s 131072
f 1277/18/20 1295/18/20 1296/18/20 
s 262144
f 1277/18/20 1296/18/20 1297/18/20 
s 524288
f 1277/18/20 1297/18/20 1298/18/20 
s 1048576
f 1277/18/20 1298/18/20 1299/18/20 
s 2097152
f 1277/18/20 1299/18/20 1300/18/20 
s 4194304
f 1277/18/20 1300/18/20 1301/18/20 
s 8388608
f 1277/18/20 1301/18/20 1302/18/20 
s 16777216
f 1277/18/20 1302/18/20 1303/18/20 
s 33554432
f 1277/18/20 1303/18/20 1304/18/20 
s 67108864
f 1277/18/20 1304/18/20 1305/18/20 
s 134217728
f 1277/18/20 1305/18/20 1306/18/20 
s 268435456
f 1277/18/20 1306/18/20 1307/18/20 
s 536870912
f 1277/18/20 1307/18/20 1308/18/20 
s 1073741824
f 1277/18/20 1308/18/20 1309/18/20 
s 2147483648
f 1277/18/20 1309/18/20 1278/18/20 
s 1
f 1310/18/20 1311/18/20 1312/18/20 
f 1313/18/20 1314/18/20 1315/18/20 
f 1316/18/20 1317/18/20 1318/18/20 
f 1319/18/20 1320/18/20 1321/18/20 
f 1322/18/20 1323/18/20 1324/18/20 
s 2
f 1325/18/20 1326/18/20 1310/18/20 
f 1327/18/20 1313/18/20 1315/18/20 
f 1328/18/20 1316/18/20 1318/18/20 
f 1329/18/20 1322/18/20 1330/18/20 
s 1
f 1331/18/20 1332/18/20 1325/18/20 
s 2
f 1333/18/20 1319/18/20 1334/18/20 
s 1
f 1335/18/20 1336/18/20 1327/18/20 
f 1337/18/20 1328/18/20 1338/18/20 
f 1339/18/20 1330/18/20 1340/18/20 
s 2
f 1341/18/20 1342/18/20 1331/18/20 
f 1343/18/20 1344/18/20 1335/18/20 
f 1345/18/20 1338/18/20 1346/18/20 
f 1347/18/20 1340/18/20 1348/18/20 
s 1
f 1349/18/20 1350/18/20 1341/18/20 
f 1351/18/20 1333/18/20 1334/18/20 
f 1352/18/20 1343/18/20 1353/18/20 
f 1354/18/20 1346/18/20 1355/18/20 
f 1356/18/20 1348/18/20 1357/18/20 
s 2
f 1358/18/20 1349/18/20 1359/18/20 
f 1360/18/20 1351/18/20 1361/18/20 
f 1362/18/20 1352/18/20 1353/18/20 
f 1363/18/20 1354/18/20 1355/18/20 
f 1311/18/20 1357/18/20 1312/18/20 
s 4
f 1364/18/20 1359/18/20 1314/18/20 
f 1317/18/20 1360/18/20 1361/18/20 
f 1320/18/20 1362/18/20 1321/18/20 
f 1324/18/20 1365/18/20 1363/18/20 
f 1312/18/1 1295/18/163 1294/18/1 
s 1
f 1363/18/164 1302/18/26 1301/18/164 
f 1362/18/166 1282/18/165 1281/18/166 
f 1361/18/168 1309/18/167 1308/18/168 
f 1359/18/170 1289/18/169 1288/18/170 
s 8
f 1357/18/163 1296/18/171 1295/18/163 
s 4
f 1355/18/26 1303/18/172 1302/18/26 
f 1353/18/165 1283/18/173 1282/18/165 
f 1351/18/167 1278/18/2 1309/18/167 
f 1349/18/169 1290/18/174 1289/18/169 
f 1348/18/171 1297/18/175 1296/18/171 
s 8
f 1346/18/172 1304/18/176 1303/18/172 
f 1343/18/173 1284/18/177 1283/18/173 
f 1341/18/174 1291/18/178 1290/18/174 
f 1340/18/175 1298/18/179 1297/18/175 
s 4
f 1338/18/176 1305/18/180 1304/18/176 
f 1335/18/177 1285/18/181 1284/18/177 
s 8
f 1334/18/2 1279/18/182 1278/18/2 
s 4
f 1331/18/178 1292/18/183 1291/18/178 
f 1330/18/179 1299/18/184 1298/18/179 
s 8
f 1328/18/180 1306/18/185 1305/18/180 
f 1327/18/181 1286/18/14 1285/18/181 
f 1325/18/183 1293/18/186 1292/18/183 
f 1322/18/184 1300/18/187 1299/18/184 
s 16
f 1319/18/182 1280/18/188 1279/18/182 
s 4
f 1318/18/185 1307/18/189 1306/18/185 
f 1315/18/14 1287/18/190 1286/18/14 
s 16
f 1310/18/186 1294/18/1 1293/18/186 
s 2
f 1324/18/187 1301/18/164 1300/18/187 
s 32
f 1321/18/188 1281/18/166 1280/18/188 
s 2
f 1317/18/189 1308/18/168 1307/18/189 
f 1314/18/190 1288/18/170 1287/18/190 
s 4
f 1366/18/183 1326/18/186 1332/18/183 
f 1367/18/181 1313/18/14 1336/18/181 
f 1368/18/180 1316/18/185 1369/18/180 
s 1
f 1370/18/179 1371/18/184 1329/18/179 
s 8
f 1372/18/178 1332/18/183 1342/18/178 
s 4
f 1373/18/2 1374/18/182 1333/18/2 
s 8
f 1375/18/177 1336/18/181 1344/18/177 
s 2
f 1376/18/176 1369/18/180 1337/18/176 
s 4
f 1377/18/175 1329/18/179 1339/18/175 
f 1378/18/174 1342/18/178 1350/18/174 
s 1
f 1379/18/173 1344/18/177 1380/18/173 
s 4
f 1381/18/172 1337/18/176 1345/18/172 
s 8
f 1382/18/171 1339/18/175 1347/18/171 
s 2
f 1383/18/169 1350/18/174 1384/18/169 
s 8
f 1385/18/167 1333/18/2 1386/18/167 
s 4
f 1387/18/165 1380/18/173 1352/18/165 
s 8
f 1388/18/26 1345/18/172 1354/18/26 
s 4
f 1389/18/163 1347/18/171 1356/18/163 
s 1
f 1390/18/170 1384/18/169 1358/18/170 
f 1391/18/168 1386/18/167 1360/18/168 
s 8
f 1392/18/166 1352/18/165 1393/18/166 
s 16
f 1394/18/164 1354/18/26 1365/18/164 
s 8
f 1395/18/1 1356/18/163 1311/18/1 
f 1396/18/190 1358/18/170 1364/18/190 
f 1397/18/189 1360/18/168 1398/18/189 
s 2
f 1399/18/188 1393/18/166 1320/18/188 
f 1400/18/187 1365/18/164 1323/18/187 
s 16
f 1401/18/186 1311/18/1 1326/18/186 
f 1402/18/14 1364/18/190 1313/18/14 
f 1403/18/185 1398/18/189 1316/18/185 
s 8
f 1404/18/182 1320/18/188 1374/18/182 
s 4
f 1405/18/184 1323/18/187 1371/18/184 
s 1
f 1406/18/8 1404/18/8 1373/18/8 
s 4
f 1406/18/8 1399/18/8 1404/18/8 
s 16
f 1406/18/8 1392/18/8 1399/18/8 
s 2
f 1406/18/8 1387/18/8 1392/18/8 
s 8
f 1406/18/8 1379/18/8 1387/18/8 
s 32
f 1406/18/8 1375/18/8 1379/18/8 
s 64
f 1406/18/8 1367/18/8 1375/18/8 
s 128
f 1406/18/8 1402/18/8 1367/18/8 
s 256
f 1406/18/8 1396/18/8 1402/18/8 
s 512
f 1406/18/8 1390/18/8 1396/18/8 
s 1024
f 1406/18/8 1383/18/8 1390/18/8 
s 2048
f 1406/18/8 1378/18/8 1383/18/8 
s 4096
f 1406/18/8 1372/18/8 1378/18/8 
s 8192
f 1406/18/8 1366/18/8 1372/18/8 
s 16384
f 1406/18/8 1401/18/8 1366/18/8 
s 32768
f 1406/18/8 1395/18/8 1401/18/8 
s 65536
f 1406/18/8 1389/18/8 1395/18/8 
s 131072
f 1406/18/8 1382/18/8 1389/18/8 
s 262144
f 1406/18/8 1377/18/8 1382/18/8 
s 524288
f 1406/18/8 1370/18/8 1377/18/8 
s 1048576
f 1406/18/8 1405/18/8 1370/18/8 
s 2097152
f 1406/18/8 1400/18/8 1405/18/8 
s 4194304
f 1406/18/8 1394/18/8 1400/18/8 
s 8388608
f 1406/18/8 1388/18/8 1394/18/8 
s 16777216
f 1406/18/8 1381/18/8 1388/18/8 
s 33554432
f 1406/18/8 1376/18/8 1381/18/8 
s 67108864
f 1406/18/8 1368/18/8 1376/18/8 
s 134217728
f 1406/18/8 1403/18/8 1368/18/8 
s 268435456
f 1406/18/8 1397/18/8 1403/18/8 
s 536870912
f 1406/18/8 1391/18/8 1397/18/8 
s 1073741824
f 1406/18/8 1385/18/8 1391/18/8 
s 2147483648
f 1406/18/8 1373/18/8 1385/18/8 
s 1
f 1407/15/2 1408/15/199 1409/15/198 
f 1410/15/196 1411/15/197 1412/15/108 
f 1413/15/125 1414/15/195 1415/15/193 
s 2
f 1416/15/191 1407/15/2 1417/15/200 
f 1408/15/199 1410/15/196 1409/15/198 
f 1412/15/108 1411/15/197 1418/15/8 
f 1419/15/20 1420/15/194 1413/15/125 
s 4
f 1415/15/193 1416/15/191 1417/15/200 
f 1421/15/205 1414/15/195 1420/15/194 
s 1
f 1422/15/204 1423/15/192 1416/15/191 
s 4
f 1408/15/199 1424/15/206 1425/15/201 
f 1411/15/197 1426/15/202 1418/15/8 
s 1
f 1419/15/20 1421/15/205 1420/15/194 
s 8
f 1414/15/195 1422/15/204 1416/15/191 
f 1423/15/192 1427/15/203 1408/15/199 
f 1424/15/206 1411/15/197 1425/15/201 
s 1
f 1426/15/202 1428/15/210 1418/15/8 
s 8
f 1419/15/20 1429/15/209 1421/15/205 
s 2
f 1430/15/214 1422/15/204 1431/15/208 
s 1
f 1432/15/207 1433/15/215 1427/15/203 
s 2
f 1424/15/206 1428/15/210 1426/15/202 
s 16
f 1429/15/209 1431/15/208 1421/15/205 
s 4
f 1434/15/212 1432/15/207 1422/15/204 
s 16
f 1427/15/203 1435/15/211 1424/15/206 
s 1
f 1436/15/220 1434/15/212 1430/15/214 
s 2
f 1437/15/218 1433/15/215 1438/15/213 
s 4
f 1435/15/211 1439/15/221 1428/15/210 
f 1440/15/219 1430/15/214 1429/15/209 
s 8
f 1434/15/212 1437/15/218 1438/15/213 
f 1441/15/222 1435/15/211 1433/15/215 
f 1428/15/210 1439/15/221 1418/15/8 
s 32
f 1419/15/20 1440/15/219 1429/15/209 
s 2
f 1440/15/219 1442/15/229 1436/15/220 
s 1
f 1443/15/217 1444/15/224 1437/15/218 
f 1445/15/225 1446/15/216 1441/15/222 
s 16
f 1439/15/221 1447/15/223 1418/15/8 
f 1419/15/20 1448/15/227 1440/15/219 
s 4
f 1436/15/220 1449/15/226 1443/15/217 
f 1444/15/224 1441/15/222 1437/15/218 
s 2
f 1450/15/228 1439/15/221 1446/15/216 
f 1449/15/226 1451/15/230 1444/15/224 
s 4
f 1445/15/225 1452/15/236 1450/15/228 
s 32
f 1447/15/223 1453/15/235 1418/15/8 
s 4
f 1419/15/20 1454/15/234 1448/15/227 
s 1
f 1442/15/229 1455/15/233 1449/15/226 
s 8
f 1451/15/230 1445/15/225 1444/15/224 
s 1
f 1450/15/228 1453/15/235 1447/15/223 
s 8
f 1454/15/234 1442/15/229 1448/15/227 
s 64
f 1419/15/20 1456/15/240 1454/15/234 
s 2
f 1457/15/241 1455/15/233 1458/15/232 
s 1
f 1459/15/239 1460/15/231 1451/15/230 
s 2
f 1461/15/238 1453/15/235 1452/15/236 
s 1
f 1456/15/240 1458/15/232 1454/15/234 
s 4
f 1462/15/243 1451/15/230 1455/15/233 
s 8
f 1463/15/242 1452/15/236 1460/15/231 
s 64
f 1453/15/235 1464/15/237 1418/15/8 
s 2
f 1459/15/239 1465/15/250 1463/15/242 
s 1
f 1461/15/238 1466/15/249 1464/15/237 
s 4
f 1467/15/246 1457/15/241 1456/15/240 
s 8
f 1468/15/244 1459/15/239 1462/15/243 
s 4
f 1463/15/242 1469/15/248 1461/15/238 
s 128
f 1464/15/237 1466/15/249 1418/15/8 
f 1419/15/20 1467/15/246 1456/15/240 
s 1
f 1457/15/241 1468/15/244 1462/15/243 
f 1470/15/254 1471/15/247 1467/15/246 
s 2
f 1472/15/253 1473/15/245 1468/15/244 
s 1
f 1465/15/250 1474/15/255 1469/15/248 
s 256
f 1466/15/249 1475/15/251 1418/15/8 
f 1419/15/20 1470/15/254 1467/15/246 
s 4
f 1476/15/257 1468/15/244 1471/15/247 
f 1473/15/245 1477/15/252 1465/15/250 
s 2
f 1469/15/248 1475/15/251 1466/15/249 
f 1478/15/262 1474/15/255 1477/15/252 
s 512
f 1475/15/251 1479/15/261 1418/15/8 
f 1419/15/20 1480/15/260 1470/15/254 
s 1
f 1476/15/257 1481/15/259 1472/15/253 
f 1482/15/264 1477/15/252 1483/15/256 
s 4
f 1484/15/263 1475/15/251 1474/15/255 
s 2
f 1480/15/260 1476/15/257 1470/15/254 
s 4
f 1481/15/259 1483/15/256 1472/15/253 
s 1024
f 1419/15/20 1485/15/269 1480/15/260 
s 2
f 1486/15/270 1481/15/259 1487/15/258 
s 4
f 1482/15/264 1488/15/266 1478/15/262 
s 1
f 1484/15/263 1489/15/265 1479/15/261 
f 1485/15/269 1487/15/258 1480/15/260 
s 8
f 1490/15/271 1482/15/264 1481/15/259 
f 1488/15/266 1484/15/263 1478/15/262 
s 1024
f 1479/15/261 1489/15/265 1418/15/8 
s 2
f 1491/15/267 1492/15/274 1489/15/265 
s 4
f 1493/15/272 1486/15/270 1485/15/269 
s 1
f 1494/15/369 1495/15/268 1490/15/271 
f 1488/15/266 1496/15/277 1491/15/267 
s 2048
f 1489/15/265 1492/15/274 1418/15/8 
f 1419/15/20 1493/15/272 1485/15/269 
s 16
f 1486/15/270 1494/15/369 1490/15/271 
s 2
f 1495/15/268 1497/15/275 1488/15/266 
s 1
f 1498/15/283 1499/15/273 1493/15/272 
s 2
f 1500/15/282 1501/15/278 1494/15/369 
s 4
f 1497/15/275 1502/15/279 1496/15/277 
s 4096
f 1492/15/274 1503/15/280 1418/15/8 
f 1419/15/20 1498/15/283 1493/15/272 
s 4
f 1504/15/284 1494/15/369 1499/15/273 
s 1
f 1501/15/278 1505/15/281 1497/15/275 
s 8
f 1502/15/279 1492/15/274 1496/15/277 
s 8192
f 1503/15/280 1506/15/286 1418/15/8 
f 1419/15/20 1507/15/285 1498/15/283 
s 1
f 1508/15/289 1500/15/282 1504/15/284 
s 2
f 1509/15/288 1505/15/281 1510/15/1 
s 1
f 1511/15/287 1503/15/280 1502/15/279 
s 2
f 1498/15/283 1508/15/289 1504/15/284 
s 4
f 1500/15/282 1509/15/288 1510/15/1 
s 16
f 1505/15/281 1511/15/287 1502/15/279 
s 4
f 1512/15/295 1513/15/291 1508/15/289 
s 1
f 1514/15/294 1515/15/290 1509/15/288 
s 2
f 1516/15/292 1506/15/286 1511/15/287 
s 8
f 1507/15/285 1512/15/295 1508/15/289 
f 1513/15/291 1514/15/294 1509/15/288 
s 4
f 1517/15/297 1511/15/287 1515/15/290 
s 16384
f 1506/15/286 1518/15/296 1418/15/8 
f 1419/15/20 1519/15/298 1507/15/285 
s 1
f 1519/15/298 1520/15/302 1512/15/295 
s 2
f 1521/15/293 1522/15/300 1514/15/294 
s 1
f 1517/15/297 1523/15/305 1516/15/292 
s 32768
f 1518/15/296 1524/15/299 1418/15/8 
f 1419/15/20 1525/15/304 1519/15/298 
s 16
f 1520/15/302 1521/15/293 1512/15/295 
f 1522/15/300 1517/15/297 1514/15/294 
s 4
f 1523/15/305 1518/15/296 1516/15/292 
s 1
f 1526/15/309 1522/15/300 1527/15/303 
s 2
f 1528/15/301 1529/15/312 1523/15/305 
s 65536
f 1524/15/299 1530/15/311 1418/15/8 
f 1419/15/20 1531/15/310 1525/15/304 
s 2
f 1520/15/302 1526/15/309 1527/15/303 
s 4
f 1532/15/306 1528/15/301 1522/15/300 
s 8
f 1523/15/305 1530/15/311 1524/15/299 
s 4
f 1531/15/310 1520/15/302 1525/15/304 
s 131072
f 1419/15/20 1533/15/319 1531/15/310 
s 4
f 1534/15/308 1535/15/315 1526/15/309 
s 1
f 1536/15/316 1537/15/307 1532/15/306 
f 1538/15/314 1530/15/311 1529/15/312 
f 1531/15/310 1539/15/317 1534/15/308 
s 8
f 1526/15/309 1536/15/316 1532/15/306 
s 4
f 1540/15/318 1529/15/312 1537/15/307 
s 131072
f 1530/15/311 1541/15/313 1418/15/8 
s 2
f 1536/15/316 1542/15/325 1540/15/318 
f 1543/15/323 1541/15/313 1538/15/314 
f 1533/15/319 1544/15/322 1539/15/317 
s 16
f 1545/15/326 1536/15/316 1535/15/315 
s 8
f 1542/15/325 1538/15/314 1540/15/318 
s 262144
f 1541/15/313 1546/15/324 1418/15/8 
f 1419/15/20 1547/15/321 1533/15/319 
s 8
f 1539/15/317 1545/15/326 1535/15/315 
s 1
f 1548/15/331 1544/15/322 1547/15/321 
f 1549/15/330 1550/15/320 1545/15/326 
f 1551/15/329 1543/15/323 1542/15/325 
s 524288
f 1546/15/324 1552/15/328 1418/15/8 
f 1419/15/20 1548/15/331 1547/15/321 
s 4
f 1553/15/333 1545/15/326 1544/15/322 
f 1554/15/332 1542/15/325 1550/15/320 
f 1555/15/327 1546/15/324 1543/15/323 
s 2
f 1551/15/329 1556/15/338 1555/15/327 
s 1048576
f 1552/15/328 1557/15/337 1418/15/8 
f 1419/15/20 1558/15/336 1548/15/331 
s 2
f 1559/15/334 1549/15/330 1553/15/333 
s 8
f 1554/15/332 1560/15/340 1551/15/329 
s 1
f 1556/15/338 1552/15/328 1555/15/327 
s 8
f 1548/15/331 1559/15/334 1553/15/333 
s 16
f 1561/15/335 1554/15/332 1549/15/330 
s 2097152
f 1419/15/20 1562/15/345 1558/15/336 
s 1
f 1563/15/346 1561/15/335 1559/15/334 
f 1564/15/344 1560/15/340 1565/15/339 
s 4
f 1566/15/342 1557/15/337 1556/15/338 
f 1562/15/345 1559/15/334 1558/15/336 
s 2
f 1561/15/335 1564/15/344 1565/15/339 
s 16
f 1560/15/340 1566/15/342 1556/15/338 
s 2097152
f 1557/15/337 1567/15/341 1418/15/8 
s 1
f 1568/15/349 1567/15/341 1566/15/342 
s 2
f 1562/15/345 1569/15/348 1563/15/346 
s 4
f 1570/15/343 1571/15/351 1564/15/344 
s 2
f 1572/15/352 1566/15/342 1573/15/347 
s 4194304
f 1567/15/341 1574/15/350 1418/15/8 
f 1419/15/20 1575/15/354 1562/15/345 
s 8
f 1563/15/346 1576/15/353 1570/15/343 
f 1564/15/344 1572/15/352 1573/15/347 
s 1
f 1577/15/360 1569/15/348 1575/15/354 
f 1576/15/353 1578/15/356 1571/15/351 
s 4
f 1579/15/357 1568/15/349 1572/15/352 
s 8388608
f 1574/15/350 1580/15/355 1418/15/8 
f 1419/15/20 1577/15/360 1575/15/354 
s 4
f 1569/15/348 1581/15/359 1576/15/353 
s 16
f 1578/15/356 1572/15/352 1571/15/351 
s 2
f 1568/15/349 1580/15/355 1574/15/350 
s 16777216
f 1580/15/355 1582/15/363 1418/15/8 
f 1419/15/20 1583/15/362 1577/15/360 
s 1
f 1584/15/367 1581/15/359 1585/15/358 
s 2
f 1578/15/356 1586/15/364 1579/15/357 
s 1
f 1587/15/365 1580/15/355 1588/15/361 
s 2
f 1577/15/360 1584/15/367 1585/15/358 
s 8
f 1589/15/368 1578/15/356 1581/15/359 
f 1579/15/357 1587/15/365 1588/15/361 
s 16
f 1415/15/193 1589/15/368 1584/15/367 
s 4
f 1590/15/366 1409/15/198 1586/15/364 
f 1410/15/196 1582/15/363 1587/15/365 
f 1413/15/125 1584/15/367 1583/15/362 
s 32
f 1589/15/368 1407/15/2 1590/15/366 
s 16
f 1586/15/364 1410/15/196 1587/15/365 
s 33554432
f 1582/15/363 1412/15/108 1418/15/8 
f 1419/15/20 1413/15/125 1583/15/362 
s 1
f 1591/21/370 1592/22/370 1593/22/370 
f 1594/23/371 1595/24/371 1596/24/371 
f 1597/25/372 1598/26/372 1599/26/372 
f 1600/27/373 1601/28/373 1602/28/373 
f 1603/29/1 1604/29/1 1605/29/1 
f 1606/25/1 1607/25/1 1608/25/1 
f 1609/23/26 1610/23/26 1611/23/26 
f 1612/21/1 1613/21/1 1614/21/1 
s 2
f 1615/23/1 1611/23/1 1616/23/1 
s 1
f 1617/30/1 1618/30/1 1619/30/1 
s 2
f 1610/23/2 1620/23/2 1621/23/2 
f 1622/30/14 1623/30/14 1618/30/14 
f 1624/25/20 1625/25/20 1607/25/20 
f 1626/21/8 1627/21/8 1613/21/8 
s 1
f 1628/25/374 1629/25/374 1630/25/374 
f 1623/30/2 1631/30/2 1632/30/2 
s 4
f 1625/25/2 1633/25/2 1628/25/2 
s 1
f 1627/21/2 1634/21/2 1635/21/2 
f 1636/8/2 1637/8/2 1638/8/2 
s 2
f 1635/21/375 1639/21/375 1640/21/375 
s 1
f 1621/23/218 1641/23/218 1642/23/218 
s 2
f 1632/30/344 1643/30/344 1636/30/344 
s 4
f 1644/21/344 1639/21/344 1634/21/344 
s 2
f 1645/25/218 1642/23/218 1646/25/218 
s 1
f 1639/10/2 1647/10/2 1640/10/2 
s 2
f 1648/21/2 1634/21/2 1649/21/2 
s 1
f 1650/21/14 1649/21/14 1626/21/14 
s 4
f 1651/25/2 1621/23/2 1645/25/2 
f 1612/21/1 1650/21/1 1626/21/1 
f 1616/23/1 1652/25/1 1597/25/1 
s 8
f 1611/23/26 1651/25/26 1652/25/26 
s 1
f 1653/31/1 1654/31/1 1655/31/1 
s 8
f 1595/24/372 1616/23/372 1656/24/372 
s 2
f 1619/30/370 1593/22/370 1657/32/370 
s 4
f 1601/32/370 1619/30/370 1657/32/370 
s 1
f 1652/25/26 1658/25/26 1624/25/26 
s 16
f 1606/25/1 1652/25/1 1624/25/1 
s 2
f 1651/25/2 1633/25/2 1658/25/2 
s 8
f 1645/25/218 1629/25/218 1633/25/218 
f 1632/30/344 1659/21/344 1644/21/344 
s 2
f 1659/10/2 1638/8/2 1647/10/2 
s 16
f 1623/30/2 1644/21/2 1648/21/2 
s 8
f 1618/30/14 1648/21/14 1650/21/14 
s 16
f 1591/21/1 1618/30/1 1650/21/1 
s 2
f 1660/31/1 1605/29/1 1654/31/1 
f 1656/24/372 1597/25/372 1599/26/372 
s 1
f 1661/31/376 1662/24/376 1663/31/376 
f 1664/33/370 1657/32/370 1665/33/370 
f 1666/29/377 1667/26/377 1668/29/377 
s 4
f 1669/31/372 1656/24/372 1661/31/372 
s 2
f 1602/28/373 1664/34/373 1670/34/373 
s 4
f 1599/26/372 1671/29/372 1672/29/372 
s 2
f 1596/24/371 1669/31/371 1673/31/371 
s 4
f 1593/22/370 1674/35/370 1675/35/370 
s 1
f 1675/35/370 1676/35/370 1677/35/370 
s 4
f 1673/31/371 1653/31/371 1655/31/371 
s 2
f 1672/29/372 1678/29/372 1603/29/372 
s 1
f 1670/34/373 1679/34/373 1680/34/373 
s 8
f 1653/31/372 1661/31/372 1660/31/372 
s 2
f 1665/33/370 1677/35/370 1681/33/370 
s 4
f 1679/33/370 1665/33/370 1681/33/370 
s 16
f 1660/31/372 1672/29/372 1603/29/372 
s 2
f 1666/29/373 1680/34/373 1604/29/373 
f 1676/35/371 1682/35/371 1683/35/371 
s 1
f 1674/35/371 1684/22/371 1682/35/371 
s 2
f 1685/26/378 1686/28/378 1667/26/378 
s 8
f 1687/36/1 1681/37/1 1677/36/1 
s 4
f 1647/10/2 1688/25/2 1689/23/2 
f 1683/36/1 1677/36/1 1676/36/1 
s 8
f 1640/10/2 1689/23/2 1690/23/2 
s 4
f 1691/23/375 1640/21/375 1690/23/375 
s 8
f 1638/8/2 1630/25/2 1688/25/2 
f 1692/23/2 1635/21/2 1691/23/2 
s 2
f 1693/27/2 1631/27/2 1694/27/2 
s 4
f 1695/27/374 1643/27/374 1631/27/374 
f 1613/21/8 1692/23/8 1696/23/8 
s 1
f 1697/27/20 1694/27/20 1622/27/20 
s 2
f 1614/21/1 1696/23/1 1594/23/1 
s 4
f 1617/27/1 1697/27/1 1622/27/1 
s 16
f 1698/37/1 1679/37/1 1681/37/1 
s 4
f 1608/25/373 1602/28/373 1685/26/373 
f 1592/22/371 1614/21/371 1684/22/371 
s 8
f 1598/26/373 1608/25/373 1685/26/373 
f 1615/23/1 1696/23/1 1609/23/1 
s 16
f 1696/23/8 1699/23/8 1609/23/8 
s 1
f 1692/23/2 1620/23/2 1699/23/2 
s 16
f 1688/25/2 1629/25/2 1646/25/2 
f 1691/23/375 1641/23/375 1620/23/375 
s 32
f 1690/23/2 1642/23/2 1641/23/2 
s 64
f 1689/23/2 1646/25/2 1642/23/2 
s 16
f 1671/29/373 1685/26/373 1666/29/373 
s 4
f 1678/29/373 1666/29/373 1604/29/373 
s 8
f 1683/35/371 1673/31/371 1655/31/371 
f 1670/34/379 1686/28/379 1602/28/379 
s 4
f 1654/31/1 1698/37/1 1687/36/1 
s 16
f 1655/31/1 1687/36/1 1683/36/1 
s 1
f 1625/25/2 1695/27/2 1693/27/2 
s 2
f 1628/25/374 1637/27/374 1695/27/374 
s 8
f 1607/25/20 1693/27/20 1697/27/20 
s 16
f 1600/27/1 1607/25/1 1697/27/1 
s 8
f 1605/29/1 1680/37/1 1698/37/1 
f 1684/22/371 1594/23/371 1596/24/371 
s 2
f 1663/38/372 1700/39/372 1701/40/372 
s 1
f 1702/41/370 1703/42/370 1704/43/370 
s 4
f 1667/39/373 1705/44/373 1668/40/373 
s 1
f 1706/42/371 1707/45/371 1708/46/371 
s 8
f 1675/35/380 1709/22/380 1593/22/380 
s 16
f 1596/24/381 1710/22/381 1684/22/381 
s 8
f 1665/33/382 1702/32/382 1704/33/382 
s 16
f 1670/34/383 1668/29/383 1705/34/383 
s 32
f 1673/31/384 1707/24/384 1596/24/384 
s 2
f 1675/35/385 1704/33/385 1703/35/385 
s 16
f 1682/35/386 1708/31/386 1673/31/386 
s 8
f 1672/29/387 1700/26/387 1599/26/387 
s 16
f 1599/26/388 1662/24/388 1656/24/388 
s 32
f 1661/31/389 1701/29/389 1672/29/389 
s 4
f 1682/35/83 1710/22/83 1706/35/83 
s 16
f 1657/32/390 1709/22/390 1702/32/390 
s 1
f 1711/18/1 1712/18/391 1713/18/392 
f 1714/18/393 1715/18/394 1716/18/395 
f 1717/47/59 1718/18/152 1719/18/8 
f 1720/47/396 1721/47/201 1722/47/397 
s 2
f 1712/18/391 1716/18/395 1713/18/392 
f 1723/18/398 1718/18/152 1715/18/394 
f 1722/47/397 1724/47/399 1717/47/59 
f 1720/47/396 1725/47/2 1726/47/400 
s 4
f 1716/18/395 1727/18/401 1713/18/392 
f 1715/18/394 1728/18/73 1729/18/402 
f 1721/47/201 1730/47/403 1724/47/399 
s 1
f 1726/47/400 1725/47/2 1731/47/404 
s 8
f 1711/18/1 1713/18/392 1727/18/401 
f 1715/18/394 1732/18/405 1716/18/395 
f 1724/47/399 1728/18/73 1718/18/152 
f 1726/47/400 1733/47/406 1721/47/201 
s 1
f 1729/18/402 1734/18/407 1735/18/408 
f 1730/47/403 1736/47/409 1737/47/410 
s 4
f 1731/47/404 1725/47/2 1738/47/411 
s 2
f 1711/18/1 1727/18/401 1739/18/412 
f 1729/18/402 1740/18/413 1732/18/405 
f 1730/47/403 1734/18/407 1728/18/73 
f 1733/47/406 1738/47/411 1736/47/409 
s 1
f 1732/18/405 1739/18/412 1727/18/401 
s 4
f 1711/18/1 1739/18/412 1741/18/414 
f 1735/18/408 1742/18/415 1740/18/413 
f 1737/47/410 1743/18/416 1734/18/407 
s 8
f 1738/47/411 1744/47/417 1736/47/409 
f 1740/18/413 1741/18/414 1739/18/412 
f 1734/18/407 1745/18/418 1735/18/408 
s 2
f 1737/47/410 1744/47/417 1746/47/419 
s 16
f 1738/47/411 1725/47/2 1747/47/420 
s 1
f 1746/47/419 1748/18/421 1743/18/416 
f 1747/47/420 1749/47/422 1744/47/417 
f 1742/18/415 1750/18/423 1741/18/414 
s 2
f 1743/18/416 1751/18/424 1745/18/418 
s 4
f 1746/47/419 1749/47/422 1752/47/425 
s 8
f 1747/47/420 1725/47/2 1753/47/426 
s 16
f 1711/18/1 1741/18/414 1750/18/423 
f 1745/18/418 1754/18/427 1742/18/415 
s 2
f 1754/18/427 1755/18/428 1750/18/423 
s 1
f 1751/18/424 1756/18/429 1757/18/430 
f 1752/47/425 1758/47/431 1759/47/432 
s 32
f 1753/47/426 1725/47/2 1760/47/433 
f 1711/18/1 1750/18/423 1755/18/428 
s 4
f 1751/18/424 1761/18/434 1754/18/427 
s 2
f 1752/47/425 1756/18/429 1748/18/421 
f 1753/47/426 1758/47/431 1749/47/422 
f 1759/47/432 1762/47/435 1763/47/436 
s 64
f 1760/47/433 1725/47/2 1764/47/437 
f 1711/18/1 1755/18/428 1765/18/438 
s 2
f 1757/18/430 1766/18/439 1761/18/434 
s 4
f 1759/47/432 1767/18/440 1756/18/429 
f 1760/47/433 1762/47/435 1758/47/431 
s 1
f 1761/18/434 1765/18/438 1755/18/428 
s 8
f 1756/18/429 1768/18/441 1757/18/430 
s 128
f 1711/18/1 1765/18/438 1769/18/442 
s 1
f 1768/18/441 1770/18/443 1766/18/439 
f 1763/47/436 1771/18/444 1767/18/440 
f 1764/47/437 1772/47/445 1762/47/435 
s 2
f 1765/18/438 1770/18/443 1769/18/442 
f 1768/18/441 1771/18/444 1773/18/446 
s 8
f 1762/47/435 1774/47/447 1763/47/436 
s 128
f 1764/47/437 1725/47/2 1775/47/448 
s 2
f 1775/47/448 1776/47/449 1772/47/445 
s 4
f 1770/18/443 1777/18/450 1769/18/442 
f 1771/18/444 1778/18/451 1773/18/446 
f 1772/47/445 1779/47/452 1774/47/447 
s 256
f 1775/47/448 1725/47/2 1780/47/453 
f 1711/18/1 1769/18/442 1777/18/450 
s 8
f 1773/18/446 1781/18/454 1770/18/443 
s 16
f 1774/47/447 1782/18/455 1771/18/444 
s 1
f 1781/18/454 1783/18/456 1777/18/450 
f 1782/18/455 1784/18/457 1778/18/451 
f 1776/47/449 1785/47/458 1779/47/452 
s 512
f 1780/47/453 1725/47/2 1786/47/459 
f 1711/18/1 1777/18/450 1783/18/456 
s 2
f 1778/18/451 1787/18/460 1781/18/454 
f 1782/18/455 1785/47/458 1788/18/461 
s 4
f 1776/47/449 1786/47/459 1789/47/462 
s 1024
f 1786/47/459 1725/47/2 1790/47/463 
f 1711/18/1 1783/18/456 1791/18/464 
s 4
f 1784/18/457 1792/18/465 1787/18/460 
s 1
f 1788/18/461 1793/47/466 1794/18/467 
f 1786/47/459 1795/47/468 1789/47/462 
s 8
f 1787/18/460 1791/18/464 1783/18/456 
f 1788/18/461 1796/18/469 1784/18/457 
f 1789/47/462 1793/47/466 1785/47/458 
s 1
f 1796/18/469 1797/18/273 1792/18/465 
s 2
f 1794/18/467 1798/47/470 1799/18/471 
f 1790/47/463 1800/47/472 1795/47/468 
f 1792/18/465 1801/18/473 1791/18/464 
s 4
f 1794/18/467 1802/18/474 1796/18/469 
f 1793/47/466 1800/47/472 1798/47/470 
s 2048
f 1790/47/463 1725/47/2 1803/47/475 
f 1711/18/1 1791/18/464 1801/18/473 
s 4
f 1797/18/273 1804/18/476 1801/18/473 
s 1
f 1799/18/471 1805/18/477 1802/18/474 
f 1800/47/472 1806/47/44 1798/47/470 
s 4096
f 1803/47/475 1725/47/2 1807/47/478 
f 1711/18/1 1801/18/473 1804/18/476 
s 2
f 1797/18/273 1805/18/477 1808/18/479 
s 4
f 1799/18/471 1806/47/44 1809/18/20 
s 8
f 1803/47/475 1810/47/480 1800/47/472 
f 1809/18/20 1811/18/481 1805/18/477 
s 2
f 1810/47/480 1812/47/482 1806/47/44 
s 8192
f 1807/47/478 1725/47/2 1813/47/483 
f 1711/18/1 1804/18/476 1814/18/484 
s 4
f 1805/18/477 1815/18/289 1808/18/479 
s 16
f 1806/47/44 1816/18/133 1809/18/20 
s 1
f 1810/47/480 1813/47/483 1817/47/485 
f 1804/18/476 1815/18/289 1814/18/484 
s 16384
f 1711/18/1 1814/18/484 1818/18/486 
s 2
f 1811/18/481 1819/18/487 1815/18/289 
s 1
f 1812/47/482 1820/18/85 1816/18/133 
s 2
f 1813/47/483 1821/47/488 1817/47/485 
s 8
f 1815/18/289 1818/18/486 1814/18/484 
s 4
f 1816/18/133 1822/18/489 1811/18/481 
f 1817/47/485 1823/47/490 1812/47/482 
s 16384
f 1813/47/483 1725/47/2 1824/47/491 
s 2
f 1820/18/85 1825/47/492 1826/18/493 
s 1
f 1824/47/491 1827/47/494 1821/47/488 
f 1819/18/487 1828/18/495 1818/18/486 
s 8
f 1820/18/85 1829/18/496 1822/18/489 
f 1821/47/488 1825/47/492 1823/47/490 
s 32768
f 1824/47/491 1725/47/2 1830/47/497 
f 1711/18/1 1818/18/486 1828/18/495 
s 16
f 1822/18/489 1831/18/498 1819/18/487 
s 2
f 1828/18/495 1832/18/499 1833/18/500 
s 1
f 1826/18/493 1834/18/501 1829/18/496 
s 4
f 1827/47/494 1835/47/502 1825/47/492 
s 65536
f 1830/47/497 1725/47/2 1836/47/503 
f 1711/18/1 1828/18/495 1833/18/500 
s 4
f 1829/18/496 1832/18/499 1831/18/498 
s 8
f 1826/18/493 1835/47/502 1837/18/504 
s 2
f 1830/47/497 1838/47/505 1827/47/494 
s 1
f 1838/47/505 1839/47/506 1835/47/502 
s 131072
f 1836/47/503 1725/47/2 1840/47/507 
f 1711/18/1 1833/18/500 1841/18/508 
s 8
f 1834/18/501 1842/18/509 1832/18/499 
s 2
f 1835/47/502 1843/18/510 1837/18/504 
s 4
f 1836/47/503 1844/47/511 1838/47/505 
s 1
f 1832/18/499 1841/18/508 1833/18/500 
s 4
f 1837/18/504 1845/18/512 1834/18/501 
s 262144
f 1711/18/1 1841/18/508 1846/18/513 
s 1
f 1845/18/512 1847/18/514 1842/18/509 
f 1843/18/510 1848/47/515 1849/18/516 
f 1840/47/507 1850/47/517 1844/47/511 
s 2
f 1842/18/509 1846/18/513 1841/18/508 
s 8
f 1843/18/510 1851/18/518 1845/18/512 
s 2
f 1844/47/511 1848/47/515 1839/47/506 
s 262144
f 1840/47/507 1725/47/2 1852/47/519 
s 2
f 1852/48/519 1853/48/520 1850/48/517 
s 4
f 1847/49/514 1854/49/521 1846/49/513 
s 2
f 1849/49/516 1855/49/522 1851/49/518 
s 4
f 1850/48/517 1856/48/523 1848/48/515 
s 524288
f 1852/48/519 1725/48/2 1857/48/524 
f 1711/49/1 1846/49/513 1854/49/521 
s 16
f 1851/49/518 1858/49/525 1847/49/514 
s 8
f 1849/49/516 1856/48/523 1859/49/526 
s 1
f 1854/49/521 1860/49/527 1861/49/528 
f 1859/49/526 1862/49/529 1855/49/522 
f 1853/48/520 1863/48/530 1856/48/523 
s 1048576
f 1857/48/524 1725/48/2 1864/48/531 
f 1711/49/1 1854/49/521 1861/49/528 
s 2
f 1858/49/525 1862/49/529 1860/49/527 
f 1859/49/526 1863/48/530 1865/49/532 
s 4
f 1857/48/524 1866/48/533 1853/48/520 
s 2097152
f 1864/48/531 1725/48/2 1867/48/534 
f 1711/49/1 1861/49/528 1868/49/535 
s 4
f 1860/49/527 1869/49/536 1870/49/537 
s 1
f 1865/49/532 1871/48/538 1872/49/539 
f 1864/48/531 1873/48/540 1866/48/533 
s 8
f 1860/49/527 1868/49/535 1861/49/528 
f 1865/49/532 1869/49/536 1862/49/529 
f 1866/48/533 1871/48/538 1863/48/530 
s 1
f 1870/49/537 1874/18/541 1875/18/542 
s 2
f 1872/49/539 1876/47/543 1877/18/544 
f 1873/48/540 1878/47/545 1879/47/546 
f 1870/49/537 1880/18/547 1868/49/535 
s 16
f 1872/49/539 1874/18/541 1869/49/536 
s 4
f 1873/48/540 1876/47/543 1871/48/538 
s 4194304
f 1867/48/534 1725/47/2 1878/47/545 
f 1711/18/1 1868/49/535 1880/18/547 
s 1
f 1880/18/547 1881/18/548 1882/18/549 
s 4
f 1877/18/544 1883/18/550 1874/18/541 
s 1
f 1879/47/546 1884/47/551 1876/47/543 
s 8388608
f 1878/47/545 1725/47/2 1885/47/552 
f 1711/18/1 1880/18/547 1882/18/549 
s 2
f 1875/18/542 1883/18/550 1881/18/548 
s 8
f 1877/18/544 1884/47/551 1886/18/74 
s 4
f 1878/47/545 1887/47/553 1879/47/546 
s 1
f 1886/18/74 1888/18/554 1883/18/550 
s 2
f 1887/47/553 1889/47/555 1884/47/551 
s 16777216
f 1885/47/552 1725/47/2 1890/47/556 
f 1711/18/1 1882/18/549 1891/18/557 
s 4
f 1881/18/548 1888/18/554 1892/18/558 
f 1886/18/74 1889/47/555 1893/18/559 
s 1
f 1885/47/552 1894/47/365 1887/47/553 
s 8
f 1881/18/548 1891/18/557 1882/18/549 
s 33554432
f 1711/18/1 1891/18/557 1712/18/391 
s 2
f 1888/18/554 1714/18/393 1892/18/558 
s 8
f 1893/18/559 1717/47/59 1719/18/8 
s 4
f 1890/47/556 1722/47/397 1894/47/365 
s 16
f 1892/18/558 1712/18/391 1891/18/557 
f 1893/18/559 1723/18/398 1888/18/554 
f 1894/47/365 1717/47/59 1889/47/555 
s 33554432
f 1890/47/556 1725/47/2 1720/47/396 
s 16
f 34/5/2 93/5/2 35/4/2 
s 8
f 37/16/2 94/16/2 38/16/2 
f 40/13/2 96/13/2 41/12/2 
f 43/9/2 97/9/2 44/8/2 
s 16
f 46/2/2 95/2/2 47/2/2 
s 32
f 49/4/2 36/4/2 35/4/2 
s 16
f 39/16/2 38/16/2 51/15/2 
f 42/12/2 41/12/2 53/11/2 
f 45/8/2 44/8/2 55/8/2 
f 49/4/2 50/4/2 57/4/2 
s 32
f 52/15/2 51/15/2 59/15/2 
f 54/11/2 53/11/2 61/11/2 
f 56/8/2 55/8/2 63/7/2 
f 48/2/2 47/2/2 65/17/2 
f 58/4/2 57/4/2 67/3/2 
s 16
f 60/15/2 59/15/2 69/15/2 
f 62/11/2 61/11/2 71/10/2 
f 64/7/2 63/7/2 73/6/2 
f 75/17/2 66/17/2 65/17/2 
f 68/3/2 67/3/2 77/3/2 
s 32
f 70/15/2 69/15/2 79/14/2 
f 72/10/2 71/10/2 81/10/2 
f 74/6/2 73/6/2 83/5/2 
f 75/17/2 76/17/2 85/16/2 
s 64
f 78/3/2 77/3/2 87/3/2 
s 16
f 89/14/2 80/14/2 79/14/2 
s 64
f 82/10/2 81/10/2 91/9/2 
f 84/5/2 83/5/2 93/5/2 
s 16
f 86/16/2 85/16/2 94/16/2 
s 8
f 88/3/2 87/3/2 95/2/2 
s 32
f 89/14/2 90/14/2 96/13/2 
f 43/9/2 92/9/2 91/9/2 
s 64
f 29/16/3 39/16/3 52/15/4 
s 8
f 9/4/5 36/4/5 49/4/6 
s 64
f 2/2/7 46/2/7 48/2/8 
f 16/9/9 43/9/9 45/8/10 
s 32
f 23/13/11 40/13/11 42/12/12 
f 30/16/13 37/16/13 39/16/3 
s 64
f 10/5/14 34/5/14 36/4/5 
s 16
f 17/9/15 92/9/15 43/9/9 
s 64
f 24/14/16 89/14/16 40/13/11 
s 32
f 4/3/17 88/3/17 46/2/7 
s 64
f 31/16/18 86/16/18 37/16/13 
s 32
f 11/5/19 84/5/19 34/5/14 
s 8
f 18/10/20 82/10/20 92/9/15 
f 25/14/21 80/14/21 89/14/16 
s 16
f 5/3/22 78/3/22 88/3/17 
s 8
f 32/17/23 75/17/23 86/16/18 
s 16
f 12/6/24 74/6/24 84/5/19 
f 19/10/25 72/10/25 82/10/20 
s 64
f 26/15/26 70/15/26 80/14/21 
s 128
f 6/3/27 68/3/27 78/3/22 
s 64
f 33/17/28 66/17/28 75/17/23 
f 13/7/29 64/7/29 74/6/24 
f 20/11/30 62/11/30 72/10/25 
s 128
f 27/15/31 60/15/31 70/15/26 
s 64
f 7/4/32 58/4/32 68/3/27 
s 128
f 3/2/8 48/2/8 66/17/28 
s 4
f 14/8/33 56/8/33 64/7/29 
s 128
f 21/11/34 54/11/34 62/11/30 
s 256
f 28/15/4 52/15/4 60/15/31 
s 128
f 8/4/6 49/4/6 58/4/32 
s 8
f 15/8/10 45/8/10 56/8/33 
s 64
f 22/12/12 42/12/12 54/11/34 
f 35/4/5 125/4/5 98/4/6 
s 32
f 38/16/3 126/16/3 99/15/4 
f 41/12/12 127/12/12 100/11/34 
f 44/8/10 128/8/10 101/8/33 
f 50/4/6 98/4/6 102/4/32 
s 64
f 51/15/4 99/15/4 103/15/31 
f 53/11/34 100/11/34 104/11/30 
f 55/8/33 101/8/33 105/7/29 
f 47/2/8 129/2/8 106/17/28 
f 57/4/32 102/4/32 107/3/27 
s 128
f 59/15/31 103/15/31 108/15/26 
f 61/11/30 104/11/30 109/10/25 
f 63/7/29 105/7/29 110/6/24 
f 65/17/28 106/17/28 111/17/23 
f 67/3/27 107/3/27 112/3/22 
s 64
f 69/15/26 108/15/26 113/14/21 
f 71/10/25 109/10/25 114/10/20 
f 73/6/24 110/6/24 115/5/19 
s 16
f 76/17/23 111/17/23 116/16/18 
s 2
f 77/3/22 112/3/22 117/3/17 
s 128
f 79/14/21 113/14/21 118/14/16 
f 81/10/20 114/10/20 119/9/15 
s 16
f 83/5/19 115/5/19 120/5/14 
s 8
f 85/16/18 116/16/18 121/16/13 
s 16
f 87/3/17 117/3/17 122/2/7 
f 90/14/16 118/14/16 123/13/11 
s 8
f 91/9/15 119/9/15 124/9/9 
s 32
f 93/5/14 120/5/14 125/4/5 
s 64
f 94/16/13 121/16/13 126/16/3 
f 96/13/11 123/13/11 127/12/12 
s 16
f 97/9/9 124/9/9 128/8/10 
s 32
f 95/2/7 122/2/7 129/2/8 
s 16
f 108/15/1 160/15/1 130/14/1 
f 114/10/1 109/10/1 131/10/1 
s 32
f 115/5/1 110/6/1 133/6/1 
f 116/16/1 111/17/1 135/17/1 
f 112/3/1 161/3/1 137/3/1 
f 113/14/1 130/14/1 138/14/1 
f 114/10/1 132/10/1 139/9/1 
s 128
f 120/5/1 115/5/1 134/5/1 
s 64
f 116/16/1 136/16/1 141/16/1 
f 122/2/1 117/3/1 137/3/1 
s 256
f 123/13/1 118/14/1 138/14/1 
s 64
f 119/9/1 139/9/1 144/9/1 
f 120/5/1 140/5/1 145/4/1 
s 128
f 126/16/1 121/16/1 141/16/1 
s 32
f 123/13/1 143/13/1 147/12/1 
s 128
f 128/8/1 124/9/1 144/9/1 
f 129/2/1 122/2/1 142/2/1 
s 16
f 125/4/1 145/4/1 150/4/1 
f 126/16/1 146/16/1 151/15/1 
f 100/11/1 127/12/1 147/12/1 
s 64
f 128/8/1 148/8/1 153/8/1 
s 128
f 102/4/1 98/4/1 150/4/1 
s 256
f 103/15/1 99/15/1 151/15/1 
s 128
f 100/11/1 152/11/1 156/11/1 
s 16
f 105/7/1 101/8/1 153/8/1 
f 129/2/1 149/2/1 158/17/1 
f 102/4/1 154/4/1 159/3/1 
s 32
f 108/15/1 103/15/1 155/15/1 
s 1
f 109/10/1 104/11/1 156/11/1 
s 256
f 105/7/1 157/7/1 133/6/1 
f 106/17/1 158/17/1 135/17/1 
f 112/3/1 107/3/1 159/3/1 
s 8
f 140/5/14 189/5/14 162/4/5 
f 141/16/13 190/16/13 163/16/3 
s 16
f 143/13/11 192/13/11 164/12/12 
f 144/9/9 193/9/9 165/8/10 
s 8
f 142/2/7 191/2/7 166/2/8 
s 32
f 145/4/5 162/4/5 167/4/6 
f 146/16/3 163/16/3 168/15/4 
s 64
f 147/12/12 164/12/12 169/11/34 
s 32
f 148/8/10 165/8/10 170/8/33 
s 64
f 150/4/6 167/4/6 171/4/32 
f 151/15/4 168/15/4 172/15/31 
s 32
f 152/11/34 169/11/34 173/11/30 
s 128
f 153/8/33 170/8/33 174/7/29 
s 32
f 149/2/8 166/2/8 175/17/28 
f 154/4/32 171/4/32 176/3/27 
s 16
f 155/15/31 172/15/31 177/15/26 
s 64
f 156/11/30 173/11/30 178/10/25 
s 8
f 157/7/29 174/7/29 179/6/24 
s 64
f 158/17/28 175/17/28 180/17/23 
f 159/3/27 176/3/27 181/3/22 
s 32
f 160/15/26 177/15/26 182/14/21 
f 131/10/25 178/10/25 183/10/20 
s 64
f 133/6/24 179/6/24 184/5/19 
s 128
f 135/17/23 180/17/23 185/16/18 
s 16
f 161/3/22 181/3/22 186/3/17 
s 64
f 130/14/21 182/14/21 187/14/16 
s 8
f 132/10/20 183/10/20 188/9/15 
s 4
f 134/5/19 184/5/19 189/5/14 
f 136/16/18 185/16/18 190/16/13 
s 128
f 137/3/17 186/3/17 191/2/7 
f 138/14/16 187/14/16 192/13/11 
f 139/9/15 188/9/15 193/9/9 
s 16
f 188/9/2 183/10/2 194/10/2 
s 32
f 184/5/2 223/5/2 196/5/2 
f 190/16/2 185/16/2 197/16/2 
f 186/3/2 224/3/2 199/2/2 
s 16
f 187/14/2 225/14/2 200/13/2 
s 32
f 193/9/2 188/9/2 195/9/2 
s 64
f 162/4/2 189/5/2 196/5/2 
f 190/16/2 198/16/2 203/16/2 
s 32
f 164/12/2 192/13/2 200/13/2 
s 64
f 193/9/2 201/9/2 205/8/2 
s 4
f 191/2/2 199/2/2 206/2/2 
s 16
f 167/4/2 162/4/2 202/4/2 
f 168/15/2 163/16/2 203/16/2 
s 128
f 164/12/2 204/12/2 209/11/2 
f 165/8/2 205/8/2 210/8/2 
f 167/4/2 207/4/2 211/4/2 
f 168/15/2 208/15/2 212/15/2 
s 256
f 173/11/2 169/11/2 209/11/2 
s 16
f 170/8/2 210/8/2 214/7/2 
f 166/2/2 206/2/2 215/17/2 
f 176/3/2 171/4/2 211/4/2 
s 32
f 172/15/2 212/15/2 217/15/2 
s 128
f 173/11/2 213/11/2 218/10/2 
s 32
f 179/6/2 174/7/2 214/7/2 
s 256
f 180/17/2 175/17/2 215/17/2 
s 128
f 176/3/2 216/3/2 221/3/2 
f 182/14/2 177/15/2 217/15/2 
s 1
f 183/10/2 178/10/2 218/10/2 
s 128
f 179/6/2 219/6/2 223/5/2 
s 512
f 180/17/2 220/17/2 197/16/2 
s 256
f 186/3/2 181/3/2 221/3/2 
f 187/14/2 182/14/2 222/14/2 
s 64
f 219/6/35 214/7/36 226/7/36 
s 32
f 215/17/37 255/17/37 228/17/38 
s 4
f 216/3/39 256/3/39 229/3/40 
s 16
f 222/14/41 217/15/42 230/15/42 
s 32
f 218/10/43 257/10/43 232/10/44 
s 16
f 219/6/35 227/6/35 233/5/45 
s 64
f 220/17/38 228/17/38 234/16/46 
s 16
f 221/3/40 229/3/40 235/3/47 
s 32
f 222/14/41 231/14/41 236/14/48 
s 64
f 195/9/49 194/10/44 232/10/44 
s 256
f 196/5/50 223/5/45 233/5/45 
s 128
f 198/16/51 197/16/46 234/16/46 
s 64
f 224/3/47 235/3/47 240/2/52 
f 225/14/48 236/14/48 241/13/53 
s 16
f 195/9/49 237/9/49 242/9/54 
s 128
f 202/4/55 196/5/50 238/5/50 
s 16
f 198/16/51 239/16/51 244/16/56 
s 256
f 204/12/57 200/13/53 241/13/53 
s 32
f 201/9/54 242/9/54 246/8/58 
s 128
f 206/2/59 199/2/52 240/2/52 
s 32
f 202/4/55 243/4/55 248/4/60 
f 208/15/61 203/16/56 244/16/56 
s 8
f 204/12/57 245/12/57 250/11/62 
s 256
f 210/8/63 205/8/58 246/8/58 
s 16
f 207/4/60 248/4/60 252/4/64 
f 208/15/61 249/15/61 253/15/65 
f 209/11/62 250/11/62 254/11/66 
s 32
f 210/8/63 251/8/63 226/7/36 
s 64
f 206/2/59 247/2/59 255/17/37 
s 32
f 216/3/39 211/4/64 252/4/64 
s 64
f 217/15/42 212/15/65 253/15/65 
s 4
f 213/11/66 254/11/66 257/10/43 
s 64
f 257/10/1 287/10/1 258/10/1 
s 32
f 233/5/1 227/6/1 259/6/1 
s 256
f 234/16/1 228/17/1 261/17/1 
s 32
f 229/3/1 288/3/1 263/3/1 
s 16
f 231/14/1 289/14/1 264/14/1 
s 128
f 237/9/1 232/10/1 258/10/1 
s 64
f 233/5/1 260/5/1 266/5/1 
s 16
f 234/16/1 262/16/1 267/16/1 
s 256
f 240/2/1 235/3/1 263/3/1 
s 128
f 241/13/1 236/14/1 264/14/1 
s 32
f 237/9/1 265/9/1 270/9/1 
s 16
f 243/4/1 238/5/1 266/5/1 
s 64
f 244/16/1 239/16/1 267/16/1 
s 32
f 241/13/1 269/13/1 273/12/1 
s 64
f 246/8/1 242/9/1 270/9/1 
s 16
f 240/2/1 268/2/1 275/2/1 
s 64
f 243/4/1 271/4/1 276/4/1 
s 128
f 244/16/1 272/16/1 277/15/1 
s 64
f 250/11/1 245/12/1 273/12/1 
s 128
f 246/8/1 274/8/1 279/8/1 
f 252/4/1 248/4/1 276/4/1 
s 32
f 253/15/1 249/15/1 277/15/1 
f 250/11/1 278/11/1 282/11/1 
s 256
f 226/7/1 251/8/1 279/8/1 
s 32
f 247/2/1 275/2/1 284/17/1 
s 64
f 252/4/1 280/4/1 285/3/1 
s 128
f 253/15/1 281/15/1 286/15/1 
f 257/10/1 254/11/1 282/11/1 
f 226/7/1 283/7/1 259/6/1 
f 255/17/1 284/17/1 261/17/1 
f 229/3/1 256/3/1 285/3/1 
s 64
f 231/14/1 230/15/1 286/15/1 
f 275/2/8 313/2/8 290/17/28 
s 4
f 280/4/32 318/4/32 291/3/27 
s 16
f 281/15/31 319/15/31 292/15/26 
f 282/11/30 320/11/30 293/10/25 
s 32
f 283/7/29 321/7/29 294/6/24 
s 16
f 284/17/28 290/17/28 295/17/23 
f 285/3/27 291/3/27 296/3/22 
s 32
f 286/15/26 292/15/26 297/14/21 
f 287/10/25 293/10/25 298/10/20 
s 16
f 259/6/24 294/6/24 299/5/19 
s 32
f 261/17/23 295/17/23 300/16/18 
s 64
f 288/3/22 296/3/22 301/3/17 
f 289/14/21 297/14/21 302/14/16 
s 16
f 258/10/20 298/10/20 303/9/15 
s 32
f 260/5/19 299/5/19 304/5/14 
s 64
f 262/16/18 300/16/18 305/16/13 
s 16
f 263/3/17 301/3/17 306/2/7 
s 32
f 264/14/16 302/14/16 307/13/11 
s 64
f 265/9/15 303/9/15 308/9/9 
s 128
f 266/5/14 304/5/14 309/4/5 
s 32
f 267/16/13 305/16/13 310/16/3 
s 64
f 269/13/11 307/13/11 311/12/12 
s 16
f 270/9/9 308/9/9 312/8/10 
s 32
f 268/2/7 306/2/7 313/2/8 
s 16
f 271/4/5 309/4/5 314/4/6 
f 272/16/3 310/16/3 315/15/4 
s 8
f 273/12/12 311/12/12 316/11/34 
f 274/8/10 312/8/10 317/8/33 
s 32
f 276/4/6 314/4/6 318/4/32 
s 64
f 277/15/4 315/15/4 319/15/31 
f 278/11/34 316/11/34 320/11/30 
f 279/8/33 317/8/33 321/7/29 
s 32
f 301/3/2 296/3/2 322/3/2 
s 16
f 297/14/2 351/14/2 324/14/2 
s 64
f 298/10/2 352/10/2 325/9/2 
f 299/5/2 353/5/2 326/5/2 
s 16
f 305/16/2 300/16/2 327/16/2 
s 128
f 301/3/2 323/3/2 329/2/2 
f 302/14/2 324/14/2 330/13/2 
s 32
f 303/9/2 325/9/2 331/9/2 
s 16
f 304/5/2 326/5/2 332/4/2 
s 128
f 305/16/2 328/16/2 333/16/2 
s 256
f 311/12/2 307/13/2 330/13/2 
s 128
f 308/9/2 331/9/2 335/8/2 
s 64
f 306/2/2 329/2/2 336/2/2 
s 32
f 309/4/2 332/4/2 337/4/2 
s 256
f 315/15/2 310/16/2 333/16/2 
s 32
f 311/12/2 334/12/2 339/11/2 
f 317/8/2 312/8/2 335/8/2 
s 64
f 314/4/2 337/4/2 341/4/2 
s 32
f 315/15/2 338/15/2 342/15/2 
s 128
f 320/11/2 316/11/2 339/11/2 
s 16
f 317/8/2 340/8/2 344/7/2 
s 128
f 313/2/2 336/2/2 345/17/2 
f 291/3/2 318/4/2 341/4/2 
f 319/15/2 342/15/2 347/15/2 
s 32
f 320/11/2 343/11/2 348/10/2 
s 128
f 294/6/2 321/7/2 344/7/2 
s 256
f 295/17/2 290/17/2 345/17/2 
s 64
f 291/3/2 346/3/2 322/3/2 
s 8
f 292/15/2 347/15/2 351/14/2 
s 128
f 293/10/2 348/10/2 352/10/2 
s 256
f 294/6/2 349/6/2 353/5/2 
s 64
f 295/17/2 350/17/2 327/16/2 
s 32
f 354/6/67 437/7/29 446/6/24 
f 355/17/68 440/17/28 447/17/23 
s 16
f 356/3/69 442/3/27 395/3/22 
f 357/14/70 443/15/26 398/14/21 
f 358/10/71 386/10/25 388/10/20 
s 8
f 359/6/72 446/6/24 389/5/19 
s 16
f 360/17/73 447/17/23 392/16/18 
s 128
f 361/3/74 395/3/22 397/3/17 
s 32
f 362/14/75 398/14/21 400/14/16 
f 363/9/76 388/10/20 402/9/15 
s 16
f 364/5/77 389/5/19 403/5/14 
s 32
f 365/16/78 392/16/18 406/16/13 
s 16
f 366/2/79 397/3/17 407/2/7 
s 64
f 367/13/80 400/14/16 409/13/11 
s 16
f 368/9/81 402/9/15 412/9/9 
s 8
f 369/5/82 403/5/14 414/4/5 
s 16
f 370/16/83 406/16/13 415/16/3 
f 371/13/84 409/13/11 418/12/12 
s 64
f 372/9/85 412/9/9 419/8/10 
s 32
f 373/2/86 407/2/7 421/2/8 
s 64
f 374/4/87 414/4/5 424/4/6 
s 32
f 375/18/88 415/16/3 426/15/4 
s 64
f 376/12/89 418/12/12 427/11/34 
s 16
f 377/8/90 419/8/10 430/8/33 
f 378/4/91 424/4/6 431/4/32 
s 8
f 379/15/92 426/15/4 433/15/31 
s 16
f 380/11/93 427/11/34 436/11/30 
s 64
f 381/7/94 430/8/33 437/7/29 
s 8
f 382/2/95 421/2/8 440/17/28 
s 32
f 383/19/96 431/4/32 442/3/27 
s 64
f 384/15/97 433/15/31 443/15/26 
f 385/10/98 436/11/30 386/10/25 
s 32
f 386/10/1 445/10/1 387/10/1 
s 64
f 389/5/1 446/6/1 390/6/1 
f 392/16/1 447/17/1 393/17/1 
s 32
f 395/3/1 448/3/1 396/3/1 
s 64
f 398/14/1 449/14/1 399/14/1 
f 388/10/1 387/10/1 401/9/1 
s 32
f 403/5/1 389/5/1 391/5/1 
s 128
f 392/16/1 394/16/1 405/16/1 
s 64
f 407/2/1 397/3/1 396/3/1 
s 128
f 409/13/1 400/14/1 399/14/1 
f 402/9/1 401/9/1 411/9/1 
s 64
f 403/5/1 404/5/1 413/4/1 
f 415/16/1 406/16/1 405/16/1 
s 32
f 409/13/1 410/13/1 417/12/1 
f 419/8/1 412/9/1 411/9/1 
s 128
f 421/2/1 407/2/1 408/2/1 
s 32
f 414/4/1 413/4/1 423/4/1 
s 128
f 415/16/1 416/16/1 425/15/1 
f 427/11/1 418/12/1 417/12/1 
f 419/8/1 420/8/1 429/8/1 
f 431/4/1 424/4/1 423/4/1 
s 256
f 433/15/1 426/15/1 425/15/1 
s 32
f 427/11/1 428/11/1 435/11/1 
s 256
f 437/7/1 430/8/1 429/8/1 
s 16
f 421/2/1 422/2/1 439/17/1 
s 64
f 431/4/1 432/4/1 441/3/1 
s 32
f 443/15/1 433/15/1 434/15/1 
s 128
f 386/10/1 436/11/1 435/11/1 
s 16
f 437/7/1 438/7/1 390/6/1 
s 128
f 440/17/1 439/17/1 393/17/1 
s 256
f 395/3/1 442/3/1 441/3/1 
s 128
f 443/15/1 444/15/1 449/14/1 
s 32
f 422/2/8 473/2/8 450/17/28 
f 432/4/32 478/4/32 451/3/27 
s 8
f 434/15/31 479/15/31 452/15/26 
s 64
f 435/11/30 480/11/30 453/10/25 
s 32
f 438/7/29 481/7/29 454/6/24 
s 64
f 439/17/28 450/17/28 455/17/23 
s 16
f 441/3/27 451/3/27 456/3/22 
f 444/15/26 452/15/26 457/14/21 
f 445/10/25 453/10/25 458/10/20 
s 128
f 390/6/24 454/6/24 459/5/19 
s 16
f 393/17/23 455/17/23 460/16/18 
s 64
f 448/3/22 456/3/22 461/3/17 
s 32
f 449/14/21 457/14/21 462/14/16 
s 128
f 387/10/20 458/10/20 463/9/15 
s 16
f 391/5/19 459/5/19 464/5/14 
s 32
f 394/16/18 460/16/18 465/16/13 
s 4
f 396/3/17 461/3/17 466/2/7 
s 16
f 399/14/16 462/14/16 467/13/11 
s 32
f 401/9/15 463/9/15 468/9/9 
f 404/5/14 464/5/14 469/4/5 
s 16
f 405/16/13 465/16/13 470/16/3 
s 64
f 410/13/11 467/13/11 471/12/12 
f 411/9/9 468/9/9 472/8/10 
f 408/2/7 466/2/7 473/2/8 
s 8
f 413/4/5 469/4/5 474/4/6 
s 4
f 416/16/3 470/16/3 475/15/4 
s 16
f 417/12/12 471/12/12 476/11/34 
s 32
f 420/8/10 472/8/10 477/8/33 
s 64
f 423/4/6 474/4/6 478/4/32 
s 32
f 425/15/4 475/15/4 479/15/31 
s 128
f 428/11/34 476/11/34 480/11/30 
s 16
f 429/8/33 477/8/33 481/7/29 
s 32
f 471/12/2 510/12/2 482/11/2 
s 128
f 477/8/2 472/8/2 483/8/2 
s 16
f 474/4/2 512/4/2 485/4/2 
f 475/15/2 513/15/2 486/15/2 
s 256
f 480/11/2 476/11/2 482/11/2 
s 64
f 477/8/2 484/8/2 488/7/2 
s 16
f 473/2/2 511/2/2 489/17/2 
s 128
f 451/3/2 478/4/2 485/4/2 
s 64
f 479/15/2 486/15/2 491/15/2 
s 8
f 480/11/2 487/11/2 492/10/2 
s 256
f 454/6/2 481/7/2 488/7/2 
s 128
f 455/17/2 450/17/2 489/17/2 
s 64
f 451/3/2 490/3/2 495/3/2 
s 32
f 452/15/2 491/15/2 496/14/2 
f 453/10/2 492/10/2 497/10/2 
s 64
f 454/6/2 493/6/2 498/5/2 
s 32
f 455/17/2 494/17/2 499/16/2 
f 461/3/2 456/3/2 495/3/2 
s 64
f 462/14/2 457/14/2 496/14/2 
f 458/10/2 497/10/2 502/9/2 
s 32
f 459/5/2 498/5/2 503/5/2 
s 64
f 465/16/2 460/16/2 499/16/2 
s 16
f 461/3/2 500/3/2 505/2/2 
s 128
f 462/14/2 501/14/2 506/13/2 
s 256
f 468/9/2 463/9/2 502/9/2 
s 64
f 464/5/2 503/5/2 508/4/2 
s 128
f 465/16/2 504/16/2 509/16/2 
s 256
f 471/12/2 467/13/2 506/13/2 
s 512
f 468/9/2 507/9/2 483/8/2 
s 32
f 466/2/2 505/2/2 511/2/2 
s 128
f 474/4/2 469/4/2 508/4/2 
s 64
f 475/15/2 470/16/2 509/16/2 
s 128
f 503/5/99 541/5/99 514/4/100 
s 16
f 504/16/101 542/16/101 515/16/102 
f 506/13/103 544/13/103 516/12/104 
f 507/9/105 545/9/105 517/8/106 
s 64
f 505/2/107 543/2/107 518/2/108 
s 16
f 508/4/100 514/4/100 519/4/109 
s 32
f 509/16/102 515/16/102 520/15/110 
s 64
f 510/12/104 516/12/104 521/11/111 
s 32
f 484/8/112 483/8/106 517/8/106 
s 8
f 512/4/109 519/4/109 523/4/113 
s 64
f 513/15/110 520/15/110 524/15/114 
s 16
f 482/11/111 521/11/111 525/11/115 
f 484/8/112 522/8/112 526/7/116 
s 256
f 489/17/117 511/2/108 518/2/108 
s 32
f 485/4/113 523/4/113 528/3/118 
s 8
f 486/15/114 524/15/114 529/15/119 
s 32
f 487/11/115 525/11/115 530/10/120 
f 488/7/116 526/7/116 531/6/121 
f 489/17/117 527/17/117 532/17/122 
s 128
f 490/3/118 528/3/118 533/3/123 
f 491/15/119 529/15/119 534/14/124 
s 16
f 492/10/120 530/10/120 535/10/125 
f 493/6/121 531/6/121 536/5/126 
s 8
f 494/17/122 532/17/122 537/16/127 
f 495/3/123 533/3/123 538/3/128 
s 256
f 496/14/124 534/14/124 539/14/129 
s 128
f 497/10/125 535/10/125 540/9/130 
s 8
f 498/5/126 536/5/126 541/5/99 
s 128
f 499/16/127 537/16/127 542/16/101 
s 4
f 500/3/128 538/3/128 543/2/107 
s 32
f 501/14/129 539/14/129 544/13/103 
f 502/9/130 540/9/130 545/9/105 
f 533/3/1 574/3/1 546/3/1 
f 534/14/1 575/14/1 547/14/1 
s 8
f 535/10/1 576/10/1 548/9/1 
s 32
f 541/5/1 536/5/1 549/5/1 
s 16
f 537/16/1 577/16/1 551/16/1 
f 543/2/1 538/3/1 546/3/1 
s 64
f 544/13/1 539/14/1 547/14/1 
s 16
f 540/9/1 548/9/1 554/9/1 
s 64
f 541/5/1 550/5/1 555/4/1 
f 515/16/1 542/16/1 551/16/1 
s 128
f 544/13/1 553/13/1 557/12/1 
s 64
f 517/8/1 545/9/1 554/9/1 
s 32
f 518/2/1 543/2/1 552/2/1 
f 514/4/1 555/4/1 560/4/1 
s 128
f 515/16/1 556/16/1 561/15/1 
s 32
f 521/11/1 516/12/1 557/12/1 
s 128
f 517/8/1 558/8/1 563/8/1 
s 64
f 523/4/1 519/4/1 560/4/1 
s 256
f 524/15/1 520/15/1 561/15/1 
s 128
f 521/11/1 562/11/1 566/11/1 
s 64
f 526/7/1 522/8/1 563/8/1 
s 16
f 518/2/1 559/2/1 568/17/1 
f 523/4/1 564/4/1 569/3/1 
s 32
f 529/15/1 524/15/1 565/15/1 
s 64
f 530/10/1 525/11/1 566/11/1 
s 128
f 526/7/1 567/7/1 572/6/1 
s 64
f 527/17/1 568/17/1 573/17/1 
f 533/3/1 528/3/1 569/3/1 
f 529/15/1 570/15/1 575/14/1 
s 256
f 535/10/1 530/10/1 571/10/1 
s 1
f 536/5/1 531/6/1 572/6/1 
s 256
f 537/16/1 532/17/1 573/17/1 
s 16
f 567/7/29 605/7/29 578/6/24 
s 32
f 568/17/28 606/17/28 579/17/23 
f 569/3/27 607/3/27 580/3/22 
s 16
f 570/15/26 608/15/26 581/14/21 
f 571/10/25 609/10/25 582/10/20 
s 32
f 572/6/24 578/6/24 583/5/19 
s 16
f 573/17/23 579/17/23 584/16/18 
f 574/3/22 580/3/22 585/3/17 
s 8
f 575/14/21 581/14/21 586/14/16 
s 32
f 576/10/20 582/10/20 587/9/15 
s 8
f 549/5/19 583/5/19 588/5/14 
s 32
f 577/16/18 584/16/18 589/16/13 
s 64
f 546/3/17 585/3/17 590/2/7 
s 16
f 547/14/16 586/14/16 591/13/11 
s 64
f 548/9/15 587/9/15 592/9/9 
s 16
f 550/5/14 588/5/14 593/4/5 
s 128
f 551/16/13 589/16/13 594/16/3 
s 32
f 553/13/11 591/13/11 595/12/12 
f 554/9/9 592/9/9 596/8/10 
s 16
f 552/2/7 590/2/7 597/2/8 
s 128
f 555/4/5 593/4/5 598/4/6 
s 8
f 556/16/3 594/16/3 599/15/4 
s 16
f 557/12/12 595/12/12 600/11/34 
f 558/8/10 596/8/10 601/8/33 
f 560/4/6 598/4/6 602/4/32 
s 32
f 561/15/4 599/15/4 603/15/31 
f 562/11/34 600/11/34 604/11/30 
f 563/8/33 601/8/33 605/7/29 
s 64
f 559/2/8 597/2/8 606/17/28 
f 564/4/32 602/4/32 607/3/27 
f 565/15/31 603/15/31 608/15/26 
s 256
f 566/11/30 604/11/30 609/10/25 
s 16
f 589/16/2 639/16/2 610/16/2 
s 64
f 595/12/2 591/13/2 611/13/2 
s 16
f 592/9/2 641/9/2 613/8/2 
s 32
f 590/2/2 640/2/2 614/2/2 
f 598/4/2 593/4/2 615/4/2 
s 64
f 599/15/2 594/16/2 610/16/2 
s 128
f 595/12/2 612/12/2 618/11/2 
s 64
f 601/8/2 596/8/2 613/8/2 
f 598/4/2 616/4/2 620/4/2 
s 128
f 599/15/2 617/15/2 621/15/2 
s 64
f 604/11/2 600/11/2 618/11/2 
s 128
f 601/8/2 619/8/2 623/7/2 
f 606/17/2 597/2/2 614/2/2 
f 607/3/2 602/4/2 620/4/2 
s 256
f 603/15/2 621/15/2 626/15/2 
s 128
f 604/11/2 622/11/2 627/10/2 
s 64
f 578/6/2 605/7/2 623/7/2 
s 256
f 579/17/2 606/17/2 624/17/2 
s 16
f 607/3/2 625/3/2 630/3/2 
s 32
f 581/14/2 608/15/2 626/15/2 
f 609/10/2 627/10/2 632/10/2 
s 128
f 578/6/2 628/6/2 633/5/2 
s 64
f 579/17/2 629/17/2 634/16/2 
s 128
f 585/3/2 580/3/2 630/3/2 
s 64
f 586/14/2 581/14/2 631/14/2 
s 128
f 587/9/2 582/10/2 632/10/2 
s 64
f 583/5/2 633/5/2 638/5/2 
s 256
f 589/16/2 584/16/2 634/16/2 
f 585/3/2 635/3/2 640/2/2 
s 32
f 586/14/2 636/14/2 611/13/2 
s 256
f 592/9/2 587/9/2 637/9/2 
s 1
f 593/4/2 588/5/2 638/5/2 
s 64
f 632/10/20 669/10/20 642/9/15 
s 4
f 633/5/19 670/5/19 643/5/14 
s 8
f 634/16/18 671/16/18 644/16/13 
s 16
f 635/3/17 672/3/17 645/2/7 
f 636/14/16 673/14/16 646/13/11 
f 637/9/15 642/9/15 647/9/9 
s 32
f 638/5/14 643/5/14 648/4/5 
f 639/16/13 644/16/13 649/16/3 
s 128
f 611/13/11 646/13/11 650/12/12 
s 32
f 641/9/9 647/9/9 651/8/10 
s 64
f 640/2/7 645/2/7 652/2/8 
s 8
f 615/4/5 648/4/5 653/4/6 
s 128
f 610/16/3 649/16/3 654/15/4 
s 16
f 612/12/12 650/12/12 655/11/34 
s 128
f 613/8/10 651/8/10 656/8/33 
s 16
f 616/4/6 653/4/6 657/4/32 
f 617/15/4 654/15/4 658/15/31 
s 32
f 618/11/34 655/11/34 659/11/30 
f 619/8/33 656/8/33 660/7/29 
s 256
f 614/2/8 652/2/8 661/17/28 
s 32
f 620/4/32 657/4/32 662/3/27 
f 621/15/31 658/15/31 663/15/26 
s 16
f 622/11/30 659/11/30 664/10/25 
s 256
f 623/7/29 660/7/29 665/6/24 
s 32
f 624/17/28 661/17/28 666/17/23 
s 64
f 625/3/27 662/3/27 667/3/22 
f 626/15/26 663/15/26 668/14/21 
s 256
f 627/10/25 664/10/25 669/10/20 
s 8
f 628/6/24 665/6/24 670/5/19 
s 128
f 629/17/23 666/17/23 671/16/18 
s 32
f 630/3/22 667/3/22 672/3/17 
s 4
f 631/14/21 668/14/21 673/14/16 
s 64
f 661/17/1 704/17/1 674/17/1 
s 16
f 667/3/1 662/3/1 675/3/1 
f 663/15/1 705/15/1 677/14/1 
s 32
f 669/10/1 664/10/1 678/10/1 
s 2
f 670/5/1 665/6/1 680/6/1 
s 256
f 671/16/1 666/17/1 674/17/1 
s 128
f 667/3/1 676/3/1 683/3/1 
s 32
f 668/14/1 677/14/1 684/14/1 
s 128
f 669/10/1 679/10/1 685/9/1 
s 64
f 643/5/1 670/5/1 681/5/1 
s 32
f 671/16/1 682/16/1 687/16/1 
s 256
f 645/2/1 672/3/1 683/3/1 
s 64
f 646/13/1 673/14/1 684/14/1 
s 32
f 642/9/1 685/9/1 690/9/1 
s 16
f 643/5/1 686/5/1 691/4/1 
s 64
f 649/16/1 644/16/1 687/16/1 
s 32
f 646/13/1 689/13/1 693/12/1 
s 64
f 651/8/1 647/9/1 690/9/1 
s 32
f 652/2/1 645/2/1 688/2/1 
s 64
f 648/4/1 691/4/1 696/4/1 
s 16
f 649/16/1 692/16/1 697/15/1 
s 64
f 655/11/1 650/12/1 693/12/1 
s 16
f 651/8/1 694/8/1 699/8/1 
s 128
f 657/4/1 653/4/1 696/4/1 
s 64
f 658/15/1 654/15/1 697/15/1 
s 128
f 655/11/1 698/11/1 702/11/1 
s 64
f 660/7/1 656/8/1 699/8/1 
s 128
f 652/2/1 695/2/1 704/17/1 
s 64
f 657/4/1 700/4/1 675/3/1 
s 128
f 663/15/1 658/15/1 701/15/1 
s 1
f 664/10/1 659/11/1 702/11/1 
s 128
f 660/7/1 703/7/1 680/6/1 
s 16
f 698/11/34 734/11/34 706/11/30 
s 32
f 699/8/33 735/8/33 707/7/29 
s 16
f 695/2/8 731/2/8 708/17/28 
s 8
f 700/4/32 736/4/32 709/3/27 
s 16
f 701/15/31 737/15/31 710/15/26 
s 32
f 702/11/30 706/11/30 711/10/25 
s 16
f 703/7/29 707/7/29 712/6/24 
s 32
f 704/17/28 708/17/28 713/17/23 
f 675/3/27 709/3/27 714/3/22 
f 705/15/26 710/15/26 715/14/21 
s 64
f 678/10/25 711/10/25 716/10/20 
s 32
f 680/6/24 712/6/24 717/5/19 
s 16
f 674/17/23 713/17/23 718/16/18 
f 676/3/22 714/3/22 719/3/17 
s 64
f 677/14/21 715/14/21 720/14/16 
s 8
f 679/10/20 716/10/20 721/9/15 
s 16
f 681/5/19 717/5/19 722/5/14 
s 64
f 682/16/18 718/16/18 723/16/13 
s 32
f 683/3/17 719/3/17 724/2/7 
s 16
f 684/14/16 720/14/16 725/13/11 
s 64
f 685/9/15 721/9/15 726/9/9 
s 32
f 686/5/14 722/5/14 727/4/5 
s 8
f 687/16/13 723/16/13 728/16/3 
s 64
f 689/13/11 725/13/11 729/12/12 
s 128
f 690/9/9 726/9/9 730/8/10 
s 64
f 688/2/7 724/2/7 731/2/8 
s 128
f 691/4/5 727/4/5 732/4/6 
s 32
f 692/16/3 728/16/3 733/15/4 
s 128
f 693/12/12 729/12/12 734/11/34 
s 64
f 694/8/10 730/8/10 735/8/33 
s 16
f 696/4/6 732/4/6 736/4/32 
s 128
f 697/15/4 733/15/4 737/15/31 
s 16
f 724/2/2 764/2/2 738/2/2 
f 727/4/2 767/4/2 739/4/2 
f 728/16/2 768/16/2 740/15/2 
f 729/12/2 769/12/2 741/11/2 
s 256
f 735/8/2 730/8/2 742/8/2 
s 32
f 732/4/2 739/4/2 744/4/2 
s 64
f 737/15/2 733/15/2 740/15/2 
f 706/11/2 734/11/2 741/11/2 
s 16
f 735/8/2 743/8/2 747/7/2 
s 32
f 731/2/2 738/2/2 748/17/2 
s 64
f 709/3/2 736/4/2 744/4/2 
s 32
f 737/15/2 745/15/2 750/15/2 
s 128
f 706/11/2 746/11/2 751/10/2 
s 64
f 712/6/2 707/7/2 747/7/2 
f 708/17/2 748/17/2 753/17/2 
s 16
f 709/3/2 749/3/2 754/3/2 
s 64
f 710/15/2 750/15/2 755/14/2 
s 256
f 711/10/2 751/10/2 756/10/2 
s 128
f 712/6/2 752/6/2 757/5/2 
f 713/17/2 753/17/2 758/16/2 
s 64
f 719/3/2 714/3/2 754/3/2 
s 16
f 715/14/2 755/14/2 760/14/2 
f 716/10/2 756/10/2 761/9/2 
s 64
f 722/5/2 717/5/2 757/5/2 
s 32
f 723/16/2 718/16/2 758/16/2 
s 128
f 719/3/2 759/3/2 764/2/2 
s 32
f 720/14/2 760/14/2 765/13/2 
f 721/9/2 761/9/2 766/9/2 
s 128
f 722/5/2 762/5/2 767/4/2 
f 723/16/2 763/16/2 768/16/2 
s 256
f 729/12/2 725/13/2 765/13/2 
s 512
f 726/9/2 766/9/2 742/8/2 
s 16
f 1895/2/559 1896/20/131 865/2/7 
s 64
f 1897/13/560 1898/13/132 861/14/16 
f 1899/9/561 1900/9/133 805/9/15 
s 32
f 1901/5/562 1902/5/134 810/4/5 
s 16
f 1903/16/563 1904/16/135 811/16/3 
f 1905/12/564 1906/13/136 802/13/11 
f 1907/8/565 1908/9/137 807/9/9 
s 32
f 1909/2/566 1910/2/138 818/2/8 
s 64
f 1911/4/567 1912/4/139 822/4/6 
s 32
f 1913/18/568 1914/16/140 824/15/4 
f 1915/11/569 1916/12/141 815/12/12 
s 4
f 1917/8/570 1918/8/142 816/8/10 
s 128
f 1919/4/571 1920/4/143 829/4/32 
f 1921/15/572 1922/15/144 832/15/31 
f 1923/11/573 1924/11/145 825/11/34 
s 8
f 1925/7/574 1926/8/146 828/8/33 
s 64
f 1927/17/575 1928/2/147 838/17/28 
s 16
f 1929/19/576 1930/19/148 840/3/27 
f 1931/15/577 1932/15/149 841/15/26 
f 1933/10/471 1934/11/150 834/11/30 
s 32
f 1935/6/578 1936/6/151 835/7/29 
s 16
f 1937/17/579 1938/17/152 848/17/23 
s 32
f 1939/3/580 1940/3/153 849/3/22 
s 128
f 1941/14/581 1942/14/154 841/15/26 
s 32
f 1943/10/582 1944/10/155 844/10/25 
s 64
f 1945/6/583 1946/6/156 846/6/24 
s 32
f 1947/50/584 1948/17/157 858/16/18 
s 128
f 1949/3/585 1950/3/158 860/3/17 
s 32
f 1951/14/586 1952/14/159 852/14/21 
s 128
f 1953/9/587 1954/10/160 854/10/20 
s 256
f 1955/5/588 1956/5/161 855/5/19 
s 64
f 1957/16/589 1958/16/162 864/16/13 
s 128
f 802/13/1 861/14/1 803/14/1 
s 16
f 805/9/1 862/9/1 806/9/1 
s 64
f 808/5/1 863/5/1 809/4/1 
s 128
f 811/16/1 864/16/1 812/16/1 
s 32
f 802/13/1 804/13/1 814/12/1 
f 816/8/1 807/9/1 806/9/1 
s 128
f 818/2/1 865/2/1 819/2/1 
s 16
f 810/4/1 809/4/1 821/4/1 
s 64
f 811/16/1 813/16/1 823/15/1 
f 825/11/1 815/12/1 814/12/1 
f 816/8/1 817/8/1 827/8/1 
s 32
f 829/4/1 822/4/1 821/4/1 
s 16
f 824/15/1 823/15/1 831/15/1 
s 256
f 825/11/1 826/11/1 833/11/1 
s 16
f 835/7/1 828/8/1 827/8/1 
f 818/2/1 820/2/1 837/17/1 
s 64
f 829/4/1 830/4/1 839/3/1 
s 32
f 841/15/1 832/15/1 831/15/1 
f 834/11/1 833/11/1 843/10/1 
s 64
f 835/7/1 836/7/1 845/6/1 
s 32
f 838/17/1 837/17/1 847/17/1 
s 256
f 849/3/1 840/3/1 839/3/1 
s 64
f 841/15/1 842/15/1 851/14/1 
f 844/10/1 843/10/1 853/10/1 
s 128
f 855/5/1 846/6/1 845/6/1 
s 64
f 848/17/1 847/17/1 857/16/1 
f 849/3/1 850/3/1 859/3/1 
s 16
f 861/14/1 852/14/1 851/14/1 
s 4
f 805/9/1 854/10/1 853/10/1 
s 32
f 855/5/1 856/5/1 863/5/1 
s 16
f 858/16/1 857/16/1 812/16/1 
s 1
f 865/2/1 860/3/1 859/3/1 
s 64
f 831/15/31 893/15/31 866/15/26 
s 8
f 833/11/30 894/11/30 867/10/25 
s 16
f 836/7/29 895/7/29 868/6/24 
s 4
f 837/17/28 896/17/28 869/17/23 
s 8
f 839/3/27 897/3/27 870/3/22 
s 16
f 842/15/26 866/15/26 871/14/21 
s 128
f 843/10/25 867/10/25 872/10/20 
s 32
f 845/6/24 868/6/24 873/5/19 
s 16
f 847/17/23 869/17/23 874/16/18 
f 850/3/22 870/3/22 875/3/17 
s 32
f 851/14/21 871/14/21 876/14/16 
f 853/10/20 872/10/20 877/9/15 
s 4
f 856/5/19 873/5/19 878/5/14 
s 32
f 857/16/18 874/16/18 879/16/13 
f 859/3/17 875/3/17 880/2/7 
s 16
f 803/14/16 876/14/16 881/13/11 
s 8
f 862/9/15 877/9/15 882/9/9 
s 128
f 863/5/14 878/5/14 883/4/5 
s 64
f 812/16/13 879/16/13 884/16/3 
f 804/13/11 881/13/11 885/12/12 
f 806/9/9 882/9/9 886/8/10 
f 819/2/7 880/2/7 887/2/8 
s 32
f 809/4/5 883/4/5 888/4/6 
s 8
f 813/16/3 884/16/3 889/15/4 
s 16
f 814/12/12 885/12/12 890/11/34 
f 817/8/10 886/8/10 891/8/33 
s 64
f 821/4/6 888/4/6 892/4/32 
s 32
f 823/15/4 889/15/4 893/15/31 
f 826/11/34 890/11/34 894/11/30 
f 827/8/33 891/8/33 895/7/29 
f 820/2/8 887/2/8 896/17/28 
s 4
f 830/4/32 892/4/32 897/3/27 
s 64
f 895/7/1 891/8/1 898/8/1 
s 16
f 887/2/1 917/2/1 900/17/1 
s 32
f 870/3/1 909/3/1 901/3/1 
s 16
f 892/4/1 929/4/1 902/3/1 
s 128
f 866/15/1 893/15/1 903/15/1 
s 64
f 867/10/1 894/11/1 905/11/1 
s 128
f 895/7/1 899/7/1 907/6/1 
s 64
f 896/17/1 900/17/1 908/17/1 
f 870/3/1 897/3/1 902/3/1 
f 875/3/1 901/3/1 910/2/1 
s 32
f 866/15/1 904/15/1 911/14/1 
s 16
f 867/10/1 906/10/1 912/10/1 
s 64
f 873/5/1 868/6/1 907/6/1 
s 128
f 874/16/1 869/17/1 908/17/1 
s 64
f 871/14/1 911/14/1 915/14/1 
f 877/9/1 872/10/1 912/10/1 
s 128
f 887/2/1 880/2/1 910/2/1 
s 16
f 873/5/1 913/5/1 918/5/1 
s 64
f 874/16/1 914/16/1 919/16/1 
s 128
f 881/13/1 876/14/1 915/14/1 
f 877/9/1 916/9/1 921/9/1 
s 64
f 883/4/1 878/5/1 918/5/1 
s 16
f 884/16/1 879/16/1 919/16/1 
s 32
f 881/13/1 920/13/1 924/12/1 
f 886/8/1 882/9/1 921/9/1 
s 16
f 883/4/1 922/4/1 926/4/1 
s 32
f 884/16/1 923/16/1 927/15/1 
s 128
f 890/11/1 885/12/1 924/12/1 
f 886/8/1 925/8/1 898/8/1 
f 892/4/1 888/4/1 926/4/1 
s 16
f 889/15/1 927/15/1 903/15/1 
s 256
f 890/11/1 928/11/1 905/11/1 
s 2
f 922/4/5 957/4/5 930/4/6 
f 923/16/3 958/16/3 931/15/4 
s 16
f 924/12/12 959/12/12 932/11/34 
s 2
f 925/8/10 960/8/10 933/8/33 
s 32
f 926/4/6 930/4/6 934/4/32 
s 1
f 927/15/4 931/15/4 935/15/31 
f 928/11/34 932/11/34 936/11/30 
s 16
f 898/8/33 933/8/33 937/7/29 
s 4
f 917/2/8 961/2/8 938/17/28 
s 128
f 929/4/32 934/4/32 939/3/27 
s 32
f 903/15/31 935/15/31 940/15/26 
s 16
f 905/11/30 936/11/30 941/10/25 
s 2
f 899/7/29 937/7/29 942/6/24 
s 8
f 900/17/28 938/17/28 943/17/23 
s 256
f 902/3/27 939/3/27 944/3/22 
s 8
f 904/15/26 940/15/26 945/14/21 
s 4
f 906/10/25 941/10/25 946/10/20 
s 16
f 907/6/24 942/6/24 947/5/19 
f 908/17/23 943/17/23 948/16/18 
s 64
f 909/3/22 944/3/22 949/3/17 
s 1
f 911/14/21 945/14/21 950/14/16 
s 32
f 912/10/20 946/10/20 951/9/15 
s 2
f 913/5/19 947/5/19 952/5/14 
f 914/16/18 948/16/18 953/16/13 
s 8
f 901/3/17 949/3/17 954/2/7 
s 16
f 915/14/16 950/14/16 955/13/11 
s 2
f 916/9/15 951/9/15 956/9/9 
s 32
f 918/5/14 952/5/14 957/4/5 
f 919/16/13 953/16/13 958/16/3 
s 1
f 920/13/11 955/13/11 959/12/12 
s 64
f 921/9/9 956/9/9 960/8/10 
s 32
f 910/2/7 954/2/7 961/2/8 
s 16
f 996/15/8 1055/15/8 997/15/8 
f 999/15/8 1056/15/8 1000/15/8 
f 1002/18/8 1057/18/8 1003/18/8 
s 64
f 1005/18/8 1058/18/8 1006/18/8 
s 16
f 1008/15/8 1059/15/8 1009/15/8 
s 32
f 1011/15/8 996/15/8 998/15/8 
f 1013/15/8 1001/15/8 1000/15/8 
f 1015/18/8 1004/18/8 1003/18/8 
f 1008/15/8 1010/15/8 1017/15/8 
s 16
f 1019/15/8 1011/15/8 1012/15/8 
s 32
f 1005/18/8 1007/18/8 1021/18/8 
s 16
f 1023/15/8 1013/15/8 1014/15/8 
f 1015/18/8 1016/18/8 1025/15/8 
f 1018/15/8 1017/15/8 1027/15/8 
s 32
f 1029/15/8 1019/15/8 1020/15/8 
f 1031/15/8 1023/15/8 1024/15/8 
f 1026/15/8 1025/15/8 1033/15/8 
f 1028/15/8 1027/15/8 1035/15/8 
s 16
f 1037/15/8 1029/15/8 1030/15/8 
f 1039/18/8 1022/18/8 1021/18/8 
f 1031/15/8 1032/15/8 1041/18/8 
s 64
f 1034/15/8 1033/15/8 1043/15/8 
s 16
f 1036/15/8 1035/15/8 1045/15/8 
s 32
f 1037/15/8 1038/15/8 1047/15/8 
f 1039/18/8 1040/18/8 1049/18/8 
f 1051/18/8 1042/18/8 1041/18/8 
s 4
f 1053/15/8 1044/15/8 1043/15/8 
s 32
f 1046/15/8 1045/15/8 997/15/8 
s 64
f 1048/15/8 1047/15/8 1056/15/8 
f 1002/18/8 1050/18/8 1049/18/8 
s 16
f 1051/18/8 1052/18/8 1006/18/8 
s 32
f 1059/15/8 1053/15/8 1054/15/8 
s 8
f 981/15/163 1046/15/163 1055/15/1 
f 988/15/26 1044/15/26 1053/15/164 
s 64
f 968/18/165 1042/18/165 1051/18/166 
s 8
f 995/18/167 1039/18/167 1050/18/168 
f 975/15/169 1037/15/169 1048/15/170 
s 64
f 982/15/171 1036/15/171 1046/15/163 
s 16
f 989/15/172 1034/15/172 1044/15/26 
s 8
f 969/15/173 1031/15/173 1042/18/165 
s 64
f 965/18/2 1022/18/2 1039/18/167 
f 976/15/174 1029/15/174 1037/15/169 
s 128
f 983/15/175 1028/15/175 1036/15/171 
f 990/15/176 1026/15/176 1034/15/172 
f 970/15/177 1023/15/177 1031/15/173 
s 4
f 977/15/178 1019/15/178 1029/15/174 
s 64
f 984/15/179 1018/15/179 1028/15/175 
f 991/18/180 1015/18/180 1026/15/176 
s 4
f 971/15/181 1013/15/181 1023/15/177 
f 964/18/182 1005/18/182 1022/18/2 
s 8
f 978/15/183 1011/15/183 1019/15/178 
s 128
f 985/15/184 1008/15/184 1018/15/179 
s 8
f 992/18/185 1004/18/185 1015/18/180 
f 972/15/14 1001/15/14 1013/15/181 
s 4
f 979/15/186 996/15/186 1011/15/183 
s 8
f 986/15/187 1059/15/187 1008/15/184 
f 966/18/188 1058/18/188 1005/18/182 
s 128
f 993/18/189 1002/18/189 1004/18/185 
s 64
f 973/15/190 999/15/190 1001/15/14 
f 980/15/1 1055/15/1 996/15/186 
f 987/15/164 1053/15/164 1059/15/187 
s 128
f 967/18/166 1051/18/166 1058/18/188 
s 32
f 994/18/168 1050/18/168 1002/18/189 
f 974/15/170 1048/15/170 999/15/190 
s 16
f 998/15/186 1087/15/186 1060/15/183 
s 64
f 1000/15/14 1088/15/14 1061/15/181 
f 1003/18/185 1089/18/185 1062/18/180 
s 8
f 1010/15/184 1091/15/184 1063/15/179 
s 32
f 1012/15/183 1060/15/183 1064/15/178 
s 8
f 1007/18/182 1090/18/182 1065/18/2 
s 32
f 1014/15/181 1061/15/181 1066/15/177 
s 1
f 1016/18/180 1062/18/180 1067/15/176 
f 1017/15/179 1063/15/179 1068/15/175 
s 16
f 1020/15/178 1064/15/178 1069/15/174 
f 1024/15/177 1066/15/177 1070/15/173 
s 2
f 1025/15/176 1067/15/176 1071/15/172 
f 1027/15/175 1068/15/175 1072/15/171 
s 32
f 1030/15/174 1069/15/174 1073/15/169 
s 64
f 1021/18/2 1065/18/2 1074/18/167 
s 1
f 1032/15/173 1070/15/173 1075/18/165 
f 1033/15/172 1071/15/172 1076/15/26 
f 1035/15/171 1072/15/171 1077/15/163 
s 2
f 1038/15/169 1073/15/169 1078/15/170 
f 1040/18/167 1074/18/167 1079/18/168 
s 64
f 1041/18/165 1075/18/165 1080/18/166 
s 32
f 1043/15/26 1076/15/26 1081/15/164 
s 2
f 1045/15/163 1077/15/163 1082/15/1 
s 16
f 1047/15/170 1078/15/170 1083/15/190 
s 8
f 1049/18/168 1079/18/168 1084/18/189 
s 1
f 1052/18/166 1080/18/166 1085/18/188 
f 1054/15/164 1081/15/164 1086/15/187 
s 64
f 997/15/1 1082/15/1 1087/15/186 
s 2
f 1056/15/190 1083/15/190 1088/15/14 
f 1057/18/189 1084/18/189 1089/18/185 
s 32
f 1006/18/188 1085/18/188 1090/18/182 
f 1009/15/187 1086/15/187 1091/15/184 
s 8
f 1093/15/2 1104/15/200 1094/15/191 
s 16
f 1096/15/193 1105/15/125 1097/15/194 
f 1099/15/196 1108/15/201 1100/15/197 
s 4
f 1102/15/198 1093/15/2 1095/15/192 
s 32
f 1104/15/200 1096/15/193 1098/15/195 
s 64
f 1099/15/196 1102/15/198 1103/15/199 
s 32
f 1108/15/201 1113/15/206 1109/15/202 
f 1095/15/192 1114/15/207 1110/15/203 
s 64
f 1098/15/195 1115/15/208 1111/15/204 
s 16
f 1103/15/199 1110/15/203 1113/15/206 
s 128
f 1095/15/192 1094/15/191 1111/15/204 
f 1097/15/194 1112/15/205 1115/15/208 
s 64
f 1110/15/203 1122/15/215 1118/15/211 
s 2
f 1114/15/207 1111/15/204 1119/15/212 
s 16
f 1112/15/205 1116/15/209 1121/15/214 
s 128
f 1109/15/202 1113/15/206 1118/15/211 
f 1110/15/203 1114/15/207 1120/15/213 
s 256
f 1115/15/208 1121/15/214 1119/15/212 
s 16
f 1122/15/215 1129/15/222 1123/15/216 
f 1120/15/213 1119/15/212 1124/15/217 
s 4
f 1121/15/214 1116/15/209 1126/15/219 
s 32
f 1118/15/211 1123/15/216 1128/15/221 
f 1122/15/215 1120/15/213 1125/15/218 
s 64
f 1119/15/212 1121/15/214 1127/15/220 
f 1123/15/216 1135/15/228 1130/15/223 
f 1129/15/222 1125/15/218 1131/15/224 
s 32
f 1127/15/220 1136/15/229 1133/15/226 
s 128
f 1123/15/216 1129/15/222 1132/15/225 
f 1125/15/218 1124/15/217 1133/15/226 
s 64
f 1126/15/219 1134/15/227 1136/15/229 
s 32
f 1132/15/225 1131/15/224 1137/15/230 
s 256
f 1133/15/226 1136/15/229 1139/15/232 
s 16
f 1132/15/225 1138/15/231 1143/15/236 
s 64
f 1133/15/226 1140/15/233 1137/15/230 
s 1
f 1136/15/229 1134/15/227 1141/15/234 
s 128
f 1130/15/223 1135/15/228 1143/15/236 
s 32
f 1138/15/231 1149/15/242 1145/15/238 
s 16
f 1140/15/233 1150/15/243 1146/15/239 
f 1139/15/232 1141/15/234 1147/15/240 
s 256
f 1142/15/235 1143/15/236 1145/15/238 
s 128
f 1137/15/230 1146/15/239 1149/15/242 
s 32
f 1139/15/232 1148/15/241 1150/15/243 
s 64
f 1146/15/239 1150/15/243 1151/15/244 
s 4
f 1148/15/241 1147/15/240 1153/15/246 
s 512
f 1144/15/237 1145/15/238 1155/15/248 
s 256
f 1149/15/242 1146/15/239 1152/15/245 
s 128
f 1150/15/243 1148/15/241 1154/15/247 
s 64
f 1149/15/242 1157/15/250 1155/15/248 
s 32
f 1155/15/248 1162/15/255 1158/15/251 
s 16
f 1152/15/245 1163/15/256 1159/15/252 
f 1154/15/247 1164/15/257 1160/15/253 
s 128
f 1157/15/250 1159/15/252 1162/15/255 
s 32
f 1151/15/244 1160/15/253 1163/15/256 
f 1154/15/247 1153/15/246 1161/15/254 
s 64
f 1160/15/253 1164/15/257 1165/15/258 
s 2
f 1162/15/255 1159/15/252 1169/15/262 
s 128
f 1163/15/256 1160/15/253 1166/15/259 
s 16
f 1161/15/254 1167/15/260 1165/15/258 
s 64
f 1158/15/251 1162/15/255 1170/15/263 
s 1
f 1159/15/252 1163/15/256 1171/15/264 
s 32
f 1170/15/263 1169/15/262 1173/15/266 
s 16
f 1166/15/259 1178/15/271 1175/15/268 
s 8
f 1165/15/258 1167/15/260 1176/15/269 
s 16
f 1170/15/263 1174/15/267 1172/15/265 
s 64
f 1171/15/264 1175/15/268 1173/15/266 
s 32
f 1166/15/259 1165/15/258 1177/15/270 
s 2
f 1177/15/270 1176/15/269 1179/15/272 
s 8
f 1174/15/267 1184/15/277 1181/15/274 
s 32
f 1175/15/268 1185/15/278 1182/15/275 
s 64
f 1178/15/271 1177/15/270 1180/15/273 
s 128
f 1173/15/266 1182/15/275 1184/15/277 
f 1175/15/268 1178/15/271 1183/15/276 
s 16
f 1181/15/274 1184/15/277 1186/15/279 
f 1185/15/278 1191/15/1 1188/15/281 
f 1180/15/273 1192/15/284 1189/15/282 
s 64
f 1184/15/277 1182/15/275 1188/15/281 
f 1185/15/278 1183/15/276 1189/15/282 
s 4
f 1179/15/272 1190/15/283 1192/15/284 
s 32
f 1188/15/281 1198/15/290 1195/15/287 
f 1189/15/282 1199/15/291 1196/15/288 
f 1192/15/284 1190/15/283 1193/15/285 
s 64
f 1186/15/279 1195/15/287 1194/15/286 
s 128
f 1188/15/281 1191/15/1 1196/15/288 
f 1189/15/282 1192/15/284 1197/15/289 
s 16
f 1198/15/290 1205/15/297 1200/15/292 
f 1196/15/288 1199/15/291 1201/15/293 
s 8
f 1193/15/285 1206/15/298 1203/15/295 
s 128
f 1194/15/286 1195/15/287 1200/15/292 
s 4
f 1198/15/290 1196/15/288 1202/15/294 
s 64
f 1199/15/291 1197/15/289 1203/15/295 
s 32
f 1200/15/292 1213/15/305 1207/15/299 
f 1205/15/297 1202/15/294 1208/15/300 
f 1201/15/293 1203/15/295 1210/15/302 
s 64
f 1205/15/297 1209/15/301 1213/15/305 
f 1201/15/293 1211/15/303 1208/15/300 
s 16
f 1203/15/295 1206/15/298 1212/15/304 
f 1209/15/301 1208/15/300 1214/15/306 
s 8
f 1211/15/303 1210/15/302 1216/15/308 
f 1209/15/301 1215/15/307 1220/15/312 
s 32
f 1211/15/303 1217/15/309 1214/15/306 
f 1212/15/304 1218/15/310 1216/15/308 
s 16
f 1213/15/305 1220/15/312 1219/15/311 
f 1215/15/307 1226/15/318 1222/15/314 
s 64
f 1214/15/306 1217/15/309 1223/15/315 
s 16
f 1218/15/310 1227/15/319 1225/15/317 
s 32
f 1220/15/312 1222/15/314 1221/15/313 
s 128
f 1215/15/307 1214/15/306 1224/15/316 
f 1217/15/309 1216/15/308 1225/15/317 
s 16
f 1223/15/315 1234/15/326 1228/15/320 
s 32
f 1225/15/317 1227/15/319 1229/15/321 
s 8
f 1221/15/313 1222/15/314 1231/15/323 
s 32
f 1224/15/316 1228/15/320 1233/15/325 
s 64
f 1225/15/317 1230/15/322 1234/15/326 
f 1226/15/318 1233/15/325 1231/15/323 
s 16
f 1232/15/324 1231/15/323 1235/15/327 
s 64
f 1228/15/320 1240/15/332 1237/15/329 
s 8
f 1230/15/322 1241/15/333 1238/15/330 
s 128
f 1233/15/325 1237/15/329 1235/15/327 
s 32
f 1234/15/326 1238/15/330 1240/15/332 
s 16
f 1230/15/322 1229/15/321 1239/15/331 
f 1238/15/330 1241/15/333 1242/15/334 
s 32
f 1237/15/329 1248/15/340 1246/15/338 
s 128
f 1240/15/332 1238/15/330 1243/15/335 
s 8
f 1239/15/331 1244/15/336 1242/15/334 
s 64
f 1236/15/328 1235/15/327 1246/15/338 
s 8
f 1240/15/332 1247/15/339 1248/15/340 
s 64
f 1248/15/340 1255/15/347 1250/15/342 
s 4
f 1247/15/339 1243/15/335 1251/15/343 
s 32
f 1242/15/334 1244/15/336 1253/15/345 
s 16
f 1246/15/338 1250/15/342 1249/15/341 
s 128
f 1248/15/340 1247/15/339 1252/15/344 
s 64
f 1243/15/335 1242/15/334 1254/15/346 
s 8
f 1253/15/345 1262/15/354 1256/15/348 
s 32
f 1249/15/341 1250/15/342 1257/15/349 
s 2
f 1255/15/347 1252/15/344 1259/15/351 
s 16
f 1254/15/346 1256/15/348 1261/15/353 
s 8
f 1250/15/342 1255/15/347 1260/15/352 
s 32
f 1252/15/344 1251/15/343 1261/15/353 
s 16
f 1257/15/349 1269/15/361 1263/15/355 
f 1260/15/352 1259/15/351 1264/15/356 
s 64
f 1261/15/353 1256/15/348 1266/15/358 
f 1257/15/349 1260/15/352 1265/15/357 
s 128
f 1259/15/351 1261/15/353 1267/15/359 
s 32
f 1256/15/348 1262/15/354 1268/15/360 
s 128
f 1269/15/361 1265/15/357 1272/15/364 
s 64
f 1267/15/359 1276/15/368 1274/15/366 
s 16
f 1268/15/360 1270/15/362 1275/15/367 
s 32
f 1263/15/355 1269/15/361 1273/15/365 
s 1
f 1265/15/357 1264/15/356 1274/15/366 
s 32
f 1267/15/359 1266/15/358 1275/15/367 
s 8
f 1272/15/364 1102/15/198 1099/15/196 
s 128
f 1274/15/366 1276/15/368 1104/15/200 
s 4
f 1270/15/362 1105/15/125 1096/15/193 
s 128
f 1273/15/365 1099/15/196 1101/15/108 
s 256
f 1274/15/366 1093/15/2 1102/15/198 
s 64
f 1275/15/367 1096/15/193 1104/15/200 
s 32
f 1310/18/20 1326/18/20 1311/18/20 
f 1313/18/20 1364/18/20 1314/18/20 
f 1316/18/20 1398/18/20 1317/18/20 
f 1319/18/20 1374/18/20 1320/18/20 
s 16
f 1322/18/20 1371/18/20 1323/18/20 
s 64
f 1325/18/20 1332/18/20 1326/18/20 
f 1327/18/20 1336/18/20 1313/18/20 
f 1328/18/20 1369/18/20 1316/18/20 
s 32
f 1329/18/20 1371/18/20 1322/18/20 
s 16
f 1331/18/20 1342/18/20 1332/18/20 
s 64
f 1333/18/20 1374/18/20 1319/18/20 
s 16
f 1335/18/20 1344/18/20 1336/18/20 
f 1337/18/20 1369/18/20 1328/18/20 
f 1339/18/20 1329/18/20 1330/18/20 
s 32
f 1341/18/20 1350/18/20 1342/18/20 
f 1343/18/20 1380/18/20 1344/18/20 
f 1345/18/20 1337/18/20 1338/18/20 
f 1347/18/20 1339/18/20 1340/18/20 
s 8
f 1349/18/20 1384/18/20 1350/18/20 
s 16
f 1351/18/20 1386/18/20 1333/18/20 
f 1352/18/20 1380/18/20 1343/18/20 
s 64
f 1354/18/20 1345/18/20 1346/18/20 
s 16
f 1356/18/20 1347/18/20 1348/18/20 
f 1358/18/20 1384/18/20 1349/18/20 
s 32
f 1360/18/20 1386/18/20 1351/18/20 
f 1362/18/20 1393/18/20 1352/18/20 
f 1363/18/20 1365/18/20 1354/18/20 
s 64
f 1311/18/20 1356/18/20 1357/18/20 
f 1364/18/20 1358/18/20 1359/18/20 
f 1317/18/20 1398/18/20 1360/18/20 
s 16
f 1320/18/20 1393/18/20 1362/18/20 
s 8
f 1324/18/20 1323/18/20 1365/18/20 
s 16
f 1312/18/1 1357/18/163 1295/18/163 
s 8
f 1363/18/164 1355/18/26 1302/18/26 
s 64
f 1362/18/166 1353/18/165 1282/18/165 
s 8
f 1361/18/168 1351/18/167 1309/18/167 
s 32
f 1359/18/170 1349/18/169 1289/18/169 
f 1357/18/163 1348/18/171 1296/18/171 
s 16
f 1355/18/26 1346/18/172 1303/18/172 
s 128
f 1353/18/165 1343/18/173 1283/18/173 
s 64
f 1351/18/167 1334/18/2 1278/18/2 
f 1349/18/169 1341/18/174 1290/18/174 
f 1348/18/171 1340/18/175 1297/18/175 
s 128
f 1346/18/172 1338/18/176 1304/18/176 
s 256
f 1343/18/173 1335/18/177 1284/18/177 
s 128
f 1341/18/174 1331/18/178 1291/18/178 
f 1340/18/175 1330/18/179 1298/18/179 
s 256
f 1338/18/176 1328/18/180 1305/18/180 
s 32
f 1335/18/177 1327/18/181 1285/18/181 
s 4
f 1334/18/2 1319/18/182 1279/18/182 
s 32
f 1331/18/178 1325/18/183 1292/18/183 
s 64
f 1330/18/179 1322/18/184 1299/18/184 
s 32
f 1328/18/180 1318/18/185 1306/18/185 
s 16
f 1327/18/181 1315/18/14 1286/18/14 
s 4
f 1325/18/183 1310/18/186 1293/18/186 
s 128
f 1322/18/184 1324/18/187 1300/18/187 
s 8
f 1319/18/182 1321/18/188 1280/18/188 
f 1318/18/185 1317/18/189 1307/18/189 
f 1315/18/14 1314/18/190 1287/18/190 
f 1310/18/186 1312/18/1 1294/18/1 
s 16
f 1324/18/187 1363/18/164 1301/18/164 
s 128
f 1321/18/188 1362/18/166 1281/18/166 
s 16
f 1317/18/189 1361/18/168 1308/18/168 
f 1314/18/190 1359/18/170 1288/18/170 
s 1
f 1366/18/183 1401/18/186 1326/18/186 
s 8
f 1367/18/181 1402/18/14 1313/18/14 
f 1368/18/180 1403/18/185 1316/18/185 
s 2
f 1370/18/179 1405/18/184 1371/18/184 
f 1372/18/178 1366/18/183 1332/18/183 
f 1373/18/2 1404/18/182 1374/18/182 
f 1375/18/177 1367/18/181 1336/18/181 
s 1
f 1376/18/176 1368/18/180 1369/18/180 
s 8
f 1377/18/175 1370/18/179 1329/18/179 
s 1
f 1378/18/174 1372/18/178 1342/18/178 
s 4
f 1379/18/173 1375/18/177 1344/18/177 
s 8
f 1381/18/172 1376/18/176 1337/18/176 
s 2
f 1382/18/171 1377/18/175 1339/18/175 
s 16
f 1383/18/169 1378/18/174 1350/18/174 
s 32
f 1385/18/167 1373/18/2 1333/18/2 
s 64
f 1387/18/165 1379/18/173 1380/18/173 
s 1
f 1388/18/26 1381/18/172 1345/18/172 
f 1389/18/163 1382/18/171 1347/18/171 
s 4
f 1390/18/170 1383/18/169 1384/18/169 
s 2
f 1391/18/168 1385/18/167 1386/18/167 
s 128
f 1392/18/166 1387/18/165 1352/18/165 
s 4
f 1394/18/164 1388/18/26 1354/18/26 
s 2
f 1395/18/1 1389/18/163 1356/18/163 
s 32
f 1396/18/190 1390/18/170 1358/18/170 
s 16
f 1397/18/189 1391/18/168 1360/18/168 
s 1
f 1399/18/188 1392/18/166 1393/18/166 
f 1400/18/187 1394/18/164 1365/18/164 
s 4
f 1401/18/186 1395/18/1 1311/18/1 
s 1
f 1402/18/14 1396/18/190 1364/18/190 
f 1403/18/185 1397/18/189 1398/18/189 
s 64
f 1404/18/182 1399/18/188 1320/18/188 
s 32
f 1405/18/184 1400/18/187 1323/18/187 
s 16
f 1407/15/2 1423/15/192 1408/15/199 
s 32
f 1410/15/196 1425/15/201 1411/15/197 
s 16
f 1413/15/125 1420/15/194 1414/15/195 
s 64
f 1416/15/191 1423/15/192 1407/15/2 
f 1408/15/199 1425/15/201 1410/15/196 
s 32
f 1415/15/193 1414/15/195 1416/15/191 
s 64
f 1421/15/205 1431/15/208 1414/15/195 
s 32
f 1422/15/204 1432/15/207 1423/15/192 
f 1408/15/199 1427/15/203 1424/15/206 
s 128
f 1414/15/195 1431/15/208 1422/15/204 
s 2
f 1423/15/192 1432/15/207 1427/15/203 
s 64
f 1424/15/206 1426/15/202 1411/15/197 
s 16
f 1430/15/214 1434/15/212 1422/15/204 
f 1432/15/207 1438/15/213 1433/15/215 
s 128
f 1424/15/206 1435/15/211 1428/15/210 
s 256
f 1429/15/209 1430/15/214 1431/15/208 
s 64
f 1434/15/212 1438/15/213 1432/15/207 
f 1427/15/203 1433/15/215 1435/15/211 
s 32
f 1436/15/220 1443/15/217 1434/15/212 
f 1437/15/218 1441/15/222 1433/15/215 
f 1435/15/211 1446/15/216 1439/15/221 
s 8
f 1440/15/219 1436/15/220 1430/15/214 
s 128
f 1434/15/212 1443/15/217 1437/15/218 
s 256
f 1441/15/222 1446/15/216 1435/15/211 
s 64
f 1440/15/219 1448/15/227 1442/15/229 
s 16
f 1443/15/217 1449/15/226 1444/15/224 
f 1445/15/225 1450/15/228 1446/15/216 
s 128
f 1436/15/220 1442/15/229 1449/15/226 
s 64
f 1444/15/224 1445/15/225 1441/15/222 
f 1450/15/228 1447/15/223 1439/15/221 
s 32
f 1449/15/226 1455/15/233 1451/15/230 
f 1445/15/225 1460/15/231 1452/15/236 
s 16
f 1442/15/229 1458/15/232 1455/15/233 
s 128
f 1451/15/230 1460/15/231 1445/15/225 
f 1450/15/228 1452/15/236 1453/15/235 
s 32
f 1454/15/234 1458/15/232 1442/15/229 
s 64
f 1457/15/241 1462/15/243 1455/15/233 
s 16
f 1459/15/239 1463/15/242 1460/15/231 
s 8
f 1461/15/238 1464/15/237 1453/15/235 
f 1456/15/240 1457/15/241 1458/15/232 
s 256
f 1462/15/243 1459/15/239 1451/15/230 
s 64
f 1463/15/242 1461/15/238 1452/15/236 
s 32
f 1459/15/239 1473/15/245 1465/15/250 
s 16
f 1461/15/238 1469/15/248 1466/15/249 
f 1467/15/246 1471/15/247 1457/15/241 
s 64
f 1468/15/244 1473/15/245 1459/15/239 
s 128
f 1463/15/242 1465/15/250 1469/15/248 
s 32
f 1457/15/241 1471/15/247 1468/15/244 
s 8
f 1470/15/254 1476/15/257 1471/15/247 
f 1472/15/253 1483/15/256 1473/15/245 
f 1465/15/250 1477/15/252 1474/15/255 
s 16
f 1476/15/257 1472/15/253 1468/15/244 
f 1473/15/245 1483/15/256 1477/15/252 
s 32
f 1469/15/248 1474/15/255 1475/15/251 
s 16
f 1478/15/262 1484/15/263 1474/15/255 
s 32
f 1476/15/257 1487/15/258 1481/15/259 
f 1482/15/264 1478/15/262 1477/15/252 
s 64
f 1484/15/263 1479/15/261 1475/15/251 
f 1480/15/260 1487/15/258 1476/15/257 
f 1481/15/259 1482/15/264 1483/15/256 
s 128
f 1486/15/270 1490/15/271 1481/15/259 
s 16
f 1482/15/264 1495/15/268 1488/15/266 
s 32
f 1484/15/263 1491/15/267 1489/15/265 
s 8
f 1485/15/269 1486/15/270 1487/15/258 
s 256
f 1490/15/271 1495/15/268 1482/15/264 
s 128
f 1488/15/266 1491/15/267 1484/15/263 
s 16
f 1491/15/267 1496/15/277 1492/15/274 
s 32
f 1493/15/272 1499/15/273 1486/15/270 
s 8
f 1494/15/369 1501/15/278 1495/15/268 
s 32
f 1488/15/266 1497/15/275 1496/15/277 
s 64
f 1486/15/270 1499/15/273 1494/15/369 
f 1495/15/268 1501/15/278 1497/15/275 
s 8
f 1498/15/283 1504/15/284 1499/15/273 
s 16
f 1500/15/282 1510/15/1 1501/15/278 
s 128
f 1497/15/275 1505/15/281 1502/15/279 
s 32
f 1504/15/284 1500/15/282 1494/15/369 
f 1501/15/278 1510/15/1 1505/15/281 
f 1502/15/279 1503/15/280 1492/15/274 
s 64
f 1508/15/289 1513/15/291 1500/15/282 
f 1509/15/288 1515/15/290 1505/15/281 
s 8
f 1511/15/287 1506/15/286 1503/15/280 
s 16
f 1498/15/283 1507/15/285 1508/15/289 
s 128
f 1500/15/282 1513/15/291 1509/15/288 
s 256
f 1505/15/281 1515/15/290 1511/15/287 
s 32
f 1512/15/295 1521/15/293 1513/15/291 
f 1514/15/294 1517/15/297 1515/15/290 
s 16
f 1516/15/292 1518/15/296 1506/15/286 
s 2
f 1507/15/285 1519/15/298 1512/15/295 
s 256
f 1513/15/291 1521/15/293 1514/15/294 
s 64
f 1517/15/297 1516/15/292 1511/15/287 
s 8
f 1519/15/298 1525/15/304 1520/15/302 
f 1521/15/293 1527/15/303 1522/15/300 
s 128
f 1517/15/297 1528/15/301 1523/15/305 
s 64
f 1520/15/302 1527/15/303 1521/15/293 
s 256
f 1522/15/300 1528/15/301 1517/15/297 
s 32
f 1523/15/305 1524/15/299 1518/15/296 
f 1526/15/309 1532/15/306 1522/15/300 
s 8
f 1528/15/301 1537/15/307 1529/15/312 
s 128
f 1520/15/302 1534/15/308 1526/15/309 
s 16
f 1532/15/306 1537/15/307 1528/15/301 
f 1523/15/305 1529/15/312 1530/15/311 
s 32
f 1531/15/310 1534/15/308 1520/15/302 
s 64
f 1534/15/308 1539/15/317 1535/15/315 
s 32
f 1536/15/316 1540/15/318 1537/15/307 
s 4
f 1538/15/314 1541/15/313 1530/15/311 
s 16
f 1531/15/310 1533/15/319 1539/15/317 
s 256
f 1526/15/309 1535/15/315 1536/15/316 
s 64
f 1540/15/318 1538/15/314 1529/15/312 
f 1536/15/316 1550/15/320 1542/15/325 
s 8
f 1543/15/323 1546/15/324 1541/15/313 
f 1533/15/319 1547/15/321 1544/15/322 
s 128
f 1545/15/326 1550/15/320 1536/15/316 
s 16
f 1542/15/325 1543/15/323 1538/15/314 
s 32
f 1539/15/317 1544/15/322 1545/15/326 
s 16
f 1548/15/331 1553/15/333 1544/15/322 
s 32
f 1549/15/330 1554/15/332 1550/15/320 
f 1551/15/329 1555/15/327 1543/15/323 
s 64
f 1553/15/333 1549/15/330 1545/15/326 
s 128
f 1554/15/332 1551/15/329 1542/15/325 
s 16
f 1555/15/327 1552/15/328 1546/15/324 
s 64
f 1551/15/329 1560/15/340 1556/15/338 
s 128
f 1559/15/334 1561/15/335 1549/15/330 
s 256
f 1554/15/332 1565/15/339 1560/15/340 
s 8
f 1556/15/338 1557/15/337 1552/15/328 
s 32
f 1548/15/331 1558/15/336 1559/15/334 
s 64
f 1561/15/335 1565/15/339 1554/15/332 
s 32
f 1563/15/346 1570/15/343 1561/15/335 
f 1564/15/344 1573/15/347 1560/15/340 
f 1566/15/342 1567/15/341 1557/15/337 
s 16
f 1562/15/345 1563/15/346 1559/15/334 
s 256
f 1561/15/335 1570/15/343 1564/15/344 
s 128
f 1560/15/340 1573/15/347 1566/15/342 
s 8
f 1568/15/349 1574/15/350 1567/15/341 
f 1562/15/345 1575/15/354 1569/15/348 
s 2
f 1570/15/343 1576/15/353 1571/15/351 
s 64
f 1572/15/352 1568/15/349 1566/15/342 
f 1563/15/346 1569/15/348 1576/15/353 
s 128
f 1564/15/344 1571/15/351 1572/15/352 
s 16
f 1577/15/360 1585/15/358 1569/15/348 
s 32
f 1576/15/353 1581/15/359 1578/15/356 
s 16
f 1579/15/357 1588/15/361 1568/15/349 
s 128
f 1569/15/348 1585/15/358 1581/15/359 
s 256
f 1578/15/356 1579/15/357 1572/15/352 
s 32
f 1568/15/349 1588/15/361 1580/15/355 
s 64
f 1584/15/367 1589/15/368 1581/15/359 
f 1578/15/356 1590/15/366 1586/15/364 
f 1587/15/365 1582/15/363 1580/15/355 
s 8
f 1577/15/360 1583/15/362 1584/15/367 
s 128
f 1589/15/368 1590/15/366 1578/15/356 
s 32
f 1579/15/357 1586/15/364 1587/15/365 
s 256
f 1415/15/193 1417/15/200 1589/15/368 
s 8
f 1590/15/366 1407/15/2 1409/15/198 
f 1410/15/196 1412/15/108 1582/15/363 
s 128
f 1413/15/125 1415/15/193 1584/15/367 
s 512
f 1589/15/368 1417/15/200 1407/15/2 
s 128
f 1586/15/364 1409/15/198 1410/15/196 
s 2
f 1591/21/370 1612/21/370 1592/22/370 
s 4
f 1594/23/371 1615/23/371 1595/24/371 
s 32
f 1597/25/372 1606/25/372 1598/26/372 
s 2
f 1600/27/373 1617/27/373 1601/28/373 
s 8
f 1603/29/1 1678/29/1 1604/29/1 
s 4
f 1606/25/1 1624/25/1 1607/25/1 
f 1609/23/26 1699/23/26 1610/23/26 
s 8
f 1612/21/1 1626/21/1 1613/21/1 
s 32
f 1615/23/1 1609/23/1 1611/23/1 
f 1617/30/1 1622/30/1 1618/30/1 
s 8
f 1610/23/2 1699/23/2 1620/23/2 
f 1622/30/14 1694/30/14 1623/30/14 
f 1624/25/20 1658/25/20 1625/25/20 
s 16
f 1626/21/8 1649/21/8 1627/21/8 
s 32
f 1628/25/374 1633/25/374 1629/25/374 
f 1623/30/2 1694/30/2 1631/30/2 
s 16
f 1625/25/2 1658/25/2 1633/25/2 
s 8
f 1627/21/2 1649/21/2 1634/21/2 
f 1636/8/2 1643/8/2 1637/8/2 
s 16
f 1635/21/375 1634/21/375 1639/21/375 
s 64
f 1621/23/218 1620/23/218 1641/23/218 
s 16
f 1632/30/344 1631/30/344 1643/30/344 
s 32
f 1644/21/344 1659/21/344 1639/21/344 
s 16
f 1645/25/218 1621/23/218 1642/23/218 
s 64
f 1639/10/2 1659/10/2 1647/10/2 
f 1648/21/2 1644/21/2 1634/21/2 
s 32
f 1650/21/14 1648/21/14 1649/21/14 
f 1651/25/2 1610/23/2 1621/23/2 
s 64
f 1612/21/1 1591/21/1 1650/21/1 
f 1616/23/1 1611/23/1 1652/25/1 
s 16
f 1611/23/26 1610/23/26 1651/25/26 
s 32
f 1653/31/1 1660/31/1 1654/31/1 
s 16
f 1595/24/372 1615/23/372 1616/23/372 
s 32
f 1619/30/370 1591/21/370 1593/22/370 
s 8
f 1601/32/370 1617/30/370 1619/30/370 
s 128
f 1652/25/26 1651/25/26 1658/25/26 
s 256
f 1606/25/1 1597/25/1 1652/25/1 
s 1
f 1651/25/2 1645/25/2 1633/25/2 
s 128
f 1645/25/218 1646/25/218 1629/25/218 
s 4
f 1632/30/344 1636/30/344 1659/21/344 
s 16
f 1659/10/2 1636/8/2 1638/8/2 
s 128
f 1623/30/2 1632/30/2 1644/21/2 
s 4
f 1618/30/14 1623/30/14 1648/21/14 
s 128
f 1591/21/1 1619/30/1 1618/30/1 
s 4
f 1660/31/1 1603/29/1 1605/29/1 
s 128
f 1656/24/372 1616/23/372 1597/25/372 
s 64
f 1661/31/376 1656/24/376 1662/24/376 
s 32
f 1664/33/370 1601/32/370 1657/32/370 
f 1666/29/377 1685/26/377 1667/26/377 
f 1669/31/372 1595/24/372 1656/24/372 
s 16
f 1602/28/373 1601/28/373 1664/34/373 
s 64
f 1599/26/372 1598/26/372 1671/29/372 
f 1596/24/371 1595/24/371 1669/31/371 
s 16
f 1593/22/370 1592/22/370 1674/35/370 
s 32
f 1675/35/370 1674/35/370 1676/35/370 
s 128
f 1673/31/371 1669/31/371 1653/31/371 
s 1
f 1672/29/372 1671/29/372 1678/29/372 
s 64
f 1670/34/373 1664/34/373 1679/34/373 
s 16
f 1653/31/372 1669/31/372 1661/31/372 
f 1665/33/370 1675/35/370 1677/35/370 
s 128
f 1679/33/370 1664/33/370 1665/33/370 
f 1660/31/372 1661/31/372 1672/29/372 
f 1666/29/373 1670/34/373 1680/34/373 
s 8
f 1676/35/371 1674/35/371 1682/35/371 
s 64
f 1674/35/371 1592/22/371 1684/22/371 
f 1685/26/378 1602/28/378 1686/28/378 
s 1
f 1687/36/1 1698/37/1 1681/37/1 
s 32
f 1647/10/2 1638/8/2 1688/25/2 
f 1683/36/1 1687/36/1 1677/36/1 
s 16
f 1640/10/2 1647/10/2 1689/23/2 
s 32
f 1691/23/375 1635/21/375 1640/21/375 
s 4
f 1638/8/2 1637/8/2 1630/25/2 
s 64
f 1692/23/2 1627/21/2 1635/21/2 
f 1693/27/2 1695/27/2 1631/27/2 
s 32
f 1695/27/374 1637/27/374 1643/27/374 
f 1613/21/8 1627/21/8 1692/23/8 
s 128
f 1697/27/20 1693/27/20 1694/27/20 
s 64
f 1614/21/1 1613/21/1 1696/23/1 
f 1617/27/1 1600/27/1 1697/27/1 
s 32
f 1698/37/1 1680/37/1 1679/37/1 
f 1608/25/373 1600/27/373 1602/28/373 
f 1592/22/371 1612/21/371 1614/21/371 
s 2
f 1598/26/373 1606/25/373 1608/25/373 
s 128
f 1615/23/1 1594/23/1 1696/23/1 
s 256
f 1696/23/8 1692/23/8 1699/23/8 
s 128
f 1692/23/2 1691/23/2 1620/23/2 
s 2
f 1688/25/2 1630/25/2 1629/25/2 
f 1691/23/375 1690/23/375 1641/23/375 
s 128
f 1690/23/2 1689/23/2 1642/23/2 
s 1
f 1689/23/2 1688/25/2 1646/25/2 
s 128
f 1671/29/373 1598/26/373 1685/26/373 
s 256
f 1678/29/373 1671/29/373 1666/29/373 
s 64
f 1683/35/371 1682/35/371 1673/31/371 
s 32
f 1670/34/379 1705/34/379 1686/28/379 
s 64
f 1654/31/1 1605/29/1 1698/37/1 
s 128
f 1655/31/1 1654/31/1 1687/36/1 
f 1625/25/2 1628/25/2 1695/27/2 
s 16
f 1628/25/374 1630/25/374 1637/27/374 
s 32
f 1607/25/20 1625/25/20 1693/27/20 
s 128
f 1600/27/1 1608/25/1 1607/25/1 
s 16
f 1605/29/1 1604/29/1 1680/37/1 
s 256
f 1684/22/371 1614/21/371 1594/23/371 
s 4
f 1663/38/372 1662/51/372 1700/39/372 
f 1702/41/370 1709/52/370 1703/42/370 
s 128
f 1667/39/373 1686/53/373 1705/44/373 
s 2
f 1706/42/371 1710/52/371 1707/45/371 
s 64
f 1675/35/380 1703/35/380 1709/22/380 
s 128
f 1596/24/381 1707/24/381 1710/22/381 
s 64
f 1665/33/382 1657/32/382 1702/32/382 
s 512
f 1670/34/383 1666/29/383 1668/29/383 
s 256
f 1673/31/384 1708/31/384 1707/24/384 
f 1675/35/385 1665/33/385 1704/33/385 
s 32
f 1682/35/386 1706/35/386 1708/31/386 
s 64
f 1672/29/387 1701/29/387 1700/26/387 
s 32
f 1599/26/388 1700/26/388 1662/24/388 
s 256
f 1661/31/389 1663/31/389 1701/29/389 
s 512
f 1682/35/83 1684/22/83 1710/22/83 
s 128
f 1657/32/390 1593/22/390 1709/22/390 
s 32
f 1714/18/393 1723/18/398 1715/18/394 
f 1717/47/59 1724/47/399 1718/18/152 
s 16
f 1720/47/396 1726/47/400 1721/47/201 
s 64
f 1712/18/391 1714/18/393 1716/18/395 
s 4
f 1723/18/398 1719/18/8 1718/18/152 
s 64
f 1722/47/397 1721/47/201 1724/47/399 
s 16
f 1716/18/395 1732/18/405 1727/18/401 
f 1715/18/394 1718/18/152 1728/18/73 
s 32
f 1721/47/201 1733/47/406 1730/47/403 
s 64
f 1715/18/394 1729/18/402 1732/18/405 
s 128
f 1724/47/399 1730/47/403 1728/18/73 
s 64
f 1726/47/400 1731/47/404 1733/47/406 
s 32
f 1729/18/402 1728/18/73 1734/18/407 
s 16
f 1730/47/403 1733/47/406 1736/47/409 
f 1729/18/402 1735/18/408 1740/18/413 
s 64
f 1730/47/403 1737/47/410 1734/18/407 
s 128
f 1733/47/406 1731/47/404 1738/47/411 
s 32
f 1732/18/405 1740/18/413 1739/18/412 
f 1735/18/408 1745/18/418 1742/18/415 
s 8
f 1737/47/410 1746/47/419 1743/18/416 
s 32
f 1738/47/411 1747/47/420 1744/47/417 
s 64
f 1740/18/413 1742/18/415 1741/18/414 
s 128
f 1734/18/407 1743/18/416 1745/18/418 
f 1737/47/410 1736/47/409 1744/47/417 
s 16
f 1746/47/419 1752/47/425 1748/18/421 
s 64
f 1747/47/420 1753/47/426 1749/47/422 
s 8
f 1742/18/415 1754/18/427 1750/18/423 
s 32
f 1743/18/416 1748/18/421 1751/18/424 
s 256
f 1746/47/419 1744/47/417 1749/47/422 
s 64
f 1745/18/418 1751/18/424 1754/18/427 
s 128
f 1754/18/427 1761/18/434 1755/18/428 
f 1751/18/424 1748/18/421 1756/18/429 
s 8
f 1752/47/425 1749/47/422 1758/47/431 
s 16
f 1751/18/424 1757/18/430 1761/18/434 
s 32
f 1752/47/425 1759/47/432 1756/18/429 
s 16
f 1753/47/426 1760/47/433 1758/47/431 
s 64
f 1759/47/432 1758/47/431 1762/47/435 
s 4
f 1757/18/430 1768/18/441 1766/18/439 
s 16
f 1759/47/432 1763/47/436 1767/18/440 
s 256
f 1760/47/433 1764/47/437 1762/47/435 
s 8
f 1761/18/434 1766/18/439 1765/18/438 
s 64
f 1756/18/429 1767/18/440 1768/18/441 
s 16
f 1768/18/441 1773/18/446 1770/18/443 
s 32
f 1763/47/436 1774/47/447 1771/18/444 
s 8
f 1764/47/437 1775/47/448 1772/47/445 
s 32
f 1765/18/438 1766/18/439 1770/18/443 
s 128
f 1768/18/441 1767/18/440 1771/18/444 
f 1762/47/435 1772/47/445 1774/47/447 
s 16
f 1775/47/448 1780/47/453 1776/47/449 
s 64
f 1770/18/443 1781/18/454 1777/18/450 
s 8
f 1771/18/444 1782/18/455 1778/18/451 
s 32
f 1772/47/445 1776/47/449 1779/47/452 
f 1773/18/446 1778/18/451 1781/18/454 
s 64
f 1774/47/447 1779/47/452 1782/18/455 
s 16
f 1781/18/454 1787/18/460 1783/18/456 
s 32
f 1782/18/455 1788/18/461 1784/18/457 
s 64
f 1776/47/449 1789/47/462 1785/47/458 
f 1778/18/451 1784/18/457 1787/18/460 
s 128
f 1782/18/455 1779/47/452 1785/47/458 
s 8
f 1776/47/449 1780/47/453 1786/47/459 
s 16
f 1784/18/457 1796/18/469 1792/18/465 
f 1788/18/461 1785/47/458 1793/47/466 
f 1786/47/459 1790/47/463 1795/47/468 
s 32
f 1787/18/460 1792/18/465 1791/18/464 
s 64
f 1788/18/461 1794/18/467 1796/18/469 
s 32
f 1789/47/462 1795/47/468 1793/47/466 
f 1796/18/469 1802/18/474 1797/18/273 
s 128
f 1794/18/467 1793/47/466 1798/47/470 
s 32
f 1790/47/463 1803/47/475 1800/47/472 
s 8
f 1792/18/465 1797/18/273 1801/18/473 
f 1794/18/467 1799/18/471 1802/18/474 
s 64
f 1793/47/466 1795/47/468 1800/47/472 
s 16
f 1797/18/273 1808/18/479 1804/18/476 
s 32
f 1799/18/471 1809/18/20 1805/18/477 
s 128
f 1800/47/472 1810/47/480 1806/47/44 
s 64
f 1797/18/273 1802/18/474 1805/18/477 
f 1799/18/471 1798/47/470 1806/47/44 
s 4
f 1803/47/475 1807/47/478 1810/47/480 
s 64
f 1809/18/20 1816/18/133 1811/18/481 
s 16
f 1810/47/480 1817/47/485 1812/47/482 
f 1805/18/477 1811/18/481 1815/18/289 
s 8
f 1806/47/44 1812/47/482 1816/18/133 
s 32
f 1810/47/480 1807/47/478 1813/47/483 
f 1804/18/476 1808/18/479 1815/18/289 
f 1811/18/481 1822/18/489 1819/18/487 
f 1812/47/482 1823/47/490 1820/18/85 
s 4
f 1813/47/483 1824/47/491 1821/47/488 
s 64
f 1815/18/289 1819/18/487 1818/18/486 
s 128
f 1816/18/133 1820/18/85 1822/18/489 
s 64
f 1817/47/485 1821/47/488 1823/47/490 
s 16
f 1820/18/85 1823/47/490 1825/47/492 
s 8
f 1824/47/491 1830/47/497 1827/47/494 
f 1819/18/487 1831/18/498 1828/18/495 
s 64
f 1820/18/85 1826/18/493 1829/18/496 
s 32
f 1821/47/488 1827/47/494 1825/47/492 
s 2
f 1822/18/489 1829/18/496 1831/18/498 
s 32
f 1828/18/495 1831/18/498 1832/18/499 
s 16
f 1826/18/493 1837/18/504 1834/18/501 
f 1827/47/494 1838/47/505 1835/47/502 
s 128
f 1829/18/496 1834/18/501 1832/18/499 
f 1826/18/493 1825/47/492 1835/47/502 
s 32
f 1830/47/497 1836/47/503 1838/47/505 
s 8
f 1838/47/505 1844/47/511 1839/47/506 
s 32
f 1834/18/501 1845/18/512 1842/18/509 
f 1835/47/502 1839/47/506 1843/18/510 
s 16
f 1836/47/503 1840/47/507 1844/47/511 
f 1832/18/499 1842/18/509 1841/18/508 
s 64
f 1837/18/504 1843/18/510 1845/18/512 
s 128
f 1845/18/512 1851/18/518 1847/18/514 
s 16
f 1843/18/510 1839/47/506 1848/47/515 
s 8
f 1840/47/507 1852/47/519 1850/47/517 
s 64
f 1842/18/509 1847/18/514 1846/18/513 
s 4
f 1843/18/510 1849/18/516 1851/18/518 
s 32
f 1844/47/511 1850/47/517 1848/47/515 
s 16
f 1852/48/519 1857/48/524 1853/48/520 
s 8
f 1847/49/514 1858/49/525 1854/49/521 
s 16
f 1849/49/516 1859/49/526 1855/49/522 
s 64
f 1850/48/517 1853/48/520 1856/48/523 
s 32
f 1851/49/518 1855/49/522 1858/49/525 
s 128
f 1849/49/516 1848/48/515 1856/48/523 
s 64
f 1854/49/521 1858/49/525 1860/49/527 
s 4
f 1859/49/526 1865/49/532 1862/49/529 
s 32
f 1853/48/520 1866/48/533 1863/48/530 
s 128
f 1858/49/525 1855/49/522 1862/49/529 
s 256
f 1859/49/526 1856/48/523 1863/48/530 
s 2
f 1857/48/524 1864/48/531 1866/48/533 
s 32
f 1860/49/527 1862/49/529 1869/49/536 
s 16
f 1865/49/532 1863/48/530 1871/48/538 
s 8
f 1864/48/531 1867/48/534 1873/48/540 
s 16
f 1860/49/527 1870/49/537 1868/49/535 
s 64
f 1865/49/532 1872/49/539 1869/49/536 
f 1866/48/533 1873/48/540 1871/48/538 
s 128
f 1870/49/537 1869/49/536 1874/18/541 
s 32
f 1872/49/539 1871/48/538 1876/47/543 
s 16
f 1873/48/540 1867/48/534 1878/47/545 
s 8
f 1870/49/537 1875/18/542 1880/18/547 
s 256
f 1872/49/539 1877/18/544 1874/18/541 
s 128
f 1873/48/540 1879/47/546 1876/47/543 
s 16
f 1880/18/547 1875/18/542 1881/18/548 
f 1877/18/544 1886/18/74 1883/18/550 
f 1879/47/546 1887/47/553 1884/47/551 
s 32
f 1875/18/542 1874/18/541 1883/18/550 
s 64
f 1877/18/544 1876/47/543 1884/47/551 
s 8
f 1878/47/545 1885/47/552 1887/47/553 
s 32
f 1886/18/74 1893/18/559 1888/18/554 
f 1887/47/553 1894/47/365 1889/47/555 
s 64
f 1881/18/548 1883/18/550 1888/18/554 
s 128
f 1886/18/74 1884/47/551 1889/47/555 
s 2
f 1885/47/552 1890/47/556 1894/47/365 
s 32
f 1881/18/548 1892/18/558 1891/18/557 
s 8
f 1888/18/554 1723/18/398 1714/18/393 
s 64
f 1893/18/559 1889/47/555 1717/47/59 
s 8
f 1890/47/556 1720/47/396 1722/47/397 
s 128
f 1892/18/558 1714/18/393 1712/18/391 
f 1893/18/559 1719/18/8 1723/18/398 
f 1894/47/365 1722/47/397 1717/47/59 
s 8
f 1959/16/78 1957/16/589 1960/16/13 
s 64
f 801/16/162 1961/16/18 1959/16/78 
s 8
f 1962/5/77 1955/5/588 1963/5/14 
s 256
f 800/5/161 1964/5/19 1962/5/77 
s 8
f 1965/9/76 1953/9/587 1966/9/15 
s 128
f 799/10/160 1967/10/20 1965/9/76 
s 8
f 1968/14/75 1951/14/586 1969/14/16 
s 32
f 798/14/159 1970/14/21 1968/14/75 
s 8
f 1971/3/74 1949/3/585 1972/3/17 
s 128
f 797/3/158 1973/3/22 1971/3/74 
s 4
f 1974/17/73 1947/50/584 1961/16/18 
s 32
f 796/17/157 1975/17/23 1974/17/73 
s 4
f 1976/6/72 1945/6/583 1964/5/19 
s 64
f 795/6/156 1977/6/24 1976/6/72 
s 2
f 1978/10/71 1943/10/582 1967/10/20 
s 32
f 794/10/155 1979/10/25 1978/10/71 
s 4
f 1980/14/70 1941/14/581 1970/14/21 
s 128
f 793/14/154 1981/15/26 1980/14/70 
s 2
f 1982/3/69 1939/3/580 1973/3/22 
s 32
f 792/3/153 1983/3/27 1982/3/69 
s 1
f 1984/17/68 1937/17/579 1975/17/23 
s 16
f 791/17/152 1985/17/28 1984/17/68 
s 8
f 1986/6/67 1935/6/578 1977/6/24 
s 32
f 790/6/151 1987/7/29 1986/6/67 
s 4
f 1988/10/98 1933/10/471 1979/10/25 
s 16
f 789/11/150 1989/11/30 1988/10/98 
s 8
f 1990/15/97 1931/15/577 1981/15/26 
s 16
f 788/15/149 1991/15/31 1990/15/97 
s 8
f 1992/19/96 1929/19/576 1983/3/27 
s 16
f 787/19/148 1993/4/32 1992/19/96 
s 4
f 1994/2/95 1927/17/575 1985/17/28 
s 64
f 786/2/147 1995/2/8 1994/2/95 
s 4
f 1996/7/94 1925/7/574 1987/7/29 
s 8
f 785/8/146 1997/8/33 1996/7/94 
f 1998/11/93 1923/11/573 1989/11/30 
s 128
f 784/11/145 1999/11/34 1998/11/93 
s 4
f 2000/15/92 1921/15/572 1991/15/31 
s 128
f 783/15/144 2001/15/4 2000/15/92 
s 4
f 2002/4/91 1919/4/571 1993/4/32 
s 128
f 782/4/143 2003/4/6 2002/4/91 
s 2
f 2004/8/90 1917/8/570 1997/8/33 
s 4
f 781/8/142 2005/8/10 2004/8/90 
f 2006/12/89 1915/11/569 1999/11/34 
s 32
f 780/12/141 2007/12/12 2006/12/89 
s 8
f 2008/18/88 1913/18/568 2001/15/4 
s 32
f 779/16/140 2009/16/3 2008/18/88 
s 8
f 2010/4/87 1911/4/567 2003/4/6 
s 64
f 778/4/139 2011/4/5 2010/4/87 
s 8
f 2012/2/86 1909/2/566 1995/2/8 
s 32
f 777/2/138 2013/2/7 2012/2/86 
s 8
f 2014/9/85 1907/8/565 2005/8/10 
s 16
f 776/9/137 2015/9/9 2014/9/85 
s 1
f 2016/13/84 1905/12/564 2007/12/12 
s 16
f 775/13/136 2017/13/11 2016/13/84 
s 1
f 2018/16/83 1903/16/563 2009/16/3 
s 16
f 774/16/135 1960/16/13 2018/16/83 
s 4
f 2019/5/82 1901/5/562 2011/4/5 
s 32
f 773/5/134 1963/5/14 2019/5/82 
s 4
f 2020/9/81 1899/9/561 2015/9/9 
s 64
f 772/9/133 1966/9/15 2020/9/81 
s 4
f 2021/13/80 1897/13/560 2017/13/11 
s 64
f 771/13/132 1969/14/16 2021/13/80 
s 4
f 2022/2/79 1895/2/559 2013/2/7 
s 16
f 770/20/131 1972/3/17 2022/2/79 
f 1960/16/13 2023/16/13 1904/16/135 
s 8
f 801/16/162 1959/16/78 2024/16/13 
s 4
f 796/17/157 1974/17/73 2025/16/18 
s 64
f 1961/16/18 2026/16/18 1958/16/162 
s 32
f 1963/5/14 2027/5/14 1902/5/134 
s 8
f 800/5/161 1962/5/77 2028/5/14 
s 4
f 795/6/156 1976/6/72 2029/5/19 
s 256
f 1964/5/19 2030/5/19 1956/5/161 
s 64
f 1966/9/15 2031/9/15 1900/9/133 
s 8
f 799/10/160 1965/9/76 2032/9/15 
s 2
f 794/10/155 1978/10/71 2033/10/20 
s 128
f 1967/10/20 2034/10/20 1954/10/160 
s 64
f 1969/14/16 2035/14/16 1898/13/132 
s 8
f 798/14/159 1968/14/75 2036/14/16 
s 4
f 793/14/154 1980/14/70 2037/14/21 
s 32
f 1970/14/21 2038/14/21 1952/14/159 
s 16
f 1972/3/17 2039/3/17 1896/20/131 
s 8
f 797/3/158 1971/3/74 2040/3/17 
s 2
f 792/3/153 1982/3/69 2041/3/22 
s 128
f 1973/3/22 2042/3/22 1950/3/158 
s 1
f 791/17/152 1984/17/68 2043/17/23 
s 32
f 1975/17/23 2044/17/23 1948/17/157 
s 8
f 790/6/151 1986/6/67 2045/6/24 
s 64
f 1977/6/24 2046/6/24 1946/6/156 
s 4
f 789/11/150 1988/10/98 2047/10/25 
s 32
f 1979/10/25 2048/10/25 1944/10/155 
s 8
f 788/15/149 1990/15/97 2049/15/26 
s 128
f 1981/15/26 2050/15/26 1942/14/154 
s 8
f 787/19/148 1992/19/96 2051/3/27 
s 32
f 1983/3/27 2052/3/27 1940/3/153 
s 4
f 786/2/147 1994/2/95 2053/17/28 
s 16
f 1985/17/28 2054/17/28 1938/17/152 
s 4
f 785/8/146 1996/7/94 2055/7/29 
s 32
f 1987/7/29 2056/7/29 1936/6/151 
s 8
f 784/11/145 1998/11/93 2057/11/30 
s 16
f 1989/11/30 2058/11/30 1934/11/150 
s 4
f 783/15/144 2000/15/92 2059/15/31 
s 16
f 1991/15/31 2060/15/31 1932/15/149 
s 4
f 782/4/143 2002/4/91 2061/4/32 
s 16
f 1993/4/32 2062/4/32 1930/19/148 
s 8
f 777/2/138 2012/2/86 2063/2/8 
s 64
f 1995/2/8 2064/2/8 1928/2/147 
s 2
f 781/8/142 2004/8/90 2065/8/33 
s 8
f 1997/8/33 2066/8/33 1926/8/146 
s 4
f 780/12/141 2006/12/89 2067/11/34 
s 128
f 1999/11/34 2068/11/34 1924/11/145 
s 8
f 779/16/140 2008/18/88 2069/15/4 
s 128
f 2001/15/4 2070/15/4 1922/15/144 
s 8
f 778/4/139 2010/4/87 2071/4/6 
s 128
f 2003/4/6 2072/4/6 1920/4/143 
s 8
f 776/9/137 2014/9/85 2073/8/10 
s 4
f 2005/8/10 2074/8/10 1918/8/142 
s 1
f 775/13/136 2016/13/84 2075/12/12 
s 32
f 2007/12/12 2076/12/12 1916/12/141 
s 1
f 774/16/135 2018/16/83 2077/16/3 
s 32
f 2009/16/3 2078/16/3 1914/16/140 
s 4
f 773/5/134 2019/5/82 2079/4/5 
s 64
f 2011/4/5 2080/4/5 1912/4/139 
s 4
f 770/20/131 2022/2/79 2081/2/7 
s 32
f 2013/2/7 2082/2/7 1910/2/138 
s 4
f 772/9/133 2020/9/81 2083/9/9 
s 16
f 2015/9/9 2084/9/9 1908/9/137 
s 4
f 771/13/132 2021/13/80 2085/13/11 
s 16
f 2017/13/11 2086/13/11 1906/13/136 
s 64
f 758/16/18 2025/16/18 801/16/162 
s 8
f 2024/16/13 1959/16/78 1960/16/13 
s 64
f 1961/16/18 1958/16/162 1959/16/78 
f 1958/16/162 858/16/18 864/16/13 
s 256
f 757/5/19 2029/5/19 800/5/161 
s 8
f 2028/5/14 1962/5/77 1963/5/14 
s 256
f 1964/5/19 1956/5/161 1962/5/77 
f 1955/5/588 855/5/19 808/5/14 
s 128
f 756/10/20 2033/10/20 799/10/160 
s 8
f 2032/9/15 1965/9/76 1966/9/15 
s 128
f 1967/10/20 1954/10/160 1965/9/76 
f 1953/9/587 854/10/20 805/9/15 
s 32
f 755/14/21 2037/14/21 798/14/159 
s 8
f 2036/14/16 1968/14/75 1969/14/16 
s 32
f 1970/14/21 1952/14/159 1968/14/75 
f 1951/14/586 852/14/21 861/14/16 
s 128
f 754/3/22 2041/3/22 797/3/158 
s 8
f 2040/3/17 1971/3/74 1972/3/17 
s 128
f 1973/3/22 1950/3/158 1971/3/74 
f 1950/3/158 849/3/22 860/3/17 
s 32
f 753/17/23 2043/17/23 796/17/157 
s 4
f 2025/16/18 1974/17/73 1961/16/18 
s 32
f 1975/17/23 1948/17/157 1974/17/73 
f 1948/17/157 848/17/23 858/16/18 
s 64
f 752/6/24 2045/6/24 795/6/156 
s 4
f 2029/5/19 1976/6/72 1964/5/19 
s 64
f 1977/6/24 1946/6/156 1976/6/72 
f 1945/6/583 846/6/24 855/5/19 
s 32
f 751/10/25 2047/10/25 794/10/155 
s 2
f 2033/10/20 1978/10/71 1967/10/20 
s 32
f 1979/10/25 1944/10/155 1978/10/71 
f 1943/10/582 844/10/25 854/10/20 
s 128
f 750/15/26 2049/15/26 793/14/154 
s 4
f 2037/14/21 1980/14/70 1970/14/21 
s 128
f 1981/15/26 1942/14/154 1980/14/70 
f 1941/14/581 841/15/26 852/14/21 
s 32
f 749/3/27 2051/3/27 792/3/153 
s 2
f 2041/3/22 1982/3/69 1973/3/22 
s 32
f 1983/3/27 1940/3/153 1982/3/69 
f 1940/3/153 840/3/27 849/3/22 
s 16
f 748/17/28 2053/17/28 791/17/152 
s 1
f 2043/17/23 1984/17/68 1975/17/23 
s 16
f 1985/17/28 1938/17/152 1984/17/68 
f 1938/17/152 838/17/28 848/17/23 
s 32
f 747/7/29 2055/7/29 790/6/151 
s 8
f 2045/6/24 1986/6/67 1977/6/24 
s 32
f 1987/7/29 1936/6/151 1986/6/67 
f 1935/6/578 835/7/29 846/6/24 
s 16
f 746/11/30 2057/11/30 789/11/150 
s 4
f 2047/10/25 1988/10/98 1979/10/25 
s 16
f 1989/11/30 1934/11/150 1988/10/98 
f 1933/10/471 834/11/30 844/10/25 
f 745/15/31 2059/15/31 788/15/149 
s 8
f 2049/15/26 1990/15/97 1981/15/26 
s 16
f 1991/15/31 1932/15/149 1990/15/97 
f 1932/15/149 832/15/31 841/15/26 
f 744/4/32 2061/4/32 787/19/148 
s 8
f 2051/3/27 1992/19/96 1983/3/27 
s 16
f 1993/4/32 1930/19/148 1992/19/96 
f 1930/19/148 829/4/32 840/3/27 
s 64
f 738/2/8 2063/2/8 786/2/147 
s 4
f 2053/17/28 1994/2/95 1985/17/28 
s 64
f 1995/2/8 1928/2/147 1994/2/95 
f 1928/2/147 818/2/8 838/17/28 
s 8
f 743/8/33 2065/8/33 785/8/146 
s 4
f 2055/7/29 1996/7/94 1987/7/29 
s 8
f 1997/8/33 1926/8/146 1996/7/94 
f 1925/7/574 828/8/33 835/7/29 
s 128
f 741/11/34 2067/11/34 784/11/145 
s 8
f 2057/11/30 1998/11/93 1989/11/30 
s 128
f 1999/11/34 1924/11/145 1998/11/93 
f 1923/11/573 825/11/34 834/11/30 
f 740/15/4 2069/15/4 783/15/144 
s 4
f 2059/15/31 2000/15/92 1991/15/31 
s 128
f 2001/15/4 1922/15/144 2000/15/92 
f 1922/15/144 824/15/4 832/15/31 
f 739/4/6 2071/4/6 782/4/143 
s 4
f 2061/4/32 2002/4/91 1993/4/32 
s 128
f 2003/4/6 1920/4/143 2002/4/91 
f 1920/4/143 822/4/6 829/4/32 
s 4
f 742/8/10 2073/8/10 781/8/142 
s 2
f 2065/8/33 2004/8/90 1997/8/33 
s 4
f 2005/8/10 1918/8/142 2004/8/90 
f 1917/8/570 816/8/10 828/8/33 
s 32
f 769/12/12 2075/12/12 780/12/141 
s 4
f 2067/11/34 2006/12/89 1999/11/34 
s 32
f 2007/12/12 1916/12/141 2006/12/89 
f 1915/11/569 815/12/12 825/11/34 
f 768/16/3 2077/16/3 779/16/140 
s 8
f 2069/15/4 2008/18/88 2001/15/4 
s 32
f 2009/16/3 1914/16/140 2008/18/88 
f 1914/16/140 811/16/3 824/15/4 
s 64
f 767/4/5 2079/4/5 778/4/139 
s 8
f 2071/4/6 2010/4/87 2003/4/6 
s 64
f 2011/4/5 1912/4/139 2010/4/87 
f 1912/4/139 810/4/5 822/4/6 
s 32
f 764/2/7 2081/2/7 777/2/138 
s 8
f 2063/2/8 2012/2/86 1995/2/8 
s 32
f 2013/2/7 1910/2/138 2012/2/86 
f 1910/2/138 865/2/7 818/2/8 
s 16
f 766/9/9 2083/9/9 776/9/137 
s 8
f 2073/8/10 2014/9/85 2005/8/10 
s 16
f 2015/9/9 1908/9/137 2014/9/85 
f 1907/8/565 807/9/9 816/8/10 
f 765/13/11 2085/13/11 775/13/136 
s 1
f 2075/12/12 2016/13/84 2007/12/12 
s 16
f 2017/13/11 1906/13/136 2016/13/84 
f 1905/12/564 802/13/11 815/12/12 
f 763/16/13 2024/16/13 774/16/135 
s 1
f 2077/16/3 2018/16/83 2009/16/3 
s 16
f 1960/16/13 1904/16/135 2018/16/83 
f 1904/16/135 864/16/13 811/16/3 
s 32
f 762/5/14 2028/5/14 773/5/134 
s 4
f 2079/4/5 2019/5/82 2011/4/5 
s 32
f 1963/5/14 1902/5/134 2019/5/82 
f 1902/5/134 808/5/14 810/4/5 
s 64
f 761/9/15 2032/9/15 772/9/133 
s 4
f 2083/9/9 2020/9/81 2015/9/9 
s 64
f 1966/9/15 1900/9/133 2020/9/81 
f 1899/9/561 805/9/15 807/9/9 
f 760/14/16 2036/14/16 771/13/132 
s 4
f 2085/13/11 2021/13/80 2017/13/11 
s 64
f 1969/14/16 1898/13/132 2021/13/80 
f 1897/13/560 861/14/16 802/13/11 
s 16
f 759/3/17 2040/3/17 770/20/131 
s 4
f 2081/2/7 2022/2/79 2013/2/7 
s 16
f 1972/3/17 1896/20/131 2022/2/79 
f 1896/20/131 860/3/17 865/2/7 
s 64
f 1959/16/78 1958/16/162 1957/16/589 
s 8
f 1957/16/589 864/16/13 2023/16/13 
s 32
f 1974/17/73 1948/17/157 1947/50/584 
s 4
f 1947/50/584 858/16/18 2026/16/18 
s 256
f 1962/5/77 1956/5/161 1955/5/588 
s 8
f 1955/5/588 808/5/14 2027/5/14 
s 64
f 1976/6/72 1946/6/156 1945/6/583 
s 4
f 1945/6/583 855/5/19 2030/5/19 
s 128
f 1965/9/76 1954/10/160 1953/9/587 
s 8
f 1953/9/587 805/9/15 2031/9/15 
s 32
f 1978/10/71 1944/10/155 1943/10/582 
s 2
f 1943/10/582 854/10/20 2034/10/20 
s 32
f 1968/14/75 1952/14/159 1951/14/586 
s 8
f 1951/14/586 861/14/16 2035/14/16 
s 128
f 1980/14/70 1942/14/154 1941/14/581 
s 4
f 1941/14/581 852/14/21 2038/14/21 
s 128
f 1971/3/74 1950/3/158 1949/3/585 
s 8
f 1949/3/585 860/3/17 2039/3/17 
s 32
f 1982/3/69 1940/3/153 1939/3/580 
s 2
f 1939/3/580 849/3/22 2042/3/22 
s 16
f 1984/17/68 1938/17/152 1937/17/579 
s 1
f 1937/17/579 848/17/23 2044/17/23 
s 32
f 1986/6/67 1936/6/151 1935/6/578 
s 8
f 1935/6/578 846/6/24 2046/6/24 
s 16
f 1988/10/98 1934/11/150 1933/10/471 
s 4
f 1933/10/471 844/10/25 2048/10/25 
s 16
f 1990/15/97 1932/15/149 1931/15/577 
s 8
f 1931/15/577 841/15/26 2050/15/26 
s 16
f 1992/19/96 1930/19/148 1929/19/576 
s 8
f 1929/19/576 840/3/27 2052/3/27 
s 64
f 1994/2/95 1928/2/147 1927/17/575 
s 4
f 1927/17/575 838/17/28 2054/17/28 
s 8
f 1996/7/94 1926/8/146 1925/7/574 
s 4
f 1925/7/574 835/7/29 2056/7/29 
s 128
f 1998/11/93 1924/11/145 1923/11/573 
s 8
f 1923/11/573 834/11/30 2058/11/30 
s 128
f 2000/15/92 1922/15/144 1921/15/572 
s 4
f 1921/15/572 832/15/31 2060/15/31 
s 128
f 2002/4/91 1920/4/143 1919/4/571 
s 4
f 1919/4/571 829/4/32 2062/4/32 
s 32
f 2012/2/86 1910/2/138 1909/2/566 
s 8
f 1909/2/566 818/2/8 2064/2/8 
s 4
f 2004/8/90 1918/8/142 1917/8/570 
s 2
f 1917/8/570 828/8/33 2066/8/33 
s 32
f 2006/12/89 1916/12/141 1915/11/569 
s 4
f 1915/11/569 825/11/34 2068/11/34 
s 32
f 2008/18/88 1914/16/140 1913/18/568 
s 8
f 1913/18/568 824/15/4 2070/15/4 
s 64
f 2010/4/87 1912/4/139 1911/4/567 
s 8
f 1911/4/567 822/4/6 2072/4/6 
s 16
f 2014/9/85 1908/9/137 1907/8/565 
s 8
f 1907/8/565 816/8/10 2074/8/10 
s 16
f 2016/13/84 1906/13/136 1905/12/564 
s 1
f 1905/12/564 815/12/12 2076/12/12 
s 16
f 2018/16/83 1904/16/135 1903/16/563 
s 1
f 1903/16/563 811/16/3 2078/16/3 
s 32
f 2019/5/82 1902/5/134 1901/5/562 
s 4
f 1901/5/562 810/4/5 2080/4/5 
s 16
f 2022/2/79 1896/20/131 1895/2/559 
s 4
f 1895/2/559 865/2/7 2082/2/7 
s 64
f 2020/9/81 1900/9/133 1899/9/561 
s 4
f 1899/9/561 807/9/9 2084/9/9 
s 64
f 2021/13/80 1898/13/132 1897/13/560 
s 4
f 1897/13/560 802/13/11 2086/13/11 
f 796/17/157 2025/16/18 758/16/18 
s 64
f 2025/16/18 1961/16/18 801/16/162 
s 16
f 2024/16/13 1960/16/13 774/16/135 
s 8
f 801/16/162 2024/16/13 763/16/13 
s 4
f 1947/50/584 2026/16/18 1961/16/18 
s 64
f 2026/16/18 858/16/18 1958/16/162 
s 4
f 795/6/156 2029/5/19 757/5/19 
s 256
f 2029/5/19 1964/5/19 800/5/161 
s 32
f 2028/5/14 1963/5/14 773/5/134 
s 8
f 800/5/161 2028/5/14 762/5/14 
s 4
f 1945/6/583 2030/5/19 1964/5/19 
s 256
f 2030/5/19 855/5/19 1956/5/161 
s 2
f 794/10/155 2033/10/20 756/10/20 
s 128
f 2033/10/20 1967/10/20 799/10/160 
s 64
f 2032/9/15 1966/9/15 772/9/133 
s 8
f 799/10/160 2032/9/15 761/9/15 
s 2
f 1943/10/582 2034/10/20 1967/10/20 
s 128
f 2034/10/20 854/10/20 1954/10/160 
s 4
f 793/14/154 2037/14/21 755/14/21 
s 32
f 2037/14/21 1970/14/21 798/14/159 
s 64
f 2036/14/16 1969/14/16 771/13/132 
s 8
f 798/14/159 2036/14/16 760/14/16 
s 4
f 1941/14/581 2038/14/21 1970/14/21 
s 32
f 2038/14/21 852/14/21 1952/14/159 
s 2
f 792/3/153 2041/3/22 754/3/22 
s 128
f 2041/3/22 1973/3/22 797/3/158 
s 16
f 2040/3/17 1972/3/17 770/20/131 
s 8
f 797/3/158 2040/3/17 759/3/17 
s 2
f 1939/3/580 2042/3/22 1973/3/22 
s 128
f 2042/3/22 849/3/22 1950/3/158 
s 1
f 791/17/152 2043/17/23 753/17/23 
s 32
f 2043/17/23 1975/17/23 796/17/157 
s 1
f 1937/17/579 2044/17/23 1975/17/23 
s 32
f 2044/17/23 848/17/23 1948/17/157 
s 8
f 790/6/151 2045/6/24 752/6/24 
s 64
f 2045/6/24 1977/6/24 795/6/156 
s 8
f 1935/6/578 2046/6/24 1977/6/24 
s 64
f 2046/6/24 846/6/24 1946/6/156 
s 4
f 789/11/150 2047/10/25 751/10/25 
s 32
f 2047/10/25 1979/10/25 794/10/155 
s 4
f 1933/10/471 2048/10/25 1979/10/25 
s 32
f 2048/10/25 844/10/25 1944/10/155 
s 8
f 788/15/149 2049/15/26 750/15/26 
s 128
f 2049/15/26 1981/15/26 793/14/154 
s 8
f 1931/15/577 2050/15/26 1981/15/26 
s 128
f 2050/15/26 841/15/26 1942/14/154 
s 8
f 787/19/148 2051/3/27 749/3/27 
s 32
f 2051/3/27 1983/3/27 792/3/153 
s 8
f 1929/19/576 2052/3/27 1983/3/27 
s 32
f 2052/3/27 840/3/27 1940/3/153 
s 4
f 786/2/147 2053/17/28 748/17/28 
s 16
f 2053/17/28 1985/17/28 791/17/152 
s 4
f 1927/17/575 2054/17/28 1985/17/28 
s 16
f 2054/17/28 838/17/28 1938/17/152 
s 4
f 785/8/146 2055/7/29 747/7/29 
s 32
f 2055/7/29 1987/7/29 790/6/151 
s 4
f 1925/7/574 2056/7/29 1987/7/29 
s 32
f 2056/7/29 835/7/29 1936/6/151 
s 8
f 784/11/145 2057/11/30 746/11/30 
s 16
f 2057/11/30 1989/11/30 789/11/150 
s 8
f 1923/11/573 2058/11/30 1989/11/30 
s 16
f 2058/11/30 834/11/30 1934/11/150 
s 4
f 783/15/144 2059/15/31 745/15/31 
s 16
f 2059/15/31 1991/15/31 788/15/149 
s 4
f 1921/15/572 2060/15/31 1991/15/31 
s 16
f 2060/15/31 832/15/31 1932/15/149 
s 4
f 782/4/143 2061/4/32 744/4/32 
s 16
f 2061/4/32 1993/4/32 787/19/148 
s 4
f 1919/4/571 2062/4/32 1993/4/32 
s 16
f 2062/4/32 829/4/32 1930/19/148 
s 8
f 777/2/138 2063/2/8 738/2/8 
s 64
f 2063/2/8 1995/2/8 786/2/147 
s 8
f 1909/2/566 2064/2/8 1995/2/8 
s 64
f 2064/2/8 818/2/8 1928/2/147 
s 2
f 781/8/142 2065/8/33 743/8/33 
s 8
f 2065/8/33 1997/8/33 785/8/146 
s 2
f 1917/8/570 2066/8/33 1997/8/33 
s 8
f 2066/8/33 828/8/33 1926/8/146 
s 4
f 780/12/141 2067/11/34 741/11/34 
s 128
f 2067/11/34 1999/11/34 784/11/145 
s 4
f 1915/11/569 2068/11/34 1999/11/34 
s 128
f 2068/11/34 825/11/34 1924/11/145 
s 8
f 779/16/140 2069/15/4 740/15/4 
s 128
f 2069/15/4 2001/15/4 783/15/144 
s 8
f 1913/18/568 2070/15/4 2001/15/4 
s 128
f 2070/15/4 824/15/4 1922/15/144 
s 8
f 778/4/139 2071/4/6 739/4/6 
s 128
f 2071/4/6 2003/4/6 782/4/143 
s 8
f 1911/4/567 2072/4/6 2003/4/6 
s 128
f 2072/4/6 822/4/6 1920/4/143 
s 8
f 776/9/137 2073/8/10 742/8/10 
s 4
f 2073/8/10 2005/8/10 781/8/142 
s 8
f 1907/8/565 2074/8/10 2005/8/10 
s 4
f 2074/8/10 816/8/10 1918/8/142 
s 1
f 775/13/136 2075/12/12 769/12/12 
s 32
f 2075/12/12 2007/12/12 780/12/141 
s 1
f 1905/12/564 2076/12/12 2007/12/12 
s 32
f 2076/12/12 815/12/12 1916/12/141 
s 1
f 774/16/135 2077/16/3 768/16/3 
s 32
f 2077/16/3 2009/16/3 779/16/140 
s 1
f 1903/16/563 2078/16/3 2009/16/3 
s 32
f 2078/16/3 811/16/3 1914/16/140 
s 4
f 773/5/134 2079/4/5 767/4/5 
s 64
f 2079/4/5 2011/4/5 778/4/139 
s 4
f 1901/5/562 2080/4/5 2011/4/5 
s 64
f 2080/4/5 810/4/5 1912/4/139 
s 4
f 770/20/131 2081/2/7 764/2/7 
s 32
f 2081/2/7 2013/2/7 777/2/138 
s 4
f 1895/2/559 2082/2/7 2013/2/7 
s 32
f 2082/2/7 865/2/7 1910/2/138 
s 4
f 772/9/133 2083/9/9 766/9/9 
s 16
f 2083/9/9 2015/9/9 776/9/137 
s 4
f 1899/9/561 2084/9/9 2015/9/9 
s 16
f 2084/9/9 807/9/9 1908/9/137 
s 4
f 771/13/132 2085/13/11 765/13/11 
s 16
f 2085/13/11 2017/13/11 775/13/136 
s 4
f 1897/13/560 2086/13/11 2017/13/11 
s 16
f 2086/13/11 802/13/11 1906/13/136 
s 8
f 1957/16/589 2023/16/13 1960/16/13 
s 16
f 2023/16/13 864/16/13 1904/16/135 
s 8
f 1955/5/588 2027/5/14 1963/5/14 
s 32
f 2027/5/14 808/5/14 1902/5/134 
s 8
f 1953/9/587 2031/9/15 1966/9/15 
s 64
f 2031/9/15 805/9/15 1900/9/133 
s 8
f 1951/14/586 2035/14/16 1969/14/16 
s 64
f 2035/14/16 861/14/16 1898/13/132 
s 8
f 1949/3/585 2039/3/17 1972/3/17 
s 16
f 2039/3/17 860/3/17 1896/20/131 
s 8
f 385/10/98 386/10/25 2087/10/25 
s 64
f 343/11/30 2088/11/30 385/10/98 
s 2
f 384/15/97 443/15/26 2089/15/26 
s 64
f 342/15/31 2090/15/31 384/15/97 
s 8
f 383/19/96 442/3/27 2091/3/27 
s 32
f 341/4/32 2092/4/32 383/19/96 
s 16
f 382/2/95 440/17/28 2093/17/28 
s 8
f 336/2/8 2094/2/8 382/2/95 
f 381/7/94 437/7/29 2095/7/29 
s 64
f 340/8/33 2096/8/33 381/7/94 
s 4
f 380/11/93 436/11/30 2088/11/30 
s 16
f 339/11/34 2097/11/34 380/11/93 
s 4
f 379/15/92 433/15/31 2090/15/31 
s 8
f 338/15/4 2098/15/4 379/15/92 
s 4
f 378/4/91 431/4/32 2092/4/32 
s 16
f 337/4/6 2099/4/6 378/4/91 
s 4
f 377/8/90 430/8/33 2096/8/33 
s 16
f 335/8/10 2100/8/10 377/8/90 
s 8
f 376/12/89 427/11/34 2097/11/34 
s 64
f 334/12/12 2101/12/12 376/12/89 
s 2
f 375/18/88 426/15/4 2098/15/4 
s 32
f 333/16/3 2102/16/3 375/18/88 
s 8
f 374/4/87 424/4/6 2099/4/6 
s 64
f 332/4/5 2103/4/5 374/4/87 
s 1
f 373/2/86 421/2/8 2094/2/8 
s 32
f 329/2/7 2104/2/7 373/2/86 
s 8
f 372/9/85 419/8/10 2100/8/10 
s 64
f 331/9/9 2105/9/9 372/9/85 
s 4
f 371/13/84 418/12/12 2101/12/12 
s 16
f 330/13/11 2106/13/11 371/13/84 
s 8
f 370/16/83 415/16/3 2102/16/3 
s 16
f 328/16/13 2107/16/13 370/16/83 
s 4
f 369/5/82 414/4/5 2103/4/5 
s 8
f 326/5/14 2108/5/14 369/5/82 
s 4
f 368/9/81 412/9/9 2105/9/9 
s 16
f 325/9/15 2109/9/15 368/9/81 
s 8
f 367/13/80 409/13/11 2106/13/11 
s 64
f 324/14/16 2110/14/16 367/13/80 
s 8
f 366/2/79 407/2/7 2104/2/7 
s 16
f 323/3/17 2111/3/17 366/2/79 
s 2
f 365/16/78 406/16/13 2107/16/13 
s 32
f 327/16/18 2112/16/18 365/16/78 
s 2
f 364/5/77 403/5/14 2108/5/14 
s 16
f 353/5/19 2113/5/19 364/5/77 
s 8
f 363/9/76 402/9/15 2109/9/15 
s 32
f 352/10/20 2114/10/20 363/9/76 
s 1
f 362/14/75 400/14/16 2110/14/16 
s 32
f 351/14/21 2115/14/21 362/14/75 
s 4
f 361/3/74 397/3/17 2111/3/17 
s 128
f 322/3/22 2116/3/22 361/3/74 
s 4
f 360/17/73 392/16/18 2112/16/18 
s 16
f 350/17/23 2117/17/23 360/17/73 
s 4
f 359/6/72 389/5/19 2113/5/19 
s 8
f 349/6/24 2118/6/24 359/6/72 
s 4
f 358/10/71 388/10/20 2114/10/20 
s 16
f 348/10/25 2087/10/25 358/10/71 
s 4
f 357/14/70 398/14/21 2115/14/21 
s 16
f 347/15/26 2089/15/26 357/14/70 
s 2
f 356/3/69 395/3/22 2116/3/22 
s 16
f 346/3/27 2091/3/27 356/3/69 
s 2
f 355/17/68 447/17/23 2117/17/23 
s 32
f 345/17/28 2093/17/28 355/17/68 
s 2
f 354/6/67 446/6/24 2118/6/24 
s 32
f 344/7/29 2095/7/29 354/6/67 
s 16
f 2087/10/25 386/10/25 358/10/71 
s 8
f 385/10/98 2087/10/25 348/10/25 
s 4
f 380/11/93 2088/11/30 343/11/30 
s 64
f 2088/11/30 436/11/30 385/10/98 
s 16
f 2089/15/26 443/15/26 357/14/70 
s 2
f 384/15/97 2089/15/26 347/15/26 
s 4
f 379/15/92 2090/15/31 342/15/31 
s 64
f 2090/15/31 433/15/31 384/15/97 
s 16
f 2091/3/27 442/3/27 356/3/69 
s 8
f 383/19/96 2091/3/27 346/3/27 
s 4
f 378/4/91 2092/4/32 341/4/32 
s 32
f 2092/4/32 431/4/32 383/19/96 
f 2093/17/28 440/17/28 355/17/68 
s 16
f 382/2/95 2093/17/28 345/17/28 
s 1
f 373/2/86 2094/2/8 336/2/8 
s 8
f 2094/2/8 421/2/8 382/2/95 
s 32
f 2095/7/29 437/7/29 354/6/67 
s 8
f 381/7/94 2095/7/29 344/7/29 
s 4
f 377/8/90 2096/8/33 340/8/33 
s 64
f 2096/8/33 430/8/33 381/7/94 
s 8
f 376/12/89 2097/11/34 339/11/34 
s 16
f 2097/11/34 427/11/34 380/11/93 
s 2
f 375/18/88 2098/15/4 338/15/4 
s 8
f 2098/15/4 426/15/4 379/15/92 
f 374/4/87 2099/4/6 337/4/6 
s 16
f 2099/4/6 424/4/6 378/4/91 
s 8
f 372/9/85 2100/8/10 335/8/10 
s 16
f 2100/8/10 419/8/10 377/8/90 
s 4
f 371/13/84 2101/12/12 334/12/12 
s 64
f 2101/12/12 418/12/12 376/12/89 
s 8
f 370/16/83 2102/16/3 333/16/3 
s 32
f 2102/16/3 415/16/3 375/18/88 
s 4
f 369/5/82 2103/4/5 332/4/5 
s 64
f 2103/4/5 414/4/5 374/4/87 
s 8
f 366/2/79 2104/2/7 329/2/7 
s 32
f 2104/2/7 407/2/7 373/2/86 
s 4
f 368/9/81 2105/9/9 331/9/9 
s 64
f 2105/9/9 412/9/9 372/9/85 
s 8
f 367/13/80 2106/13/11 330/13/11 
s 16
f 2106/13/11 409/13/11 371/13/84 
s 2
f 365/16/78 2107/16/13 328/16/13 
s 16
f 2107/16/13 406/16/13 370/16/83 
s 2
f 364/5/77 2108/5/14 326/5/14 
s 8
f 2108/5/14 403/5/14 369/5/82 
f 363/9/76 2109/9/15 325/9/15 
s 16
f 2109/9/15 402/9/15 368/9/81 
s 1
f 362/14/75 2110/14/16 324/14/16 
s 64
f 2110/14/16 400/14/16 367/13/80 
s 4
f 361/3/74 2111/3/17 323/3/17 
s 16
f 2111/3/17 397/3/17 366/2/79 
s 4
f 360/17/73 2112/16/18 327/16/18 
s 32
f 2112/16/18 392/16/18 365/16/78 
s 4
f 359/6/72 2113/5/19 353/5/19 
s 16
f 2113/5/19 389/5/19 364/5/77 
s 4
f 358/10/71 2114/10/20 352/10/20 
s 32
f 2114/10/20 388/10/20 363/9/76 
s 4
f 357/14/70 2115/14/21 351/14/21 
s 32
f 2115/14/21 398/14/21 362/14/75 
s 2
f 356/3/69 2116/3/22 322/3/22 
s 128
f 2116/3/22 395/3/22 361/3/74 
s 2
f 355/17/68 2117/17/23 350/17/23 
s 16
f 2117/17/23 447/17/23 360/17/73 
s 2
f 354/6/67 2118/6/24 349/6/24 
s 8
f 2118/6/24 446/6/24 359/6/72 
# 4208 faces

