# 3ds Max Wavefront OBJ Exporter v0.99 - (c)2007 guruware
# File Created: 26.03.2025 21:26:35

mtllib LlantaIzqTras.mtl

#
# object DrawCall_0182
#

v  4.8694 -1.3245 -2.0817
v  4.7141 -1.2750 -2.2311
v  4.9114 -0.3208 -2.2309
v  5.0736 -0.3368 -2.0815
v  4.9061 0.6535 -2.2321
v  5.0682 0.6717 -2.0828
v  4.6986 1.6055 -2.2348
v  4.8533 1.6571 -2.0855
v  4.5138 -1.2110 -2.2947
v  4.7021 -0.3000 -2.2945
v  4.6971 0.6303 -2.2957
v  4.4989 1.5393 -2.2982
v  4.2744 -1.1346 -2.2948
v  4.4522 -0.2751 -2.2945
v  4.4474 0.6027 -2.2957
v  4.2604 1.4603 -2.2980
v  3.0891 4.0598 -2.1011
v  3.8417 3.3890 -2.0949
v  3.7213 3.2787 -2.2438
v  2.9942 3.9268 -2.2498
v  4.4385 2.5762 -2.0896
v  4.2978 2.4935 -2.2387
v  3.5658 3.1368 -2.3068
v  2.8716 3.7556 -2.3125
v  4.1162 2.3871 -2.3020
v  3.3800 2.9676 -2.3062
v  2.7250 3.5514 -2.3116
v  3.8994 2.2602 -2.3016
v  0.3029 -4.6827 -2.1103
v  0.3024 -4.5193 -2.2587
v  1.2701 -4.4123 -2.2519
v  1.3045 -4.5719 -2.1032
v  2.1944 -4.1062 -2.2457
v  2.2613 -4.2551 -2.0968
v  3.0349 -3.6145 -2.2402
v  3.1313 -3.7461 -2.0912
v  0.3015 -4.3088 -2.3210
v  1.2254 -4.2065 -2.3145
v  2.1080 -3.9143 -2.3086
v  2.9105 -3.4448 -2.3034
v  0.3001 -4.0573 -2.3196
v  1.1719 -3.9609 -2.3135
v  2.0045 -3.6852 -2.3078
v  2.7617 -3.2422 -2.3030
v  4.4645 -2.2481 -2.0835
v  4.3230 -2.1672 -2.2328
v  3.8766 -3.0672 -2.0867
v  3.7549 -2.9586 -2.2359
v  4.1403 -2.0630 -2.2963
v  3.5980 -2.8186 -2.2993
v  3.9220 -1.9384 -2.2963
v  3.4103 -2.6513 -2.2991
v  -4.2997 -1.3739 -2.1472
v  -4.1441 -1.3227 -2.2944
v  -3.7433 -2.2107 -2.2904
v  -3.8848 -2.2931 -2.1431
v  -3.1668 -2.9959 -2.2853
v  -3.2881 -3.1058 -2.1379
v  -2.4397 -3.6440 -2.2793
v  -2.5355 -3.7766 -2.1316
v  -3.9441 -1.2566 -2.3551
v  -3.5614 -2.1045 -2.3513
v  -3.0110 -2.8542 -2.3465
v  -2.3168 -3.4730 -2.3407
v  -3.7056 -1.1776 -2.3517
v  -3.3445 -1.9776 -2.3482
v  -2.8252 -2.6850 -2.3436
v  -2.1702 -3.2688 -2.3382
v  -0.6999 -4.5827 -2.1175
v  -0.6664 -4.4227 -2.2657
v  -1.6600 -4.2762 -2.1248
v  -1.5940 -4.1266 -2.2727
v  -0.6236 -4.2165 -2.3277
v  -1.5092 -3.9338 -2.3344
v  -0.5727 -3.9703 -2.3259
v  -1.4083 -3.7036 -2.3322
v  -2.5777 4.0292 -2.1415
v  -2.4805 3.8972 -2.2889
v  -3.2005 3.2414 -2.2933
v  -3.3230 3.3503 -2.1461
v  -3.7685 2.4500 -2.2963
v  -3.9109 2.5312 -2.1492
v  -4.1597 1.5578 -2.2980
v  -4.3158 1.6076 -2.1510
v  -2.3557 3.7274 -2.3499
v  -3.0431 3.1012 -2.3540
v  -3.5855 2.3456 -2.3570
v  -3.9589 1.4937 -2.3586
v  -2.2069 3.5248 -2.3468
v  -2.8555 2.9340 -2.3507
v  -3.3672 2.2211 -2.3535
v  -3.7196 1.4173 -2.3550
v  -4.5145 -0.3885 -2.1500
v  -4.3517 -0.3707 -2.2970
v  -4.5200 0.6200 -2.1512
v  -4.3569 0.6036 -2.2983
v  -4.1423 -0.3477 -2.3576
v  -4.1473 0.5826 -2.3588
v  -3.8926 -0.3201 -2.3541
v  -3.8974 0.5577 -2.3553
v  2.1484 4.4094 -2.2564
v  2.2137 4.5594 -2.1079
v  1.2209 4.7055 -2.2634
v  1.2535 4.8659 -2.1152
v  0.2521 4.8021 -2.2705
v  0.2507 4.9659 -2.1225
v  2.0640 4.2164 -2.3189
v  1.1784 4.4991 -2.3256
v  0.2534 4.5914 -2.3323
v  1.9631 3.9862 -2.3176
v  1.1275 4.2529 -2.3239
v  0.2547 4.3400 -2.3302
v  -1.7077 4.5382 -2.1360
v  -1.6400 4.3890 -2.2835
v  -0.7509 4.8550 -2.1295
v  -0.7156 4.6950 -2.2773
v  -1.5531 4.1969 -2.3447
v  -0.6706 4.4892 -2.3388
v  -1.4497 3.9678 -2.3419
v  -0.6170 4.2435 -2.3363
v  4.8589 -1.3199 1.6388
v  5.0630 -0.3323 1.6391
v  4.9000 -0.3159 1.7861
v  4.7027 -1.2700 1.7859
v  5.0576 0.6763 1.6378
v  4.8947 0.6585 1.7849
v  4.6871 1.6105 1.7822
v  4.8427 1.6617 1.6351
v  4.6903 -0.2949 1.8466
v  4.5020 -1.2059 1.8464
v  4.6853 0.6354 1.8455
v  4.4871 1.5444 1.8429
v  4.4404 -0.2700 1.8431
v  4.2626 -1.1295 1.8560
v  4.4356 0.6078 1.8420
v  4.2487 1.4654 1.8396
v  3.0786 4.0644 1.6195
v  2.9828 3.9317 1.7672
v  3.7098 3.2836 1.7732
v  3.8311 3.3936 1.6257
v  4.2863 2.4984 1.7783
v  4.4279 2.5808 1.6310
v  2.8598 3.7607 1.8286
v  3.5540 3.1419 1.8343
v  4.1045 2.3922 1.8392
v  2.7132 3.5565 1.8392
v  3.3682 2.9727 1.8314
v  3.8876 2.2653 1.8360
v  0.2923 -4.6781 1.6103
v  1.2940 -4.5673 1.6174
v  1.2587 -4.4073 1.7651
v  0.2910 -4.5144 1.7583
v  2.2507 -4.2505 1.6238
v  2.1830 -4.1012 1.7713
v  3.0235 -3.6095 1.7768
v  3.1207 -3.7415 1.6294
v  1.2136 -4.2014 1.8266
v  0.2897 -4.3037 1.8201
v  2.0962 -3.9092 1.8326
v  2.8987 -3.4397 1.8377
v  1.1601 -3.9558 1.8242
v  0.2883 -4.0522 1.8312
v  1.9928 -3.6801 1.8298
v  2.7500 -3.2371 1.8346
v  4.3115 -2.1623 1.7842
v  4.4539 -2.2435 1.6371
v  3.7435 -2.9536 1.7811
v  3.8660 -3.0626 1.6339
v  4.1285 -2.0579 1.8448
v  3.5862 -2.8135 1.8419
v  3.9103 -1.9333 1.8413
v  3.3986 -2.6462 1.8386
v  -4.3103 -1.3693 1.5734
v  -3.8954 -2.2885 1.5775
v  -3.7547 -2.2058 1.7266
v  -4.1555 -1.3178 1.7226
v  -3.2987 -3.1012 1.5827
v  -3.1782 -2.9910 1.7317
v  -2.4512 -3.6390 1.7376
v  -2.5461 -3.7721 1.5889
v  -3.5732 -2.0994 1.7898
v  -3.9559 -1.2515 1.7860
v  -3.0227 -2.8491 1.7947
v  -2.3285 -3.4679 1.8004
v  -3.3563 -1.9725 1.7895
v  -3.7174 -1.1726 1.7990
v  -2.8370 -2.6799 1.7940
v  -2.1820 -3.2637 1.7994
v  -0.6778 -4.4178 1.7513
v  -0.7105 -4.5781 1.6030
v  -1.6054 -4.1217 1.7443
v  -1.6706 -4.2716 1.5958
v  -0.6354 -4.2114 1.8134
v  -1.5210 -3.9287 1.8067
v  -0.5844 -3.9652 1.8117
v  -1.4201 -3.6985 1.8054
v  -2.5883 4.0338 1.5790
v  -3.3335 3.3549 1.5745
v  -3.2119 3.2463 1.7237
v  -2.4919 3.9022 1.7281
v  -3.9215 2.5358 1.5713
v  -3.7799 2.4549 1.7207
v  -4.1711 1.5627 1.7190
v  -4.3264 1.6122 1.5696
v  -3.0549 3.1063 1.7871
v  -2.3675 3.7325 1.7913
v  -3.5972 2.3507 1.7842
v  -3.9707 1.4988 1.7825
v  -2.8673 2.9391 1.7869
v  -2.2187 3.5299 1.8040
v  -3.3790 2.2262 1.7841
v  -3.7314 1.4224 1.7826
v  -4.3631 -0.3658 1.7200
v  -4.5251 -0.3840 1.5706
v  -4.3684 0.6085 1.7187
v  -4.5306 0.6246 1.5693
v  -4.1541 -0.3426 1.7835
v  -4.1591 0.5877 1.7823
v  -3.9044 -0.3150 1.7835
v  -3.9091 0.5628 1.7824
v  2.2031 4.5639 1.6126
v  2.1370 4.4143 1.7605
v  1.2430 4.8704 1.6054
v  1.2094 4.7104 1.7536
v  0.2406 4.8071 1.7465
v  0.2402 4.9704 1.5981
v  2.0522 4.2215 1.8222
v  1.1666 4.5042 1.8156
v  0.2416 4.5965 1.8088
v  1.9513 3.9913 1.8200
v  1.1157 4.2580 1.8138
v  0.2429 4.3451 1.8074
v  -1.6514 4.3939 1.7335
v  -1.7182 4.5428 1.5846
v  -0.7271 4.7000 1.7397
v  -0.7615 4.8596 1.5911
v  -1.5649 4.2020 1.7964
v  -0.6824 4.4943 1.8024
v  -1.4615 3.9729 1.7957
v  -0.6288 4.2486 1.8013
v  0.9967 0.5683 -0.1925
v  0.9958 0.7340 -0.1927
v  1.0382 0.7098 -0.3096
v  1.0389 0.5926 -0.3095
v  1.1388 0.8177 -0.1918
v  1.1394 0.7690 -0.3090
v  1.2827 0.7356 -0.1907
v  1.2411 0.7109 -0.3082
v  1.2836 0.5698 -0.1905
v  1.2418 0.5937 -0.3080
v  1.1406 0.4861 -0.1914
v  1.1406 0.5345 -0.3087
v  0.9650 0.5507 0.1147
v  0.9640 0.7521 0.1144
v  0.9649 0.7517 -0.2087
v  0.9660 0.5503 -0.2085
v  1.1377 0.8537 0.1155
v  1.1386 0.8533 -0.2076
v  1.3125 0.7539 0.1169
v  1.3135 0.7535 -0.2062
v  1.3136 0.5525 0.1172
v  1.3145 0.5521 -0.2060
v  1.1399 0.4509 0.1160
v  1.1408 0.4505 -0.2071
v  1.0021 -0.4383 -0.1913
v  1.0012 -0.2725 -0.1915
v  1.0437 -0.2967 -0.3084
v  1.0443 -0.4140 -0.3082
v  1.1442 -0.1889 -0.1905
v  1.1448 -0.2376 -0.3077
v  1.2881 -0.2710 -0.1894
v  1.2466 -0.2956 -0.3069
v  1.2890 -0.4368 -0.1892
v  1.2472 -0.4129 -0.3068
v  1.1460 -0.5204 -0.1901
v  1.1461 -0.4720 -0.3074
v  0.9705 -0.4559 0.1159
v  0.9694 -0.2545 0.1157
v  0.9703 -0.2549 -0.2074
v  0.9714 -0.4563 -0.2072
v  1.1431 -0.1529 0.1168
v  1.1441 -0.1533 -0.2063
v  1.3180 -0.2526 0.1182
v  1.3189 -0.2530 -0.2049
v  1.3191 -0.4540 0.1184
v  1.3200 -0.4544 -0.2047
v  1.1453 -0.5557 0.1173
v  1.1463 -0.5561 -0.2058
v  0.1338 -0.9463 -0.1968
v  0.1329 -0.7805 -0.1971
v  0.1754 -0.8047 -0.3139
v  0.1760 -0.9219 -0.3138
v  0.2759 -0.6969 -0.1961
v  0.2765 -0.7456 -0.3133
v  0.4198 -0.7790 -0.1950
v  0.3782 -0.8036 -0.3125
v  0.4207 -0.9448 -0.1948
v  0.3789 -0.9208 -0.3123
v  0.2777 -1.0284 -0.1957
v  0.2778 -0.9800 -0.3130
v  0.1022 -0.9639 0.1104
v  0.1011 -0.7625 0.1101
v  0.1020 -0.7629 -0.2130
v  0.1031 -0.9643 -0.2128
v  0.2748 -0.6608 0.1112
v  0.2758 -0.6613 -0.2119
v  0.4497 -0.7606 0.1126
v  0.4506 -0.7610 -0.2105
v  0.4508 -0.9620 0.1128
v  0.4517 -0.9624 -0.2103
v  0.2770 -1.0637 0.1117
v  0.2779 -1.0641 -0.2114
v  -0.7454 0.5589 -0.2050
v  -0.7463 0.7246 -0.2052
v  -0.7038 0.7005 -0.3221
v  -0.7032 0.5832 -0.3219
v  -0.6033 0.8083 -0.2043
v  -0.6027 0.7596 -0.3214
v  -0.4594 0.7262 -0.2031
v  -0.5009 0.7015 -0.3206
v  -0.4585 0.5604 -0.2029
v  -0.5003 0.5843 -0.3205
v  -0.6015 0.4767 -0.2038
v  -0.6014 0.5252 -0.3211
v  -0.7770 0.5413 0.1022
v  -0.7781 0.7427 0.1020
v  -0.7772 0.7423 -0.2211
v  -0.7761 0.5409 -0.2209
v  -0.6043 0.8443 0.1031
v  -0.6034 0.8439 -0.2200
v  -0.4295 0.7445 0.1045
v  -0.4286 0.7442 -0.2187
v  -0.4284 0.5431 0.1047
v  -0.4275 0.5427 -0.2184
v  -0.6022 0.4415 0.1036
v  -0.6012 0.4411 -0.2195
v  0.1229 1.0668 -0.1994
v  0.1220 1.2326 -0.1996
v  0.1645 1.2084 -0.3165
v  0.1651 1.0912 -0.3163
v  0.2650 1.3163 -0.1987
v  0.2656 1.2676 -0.3158
v  0.4089 1.2342 -0.1975
v  0.3674 1.2095 -0.3150
v  0.4098 1.0684 -0.1973
v  0.3680 1.0923 -0.3149
v  0.2668 0.9847 -0.1983
v  0.2669 1.0331 -0.3155
v  0.0913 1.0492 0.1078
v  0.0902 1.2507 0.1076
v  0.0911 1.2503 -0.2156
v  0.0922 1.0488 -0.2153
v  0.2640 1.3523 0.1087
v  0.2649 1.3519 -0.2144
v  0.4388 1.2525 0.1100
v  0.4397 1.2521 -0.2131
v  0.4399 1.0511 0.1103
v  0.4408 1.0507 -0.2128
v  0.2661 0.9495 0.1092
v  0.2671 0.9491 -0.2139
v  -0.4531 -0.4462 -0.2016
v  -0.5961 -0.5298 -0.2025
v  -0.5960 -0.4814 -0.3198
v  -0.4949 -0.4222 -0.3192
v  -0.7400 -0.4477 -0.2037
v  -0.6978 -0.4233 -0.3207
v  -0.7409 -0.2819 -0.2039
v  -0.6984 -0.3061 -0.3208
v  -0.5979 -0.1983 -0.2030
v  -0.5973 -0.2470 -0.3201
v  -0.4540 -0.2804 -0.2019
v  -0.4955 -0.3050 -0.3193
v  -0.4230 -0.4634 0.1060
v  -0.5968 -0.5651 0.1049
v  -0.5958 -0.5655 -0.2183
v  -0.4221 -0.4638 -0.2171
v  -0.7716 -0.4653 0.1035
v  -0.7707 -0.4657 -0.2196
v  -0.7727 -0.2639 0.1032
v  -0.7717 -0.2643 -0.2199
v  -0.5989 -0.1623 0.1044
v  -0.5980 -0.1627 -0.2188
v  -0.4241 -0.2620 0.1057
v  -0.4232 -0.2624 -0.2174
v  -0.6748 -2.1662 1.1714
v  -1.4871 -1.6293 1.1650
v  -1.4865 -1.6296 0.9679
v  -0.6742 -2.1664 0.9743
v  -2.0322 -0.8223 1.1601
v  -2.0317 -0.8225 0.9630
v  -2.2273 0.1322 1.1575
v  -2.2267 0.1319 0.9604
v  -2.0426 1.0886 1.1577
v  -2.0420 1.0884 0.9606
v  -1.5061 1.9016 1.1605
v  -1.5056 1.9013 0.9634
v  -0.6997 2.4471 1.1656
v  -0.6992 2.4469 0.9685
v  0.2540 2.6423 1.1722
v  0.2545 2.6421 0.9751
v  1.2097 2.4574 1.1792
v  1.2102 2.4572 0.9821
v  2.0220 1.9206 1.1857
v  2.0225 1.9203 0.9886
v  2.5671 1.1135 1.1906
v  2.5677 1.1133 0.9935
v  2.7622 0.1591 1.1931
v  2.7628 0.1588 0.9960
v  2.5775 -0.7974 1.1930
v  2.5780 -0.7976 0.9959
v  2.0410 -1.6103 1.1902
v  2.0416 -1.6106 0.9931
v  1.2346 -2.1559 1.1851
v  1.2352 -2.1561 0.9880
v  0.2809 -2.3511 1.1785
v  0.2815 -2.3513 0.9814
# 416 vertices

vn 0.8768 -0.2791 -0.3916
vn 0.4823 -0.1528 -0.8626
vn 0.5034 -0.0506 -0.8625
vn 0.9156 -0.0914 -0.3917
vn 0.5029 0.0538 -0.8627
vn 0.9145 0.1003 -0.3919
vn 0.4806 0.1558 -0.8630
vn 0.8738 0.2875 -0.3923
vn 0.1488 -0.0464 -0.9878
vn 0.1551 -0.0160 -0.9878
vn 0.1550 0.0151 -0.9878
vn 0.1483 0.0455 -0.9879
vn 0.0005 0.0009 -1.0000
vn 0.0002 -0.0005 -1.0000
vn 0.0002 -0.0020 -1.0000
vn 0.0005 -0.0034 -1.0000
vn 0.5384 0.7447 -0.3943
vn 0.6816 0.6170 -0.3935
vn 0.3760 0.3353 -0.8638
vn 0.2980 0.4049 -0.8644
vn 0.7950 0.4623 -0.3928
vn 0.4377 0.2511 -0.8633
vn 0.1171 0.0989 -0.9882
vn 0.0939 0.1196 -0.9884
vn 0.1355 0.0738 -0.9880
vn 0.0020 -0.0060 -1.0000
vn 0.0031 -0.0069 -1.0000
vn 0.0011 -0.0047 -1.0000
vn 0.0077 -0.9189 -0.3945
vn 0.0088 -0.5015 -0.8651
vn 0.1129 -0.4899 -0.8645
vn 0.1986 -0.8975 -0.3937
vn 0.2121 -0.4568 -0.8639
vn 0.3808 -0.8370 -0.3930
vn 0.3024 -0.4039 -0.8634
vn 0.5464 -0.7399 -0.3924
vn 0.0079 -0.1500 -0.9887
vn 0.0388 -0.1466 -0.9884
vn 0.0683 -0.1368 -0.9882
vn 0.0952 -0.1211 -0.9881
vn 0.0071 0.0058 -1.0000
vn 0.0057 0.0056 -1.0000
vn 0.0043 0.0051 -1.0000
vn 0.0030 0.0044 -1.0000
vn 0.7999 -0.4547 -0.3917
vn 0.4404 -0.2485 -0.8627
vn 0.6882 -0.6106 -0.3920
vn 0.3796 -0.3334 -0.8630
vn 0.1363 -0.0749 -0.9878
vn 0.1182 -0.1001 -0.9879
vn 0.0011 0.0022 -1.0000
vn 0.0019 0.0034 -1.0000
vn -0.8703 -0.2892 -0.3987
vn -0.4701 -0.1585 -0.8682
vn -0.4269 -0.2540 -0.8679
vn -0.7912 -0.4642 -0.3982
vn -0.3648 -0.3384 -0.8674
vn -0.6773 -0.6190 -0.3975
vn -0.2864 -0.4080 -0.8669
vn -0.5337 -0.7468 -0.3968
vn -0.1345 -0.0480 -0.9897
vn -0.1217 -0.0764 -0.9896
vn -0.1032 -0.1015 -0.9895
vn -0.0799 -0.1222 -0.9893
vn 0.0137 0.0009 -0.9999
vn 0.0132 0.0023 -0.9999
vn 0.0123 0.0034 -0.9999
vn 0.0112 0.0044 -0.9999
vn -0.1836 -0.9000 -0.3953
vn -0.0954 -0.4914 -0.8657
vn -0.3667 -0.8418 -0.3961
vn -0.1953 -0.4597 -0.8663
vn -0.0232 -0.1470 -0.9889
vn -0.0528 -0.1376 -0.9891
vn 0.0086 0.0056 -0.9999
vn 0.0100 0.0052 -0.9999
vn -0.5417 0.7400 -0.3987
vn -0.2908 0.4027 -0.8679
vn -0.3684 0.3322 -0.8683
vn -0.6839 0.6107 -0.3991
vn -0.4296 0.2472 -0.8685
vn -0.7961 0.4547 -0.3993
vn -0.4718 0.1512 -0.8686
vn -0.8734 0.2787 -0.3994
vn -0.0812 0.1188 -0.9896
vn -0.1043 0.0979 -0.9897
vn -0.1225 0.0726 -0.9898
vn -0.1350 0.0440 -0.9899
vn 0.0113 -0.0068 -0.9999
vn 0.0124 -0.0059 -0.9999
vn 0.0132 -0.0047 -0.9999
vn 0.0138 -0.0033 -0.9999
vn -0.8964 -0.1966 -0.3972
vn -0.4860 -0.1084 -0.8672
vn -0.9177 -0.0055 -0.3973
vn -0.9123 0.0906 -0.3993
vn -0.4931 0.0486 -0.8686
vn -0.4977 -0.0038 -0.8673
vn -0.1394 -0.0332 -0.9897
vn -0.1414 0.0136 -0.9899
vn -0.1429 -0.0020 -0.9897
vn 0.0140 0.0003 -0.9999
vn 0.0141 -0.0019 -0.9999
vn 0.0142 -0.0012 -0.9999
vn 0.2072 0.4569 -0.8650
vn 0.3718 0.8400 -0.3951
vn 0.1076 0.4888 -0.8657
vn 0.1889 0.8986 -0.3960
vn 0.0034 0.4995 -0.8663
vn -0.0022 0.9179 -0.3968
vn 0.0669 0.1351 -0.9886
vn 0.0372 0.1446 -0.9888
vn 0.0063 0.1476 -0.9890
vn 0.0044 -0.0076 -1.0000
vn 0.0057 -0.0080 -1.0000
vn 0.0072 -0.0082 -0.9999
vn -0.3757 0.8368 -0.3982
vn -0.2002 0.4554 -0.8675
vn -0.1932 0.8970 -0.3975
vn -0.1007 0.4881 -0.8669
vn -0.0543 0.1345 -0.9894
vn -0.0247 0.1443 -0.9892
vn 0.0100 -0.0076 -0.9999
vn 0.0086 -0.0081 -0.9999
vn 0.8734 -0.2787 0.3994
vn 0.9123 -0.0906 0.3993
vn 0.4930 -0.0486 0.8686
vn 0.4718 -0.1512 0.8686
vn 0.9113 0.1015 0.3990
vn 0.4925 0.0562 0.8685
vn 0.4701 0.1585 0.8682
vn 0.8703 0.2892 0.3987
vn 0.1438 -0.0111 0.9895
vn 0.1580 -0.0514 0.9861
vn 0.1411 0.0176 0.9898
vn 0.1346 0.0480 0.9897
vn -0.0133 0.0094 0.9999
vn 0.0276 -0.0098 0.9996
vn -0.0141 0.0005 0.9999
vn -0.0137 -0.0009 0.9999
vn 0.5337 0.7468 0.3969
vn 0.2864 0.4080 0.8669
vn 0.3648 0.3384 0.8674
vn 0.6773 0.6190 0.3975
vn 0.4269 0.2540 0.8679
vn 0.7912 0.4642 0.3982
vn 0.0940 0.1418 0.9854
vn 0.1067 0.1010 0.9892
vn 0.1217 0.0764 0.9896
vn 0.0141 0.0307 0.9994
vn -0.0073 -0.0090 0.9999
vn -0.0132 -0.0023 0.9999
vn 0.0022 -0.9179 0.3968
vn 0.1932 -0.8970 0.3975
vn 0.1007 -0.4881 0.8669
vn -0.0034 -0.4994 0.8663
vn 0.3758 -0.8368 0.3982
vn 0.2002 -0.4554 0.8675
vn 0.2908 -0.4027 0.8679
vn 0.5418 -0.7400 0.3987
vn 0.0278 -0.1459 0.9889
vn -0.0061 -0.1717 0.9851
vn 0.0543 -0.1345 0.9894
vn 0.0812 -0.1188 0.9896
vn -0.0013 0.0097 1.0000
vn -0.0070 -0.0351 0.9994
vn -0.0100 0.0076 0.9999
vn -0.0113 0.0069 0.9999
vn 0.4296 -0.2472 0.8685
vn 0.7961 -0.4547 0.3993
vn 0.3684 -0.3323 0.8683
vn 0.6840 -0.6107 0.3991
vn 0.1231 -0.0760 0.9895
vn 0.1043 -0.0979 0.9897
vn -0.0169 -0.0019 0.9999
vn -0.0123 0.0058 0.9999
vn -0.8738 -0.2875 0.3923
vn -0.7950 -0.4623 0.3928
vn -0.4377 -0.2511 0.8633
vn -0.4807 -0.1559 0.8629
vn -0.6816 -0.6170 0.3935
vn -0.3760 -0.3353 0.8638
vn -0.2980 -0.4049 0.8644
vn -0.5384 -0.7447 0.3943
vn -0.1361 -0.0773 0.9877
vn -0.1711 -0.0530 0.9838
vn -0.1171 -0.0989 0.9882
vn -0.0939 -0.1196 0.9884
vn 0.0026 -0.0018 1.0000
vn -0.0417 -0.0102 0.9991
vn -0.0020 0.0059 1.0000
vn -0.0031 0.0069 1.0000
vn -0.1076 -0.4888 0.8657
vn -0.1889 -0.8986 0.3959
vn -0.2072 -0.4569 0.8650
vn -0.3718 -0.8400 0.3951
vn -0.0403 -0.1462 0.9884
vn -0.0669 -0.1351 0.9886
vn -0.0131 0.0095 0.9999
vn -0.0043 0.0077 1.0000
vn -0.5464 0.7399 0.3924
vn -0.6882 0.6106 0.3920
vn -0.3796 0.3334 0.8630
vn -0.3024 0.4039 0.8634
vn -0.7999 0.4547 0.3917
vn -0.4404 0.2485 0.8627
vn -0.4823 0.1528 0.8626
vn -0.8768 0.2791 0.3916
vn -0.1217 0.0996 0.9876
vn -0.1095 0.1405 0.9840
vn -0.1363 0.0749 0.9878
vn -0.1488 0.0464 0.9878
vn -0.0069 -0.0090 0.9999
vn -0.0287 0.0305 0.9991
vn -0.0011 -0.0022 1.0000
vn -0.0005 -0.0009 1.0000
vn -0.4965 -0.1058 0.8616
vn -0.8999 -0.1951 0.3901
vn -0.9208 -0.0045 0.3900
vn -0.5079 -0.0017 0.8614
vn -0.5034 0.0506 0.8626
vn -0.9156 0.0914 0.3916
vn -0.1582 -0.0258 0.9871
vn -0.1566 0.0004 0.9877
vn -0.1551 0.0160 0.9878
vn -0.0020 0.0177 0.9998
vn -0.0001 0.0012 1.0000
vn -0.0002 0.0005 1.0000
vn 0.3667 0.8418 0.3961
vn 0.1953 0.4597 0.8663
vn 0.1836 0.9000 0.3953
vn 0.0954 0.4914 0.8657
vn -0.0088 0.5016 0.8651
vn -0.0077 0.9189 0.3944
vn 0.0513 0.1407 0.9887
vn 0.0232 0.1471 0.9889
vn -0.0079 0.1501 0.9886
vn -0.0169 -0.0021 0.9999
vn -0.0086 -0.0055 0.9999
vn -0.0071 -0.0058 1.0000
vn -0.2121 0.4568 0.8639
vn -0.3808 0.8370 0.3930
vn -0.1129 0.4899 0.8645
vn -0.1986 0.8975 0.3937
vn -0.0668 0.1399 0.9879
vn -0.0388 0.1466 0.9884
vn 0.0026 -0.0021 1.0000
vn -0.0056 -0.0056 1.0000
vn -0.7958 -0.4677 -0.3847
vn -0.8008 0.4581 -0.3859
vn -0.5682 0.3254 -0.7559
vn -0.5646 -0.3334 -0.7551
vn -0.0012 0.9234 -0.3839
vn 0.0008 0.6577 -0.7533
vn 0.7997 0.4647 -0.3803
vn 0.5727 0.3311 -0.7499
vn 0.8046 -0.4570 -0.3792
vn 0.5762 -0.3268 -0.7491
vn 0.0087 -0.9243 -0.3816
vn 0.0079 -0.6596 -0.7516
vn -1.0000 -0.0054 -0.0029
vn -0.5049 0.8632 -0.0025
vn 0.4956 0.8685 0.0004
vn 0.4956 0.8685 0.0003
vn 1.0000 0.0054 0.0028
vn 0.5050 -0.8631 0.0025
vn -0.4956 -0.8686 -0.0003
vn -0.4956 -0.8686 -0.0004
vn -0.4956 -0.8685 -0.0003
vn 0.0072 -0.0013 -1.0000
vn 0.0072 -0.0012 -1.0000
vn 0.0072 -0.0014 -1.0000
vn 0.0071 -0.0012 -1.0000
vn -0.5681 0.3253 -0.7559
vn -0.5646 -0.3334 -0.7550
vn 0.8046 -0.4570 -0.3791
vn 0.5763 -0.3268 -0.7491
vn 0.0087 -0.9243 -0.3815
vn 0.0080 -0.6595 -0.7516
vn -0.5050 0.8631 -0.0025
vn 1.0000 0.0054 0.0029
vn 1.0000 0.0055 0.0029
vn 1.0000 0.0055 0.0028
vn -0.4956 -0.8685 -0.0004
vn 0.0071 -0.0013 -1.0000
vn -0.7957 -0.4678 -0.3847
vn -0.8007 0.4581 -0.3860
vn -0.5682 0.3253 -0.7559
vn -0.5646 -0.3333 -0.7551
vn -0.0012 0.9234 -0.3838
vn 0.0008 0.6576 -0.7533
vn 0.7996 0.4647 -0.3803
vn 0.5727 0.3312 -0.7499
vn 0.0080 -0.6596 -0.7516
vn 0.4956 0.8686 0.0003
vn 0.5049 -0.8632 0.0025
vn -0.5646 -0.3333 -0.7550
vn 0.5726 0.3312 -0.7500
vn 0.0088 -0.9243 -0.3815
vn 0.0079 -0.6595 -0.7517
vn -0.5049 0.8631 -0.0025
vn 0.5049 -0.8631 0.0025
vn -0.8008 0.4581 -0.3858
vn -0.5645 -0.3334 -0.7551
vn 0.5726 0.3311 -0.7500
vn 0.4957 0.8685 0.0003
vn 0.0070 -0.0012 -1.0000
vn -0.0013 0.9234 -0.3838
vn 0.0008 0.6576 -0.7534
vn 0.7997 0.4647 -0.3802
vn -1.0000 -0.0054 -0.0028
vn 0.0070 -0.0013 -1.0000
vn -0.5514 -0.8343 -0.0006
vn -0.7033 -0.7109 -0.0011
vn -0.7038 -0.7104 -0.0011
vn -0.9218 -0.3876 -0.0022
vn -0.9220 -0.3873 -0.0022
vn -0.9259 0.3776 -0.0031
vn -0.9261 0.3773 -0.0031
vn -0.7109 0.7033 -0.0029
vn -0.7114 0.7028 -0.0029
vn -0.3874 0.9219 -0.0022
vn -0.3883 0.9215 -0.0022
vn -0.0048 1.0000 -0.0012
vn -0.0059 1.0000 -0.0012
vn 0.3784 0.9256 -0.0000
vn 0.3775 0.9260 -0.0000
vn 0.7038 0.7104 0.0011
vn 0.7033 0.7109 0.0011
vn 0.9220 0.3872 0.0022
vn 0.9218 0.3876 0.0022
vn 0.9261 -0.3773 0.0031
vn 0.9259 -0.3776 0.0031
vn 0.7114 -0.7028 0.0029
vn 0.7109 -0.7033 0.0029
vn 0.3883 -0.9215 0.0022
vn 0.3874 -0.9219 0.0022
vn 0.0059 -1.0000 0.0013
vn 0.0048 -1.0000 0.0013
vn -0.1899 -0.9818 0.0007
vn -0.0072 0.0012 1.0000
vn -0.0071 0.0012 1.0000
vn 0.0072 -0.0011 -1.0000
# 343 vertex normals

vt 0.0375 0.3755 0.0000
vt 0.0375 0.3753 0.0000
vt 0.0374 0.3753 0.0000
vt 0.0374 0.3755 0.0000
vt 0.0372 0.3753 0.0000
vt 0.0372 0.3755 0.0000
vt 0.0370 0.3753 0.0000
vt 0.0370 0.3755 0.0000
vt 0.0375 0.3750 0.0000
vt 0.0374 0.3750 0.0000
vt 0.0372 0.3750 0.0000
vt 0.0370 0.3750 0.0000
vt 0.0375 0.3747 0.0000
vt 0.0374 0.3747 0.0000
vt 0.0372 0.3747 0.0000
vt 0.0370 0.3747 0.0000
vt 0.0365 0.3755 0.0000
vt 0.0367 0.3755 0.0000
vt 0.0367 0.3753 0.0000
vt 0.0365 0.3753 0.0000
vt 0.0369 0.3755 0.0000
vt 0.0369 0.3753 0.0000
vt 0.0367 0.3750 0.0000
vt 0.0365 0.3750 0.0000
vt 0.0369 0.3750 0.0000
vt 0.0367 0.3747 0.0000
vt 0.0365 0.3747 0.0000
vt 0.0369 0.3747 0.0000
vt 0.0385 0.3755 0.0000
vt 0.0385 0.3753 0.0000
vt 0.0383 0.3753 0.0000
vt 0.0383 0.3755 0.0000
vt 0.0382 0.3753 0.0000
vt 0.0382 0.3755 0.0000
vt 0.0380 0.3753 0.0000
vt 0.0380 0.3755 0.0000
vt 0.0385 0.3750 0.0000
vt 0.0383 0.3750 0.0000
vt 0.0382 0.3750 0.0000
vt 0.0380 0.3750 0.0000
vt 0.0385 0.3747 0.0000
vt 0.0383 0.3747 0.0000
vt 0.0382 0.3747 0.0000
vt 0.0380 0.3747 0.0000
vt 0.0377 0.3755 0.0000
vt 0.0377 0.3753 0.0000
vt 0.0378 0.3755 0.0000
vt 0.0378 0.3753 0.0000
vt 0.0377 0.3750 0.0000
vt 0.0378 0.3750 0.0000
vt 0.0377 0.3747 0.0000
vt 0.0378 0.3747 0.0000
vt 0.0395 0.3755 0.0000
vt 0.0395 0.3753 0.0000
vt 0.0393 0.3753 0.0000
vt 0.0393 0.3755 0.0000
vt 0.0391 0.3753 0.0000
vt 0.0391 0.3755 0.0000
vt 0.0390 0.3753 0.0000
vt 0.0390 0.3755 0.0000
vt 0.0395 0.3750 0.0000
vt 0.0393 0.3750 0.0000
vt 0.0391 0.3750 0.0000
vt 0.0390 0.3750 0.0000
vt 0.0395 0.3747 0.0000
vt 0.0393 0.3747 0.0000
vt 0.0391 0.3747 0.0000
vt 0.0390 0.3747 0.0000
vt 0.0387 0.3755 0.0000
vt 0.0387 0.3753 0.0000
vt 0.0388 0.3755 0.0000
vt 0.0388 0.3753 0.0000
vt 0.0387 0.3750 0.0000
vt 0.0388 0.3750 0.0000
vt 0.0387 0.3747 0.0000
vt 0.0388 0.3747 0.0000
vt 0.0356 0.3755 0.0000
vt 0.0356 0.3753 0.0000
vt 0.0354 0.3753 0.0000
vt 0.0354 0.3755 0.0000
vt 0.0352 0.3753 0.0000
vt 0.0352 0.3755 0.0000
vt 0.0351 0.3753 0.0000
vt 0.0351 0.3755 0.0000
vt 0.0356 0.3750 0.0000
vt 0.0354 0.3750 0.0000
vt 0.0352 0.3750 0.0000
vt 0.0351 0.3750 0.0000
vt 0.0356 0.3747 0.0000
vt 0.0354 0.3747 0.0000
vt 0.0352 0.3747 0.0000
vt 0.0351 0.3747 0.0000
vt 0.0396 0.3755 0.0000
vt 0.0396 0.3753 0.0000
vt 0.0347 0.3755 0.0000
vt 0.0349 0.3755 0.0000
vt 0.0349 0.3753 0.0000
vt 0.0347 0.3753 0.0000
vt 0.0396 0.3750 0.0000
vt 0.0349 0.3750 0.0000
vt 0.0347 0.3750 0.0000
vt 0.0396 0.3747 0.0000
vt 0.0349 0.3747 0.0000
vt 0.0347 0.3747 0.0000
vt 0.0364 0.3753 0.0000
vt 0.0364 0.3755 0.0000
vt 0.0362 0.3753 0.0000
vt 0.0362 0.3755 0.0000
vt 0.0360 0.3753 0.0000
vt 0.0360 0.3755 0.0000
vt 0.0364 0.3750 0.0000
vt 0.0362 0.3750 0.0000
vt 0.0360 0.3750 0.0000
vt 0.0364 0.3747 0.0000
vt 0.0362 0.3747 0.0000
vt 0.0360 0.3747 0.0000
vt 0.0357 0.3755 0.0000
vt 0.0357 0.3753 0.0000
vt 0.0359 0.3755 0.0000
vt 0.0359 0.3753 0.0000
vt 0.0357 0.3750 0.0000
vt 0.0359 0.3750 0.0000
vt 0.0357 0.3747 0.0000
vt 0.0359 0.3747 0.0000
vt 0.0375 0.3793 0.0000
vt 0.0374 0.3793 0.0000
vt 0.0374 0.3796 0.0000
vt 0.0375 0.3796 0.0000
vt 0.0372 0.3793 0.0000
vt 0.0372 0.3796 0.0000
vt 0.0370 0.3796 0.0000
vt 0.0370 0.3793 0.0000
vt 0.0374 0.3798 0.0000
vt 0.0375 0.3798 0.0000
vt 0.0372 0.3798 0.0000
vt 0.0370 0.3798 0.0000
vt 0.0374 0.3801 0.0000
vt 0.0375 0.3801 0.0000
vt 0.0372 0.3801 0.0000
vt 0.0370 0.3801 0.0000
vt 0.0365 0.3793 0.0000
vt 0.0365 0.3796 0.0000
vt 0.0367 0.3796 0.0000
vt 0.0367 0.3793 0.0000
vt 0.0369 0.3796 0.0000
vt 0.0369 0.3793 0.0000
vt 0.0365 0.3798 0.0000
vt 0.0367 0.3798 0.0000
vt 0.0369 0.3798 0.0000
vt 0.0365 0.3801 0.0000
vt 0.0367 0.3801 0.0000
vt 0.0369 0.3801 0.0000
vt 0.0385 0.3793 0.0000
vt 0.0383 0.3793 0.0000
vt 0.0383 0.3796 0.0000
vt 0.0385 0.3796 0.0000
vt 0.0382 0.3793 0.0000
vt 0.0382 0.3796 0.0000
vt 0.0380 0.3796 0.0000
vt 0.0380 0.3793 0.0000
vt 0.0383 0.3798 0.0000
vt 0.0385 0.3798 0.0000
vt 0.0382 0.3798 0.0000
vt 0.0380 0.3798 0.0000
vt 0.0383 0.3801 0.0000
vt 0.0385 0.3801 0.0000
vt 0.0382 0.3801 0.0000
vt 0.0380 0.3801 0.0000
vt 0.0377 0.3796 0.0000
vt 0.0377 0.3793 0.0000
vt 0.0378 0.3796 0.0000
vt 0.0378 0.3793 0.0000
vt 0.0377 0.3798 0.0000
vt 0.0378 0.3798 0.0000
vt 0.0377 0.3801 0.0000
vt 0.0378 0.3801 0.0000
vt 0.0395 0.3793 0.0000
vt 0.0393 0.3793 0.0000
vt 0.0393 0.3796 0.0000
vt 0.0395 0.3796 0.0000
vt 0.0391 0.3793 0.0000
vt 0.0391 0.3796 0.0000
vt 0.0390 0.3796 0.0000
vt 0.0390 0.3793 0.0000
vt 0.0393 0.3798 0.0000
vt 0.0395 0.3798 0.0000
vt 0.0391 0.3798 0.0000
vt 0.0390 0.3798 0.0000
vt 0.0393 0.3801 0.0000
vt 0.0395 0.3801 0.0000
vt 0.0391 0.3801 0.0000
vt 0.0390 0.3801 0.0000
vt 0.0387 0.3796 0.0000
vt 0.0387 0.3793 0.0000
vt 0.0388 0.3796 0.0000
vt 0.0388 0.3793 0.0000
vt 0.0387 0.3798 0.0000
vt 0.0388 0.3798 0.0000
vt 0.0387 0.3801 0.0000
vt 0.0388 0.3801 0.0000
vt 0.0356 0.3793 0.0000
vt 0.0354 0.3793 0.0000
vt 0.0354 0.3796 0.0000
vt 0.0356 0.3796 0.0000
vt 0.0352 0.3793 0.0000
vt 0.0352 0.3796 0.0000
vt 0.0351 0.3796 0.0000
vt 0.0351 0.3793 0.0000
vt 0.0354 0.3798 0.0000
vt 0.0356 0.3798 0.0000
vt 0.0352 0.3798 0.0000
vt 0.0351 0.3798 0.0000
vt 0.0354 0.3801 0.0000
vt 0.0356 0.3801 0.0000
vt 0.0352 0.3801 0.0000
vt 0.0351 0.3801 0.0000
vt 0.0396 0.3796 0.0000
vt 0.0396 0.3793 0.0000
vt 0.0347 0.3793 0.0000
vt 0.0347 0.3796 0.0000
vt 0.0349 0.3796 0.0000
vt 0.0349 0.3793 0.0000
vt 0.0396 0.3798 0.0000
vt 0.0347 0.3798 0.0000
vt 0.0349 0.3798 0.0000
vt 0.0396 0.3801 0.0000
vt 0.0347 0.3801 0.0000
vt 0.0349 0.3801 0.0000
vt 0.0364 0.3793 0.0000
vt 0.0364 0.3796 0.0000
vt 0.0362 0.3793 0.0000
vt 0.0362 0.3796 0.0000
vt 0.0360 0.3796 0.0000
vt 0.0360 0.3793 0.0000
vt 0.0364 0.3798 0.0000
vt 0.0362 0.3798 0.0000
vt 0.0360 0.3798 0.0000
vt 0.0364 0.3801 0.0000
vt 0.0362 0.3801 0.0000
vt 0.0360 0.3801 0.0000
vt 0.0357 0.3796 0.0000
vt 0.0357 0.3793 0.0000
vt 0.0359 0.3796 0.0000
vt 0.0359 0.3793 0.0000
vt 0.0357 0.3798 0.0000
vt 0.0359 0.3798 0.0000
vt 0.0357 0.3801 0.0000
vt 0.0359 0.3801 0.0000
vt 0.0474 0.2401 0.0000
vt 0.0471 0.2401 0.0000
vt 0.0472 0.2398 0.0000
vt 0.0473 0.2398 0.0000
vt 0.0469 0.2395 0.0000
vt 0.0471 0.2395 0.0000
vt 0.0471 0.2389 0.0000
vt 0.0472 0.2392 0.0000
vt 0.0474 0.2389 0.0000
vt 0.0473 0.2392 0.0000
vt 0.0476 0.2395 0.0000
vt 0.0474 0.2395 0.0000
vt 0.0468 0.2401 0.0000
vt 0.0468 0.2399 0.0000
vt 0.0476 0.2399 0.0000
vt 0.0476 0.2401 0.0000
vt 0.0468 0.2397 0.0000
vt 0.0476 0.2397 0.0000
vt 0.0468 0.2395 0.0000
vt 0.0468 0.2393 0.0000
vt 0.0476 0.2393 0.0000
vt 0.0468 0.2391 0.0000
vt 0.0476 0.2391 0.0000
vt 0.0468 0.2389 0.0000
vt 0.0476 0.2389 0.0000
vt 0.0469 0.2386 0.0000
vt 0.0473 0.2402 0.0000
vt 0.0469 0.2402 0.0000
vt 0.0468 0.2394 0.0000
vt 0.0475 0.2394 0.0000
vt 0.0473 0.2386 0.0000
vt 0.0473 0.2399 0.0000
vt 0.0469 0.2399 0.0000
vt 0.0469 0.2398 0.0000
vt 0.0473 0.2397 0.0000
vt 0.0469 0.2397 0.0000
vt 0.0473 0.2396 0.0000
vt 0.0469 0.2396 0.0000
vt 0.0473 0.2395 0.0000
vt 0.0473 0.2394 0.0000
vt 0.0469 0.2394 0.0000
vt 0.0473 0.2393 0.0000
vt 0.0469 0.2393 0.0000
vt 0.0469 0.2392 0.0000
vt 0.0468 0.2382 0.0000
vt 0.0471 0.2381 0.0000
vt 0.0474 0.2382 0.0000
vt 0.0466 0.2408 0.0000
vt 0.0465 0.2403 0.0000
vt 0.0477 0.2403 0.0000
vt 0.0476 0.2408 0.0000
vt 0.0466 0.2394 0.0000
vt 0.0466 0.2406 0.0000
vt 0.0465 0.2400 0.0000
vt 0.0465 0.2391 0.0000
vt 0.0466 0.2386 0.0000
vt 0.0476 0.2386 0.0000
vt 0.0477 0.2391 0.0000
vt 0.0478 0.2397 0.0000
vt 0.0464 0.2397 0.0000
vt 0.0471 0.2413 0.0000
vt 0.0468 0.2411 0.0000
vt 0.0474 0.2411 0.0000
vt 0.0470 0.2385 0.0000
vt 0.0470 0.2414 0.0000
vt 0.0467 0.2411 0.0000
vt 0.0467 0.2388 0.0000
vt 0.0475 0.2385 0.0000
vt 0.0475 0.2414 0.0000
vt 0.0472 0.2415 0.0000
vt 0.0472 0.2384 0.0000
vt 0.0479 0.2400 0.0000
vt 0.0479 0.2406 0.0000
vt 0.0479 0.2394 0.0000
vt 0.0477 0.2388 0.0000
vt 0.0477 0.2411 0.0000
# 324 texture coords

o DrawCall_0182
g DrawCall_0182
usemtl 24fe1dbe_dds
s 1
f 1/1/1 2/2/2 3/3/3 
f 1/1/1 3/3/3 4/4/4 
f 4/4/4 3/3/3 5/5/5 
f 4/4/4 5/5/5 6/6/6 
f 7/7/7 8/8/8 6/6/6 
f 7/7/7 6/6/6 5/5/5 
f 2/2/2 9/9/9 10/10/10 
f 2/2/2 10/10/10 3/3/3 
f 3/3/3 10/10/10 11/11/11 
f 3/3/3 11/11/11 5/5/5 
f 12/12/12 7/7/7 5/5/5 
f 12/12/12 5/5/5 11/11/11 
f 10/10/10 9/9/9 13/13/13 
f 10/10/10 13/13/13 14/14/14 
f 11/11/11 10/10/10 14/14/14 
f 11/11/11 14/14/14 15/15/15 
f 16/16/16 12/12/12 11/11/11 
f 16/16/16 11/11/11 15/15/15 
f 17/17/17 18/18/18 19/19/19 
f 17/17/17 19/19/19 20/20/20 
f 18/18/18 21/21/21 22/22/22 
f 18/18/18 22/22/22 19/19/19 
f 7/7/7 22/22/22 21/21/21 
f 7/7/7 21/21/21 8/8/8 
f 20/20/20 19/19/19 23/23/23 
f 20/20/20 23/23/23 24/24/24 
f 19/19/19 22/22/22 25/25/25 
f 19/19/19 25/25/25 23/23/23 
f 12/12/12 25/25/25 22/22/22 
f 12/12/12 22/22/22 7/7/7 
f 23/23/23 26/26/26 27/27/27 
f 23/23/23 27/27/27 24/24/24 
f 25/25/25 28/28/28 26/26/26 
f 25/25/25 26/26/26 23/23/23 
f 16/16/16 28/28/28 25/25/25 
f 16/16/16 25/25/25 12/12/12 
f 29/29/29 30/30/30 31/31/31 
f 29/29/29 31/31/31 32/32/32 
f 32/32/32 31/31/31 33/33/33 
f 32/32/32 33/33/33 34/34/34 
f 35/35/35 36/36/36 34/34/34 
f 35/35/35 34/34/34 33/33/33 
f 30/30/30 37/37/37 38/38/38 
f 30/30/30 38/38/38 31/31/31 
f 31/31/31 38/38/38 39/39/39 
f 31/31/31 39/39/39 33/33/33 
f 40/40/40 35/35/35 33/33/33 
f 40/40/40 33/33/33 39/39/39 
f 38/38/38 37/37/37 41/41/41 
f 38/38/38 41/41/41 42/42/42 
f 39/39/39 38/38/38 42/42/42 
f 39/39/39 42/42/42 43/43/43 
f 44/44/44 40/40/40 39/39/39 
f 44/44/44 39/39/39 43/43/43 
f 1/1/1 45/45/45 46/46/46 
f 1/1/1 46/46/46 2/2/2 
f 45/45/45 47/47/47 48/48/48 
f 45/45/45 48/48/48 46/46/46 
f 35/35/35 48/48/48 47/47/47 
f 35/35/35 47/47/47 36/36/36 
f 2/2/2 46/46/46 49/49/49 
f 2/2/2 49/49/49 9/9/9 
f 46/46/46 48/48/48 50/50/50 
f 46/46/46 50/50/50 49/49/49 
f 40/40/40 50/50/50 48/48/48 
f 40/40/40 48/48/48 35/35/35 
f 49/49/49 51/51/51 13/13/13 
f 49/49/49 13/13/13 9/9/9 
f 50/50/50 52/52/52 51/51/51 
f 50/50/50 51/51/51 49/49/49 
f 44/44/44 52/52/52 50/50/50 
f 44/44/44 50/50/50 40/40/40 
f 53/53/53 54/54/54 55/55/55 
f 53/53/53 55/55/55 56/56/56 
f 56/56/56 55/55/55 57/57/57 
f 56/56/56 57/57/57 58/58/58 
f 59/59/59 60/60/60 58/58/58 
f 59/59/59 58/58/58 57/57/57 
f 54/54/54 61/61/61 62/62/62 
f 54/54/54 62/62/62 55/55/55 
f 55/55/55 62/62/62 63/63/63 
f 55/55/55 63/63/63 57/57/57 
f 64/64/64 59/59/59 57/57/57 
f 64/64/64 57/57/57 63/63/63 
f 62/62/62 61/61/61 65/65/65 
f 62/62/62 65/65/65 66/66/66 
f 63/63/63 62/62/62 66/66/66 
f 63/63/63 66/66/66 67/67/67 
f 68/68/68 64/64/64 63/63/63 
f 68/68/68 63/63/63 67/67/67 
f 29/29/29 69/69/69 70/70/70 
f 29/29/29 70/70/70 30/30/30 
f 69/69/69 71/71/71 72/72/72 
f 69/69/69 72/72/72 70/70/70 
f 59/59/59 72/72/72 71/71/71 
f 59/59/59 71/71/71 60/60/60 
f 30/30/30 70/70/70 73/73/73 
f 30/30/30 73/73/73 37/37/37 
f 70/70/70 72/72/72 74/74/74 
f 70/70/70 74/74/74 73/73/73 
f 64/64/64 74/74/74 72/72/72 
f 64/64/64 72/72/72 59/59/59 
f 73/73/73 75/75/75 41/41/41 
f 73/73/73 41/41/41 37/37/37 
f 74/74/74 76/76/76 75/75/75 
f 74/74/74 75/75/75 73/73/73 
f 68/68/68 76/76/76 74/74/74 
f 68/68/68 74/74/74 64/64/64 
f 77/77/77 78/78/78 79/79/79 
f 77/77/77 79/79/79 80/80/80 
f 80/80/80 79/79/79 81/81/81 
f 80/80/80 81/81/81 82/82/82 
f 83/83/83 84/84/84 82/82/82 
f 83/83/83 82/82/82 81/81/81 
f 78/78/78 85/85/85 86/86/86 
f 78/78/78 86/86/86 79/79/79 
f 79/79/79 86/86/86 87/87/87 
f 79/79/79 87/87/87 81/81/81 
f 88/88/88 83/83/83 81/81/81 
f 88/88/88 81/81/81 87/87/87 
f 86/86/86 85/85/85 89/89/89 
f 86/86/86 89/89/89 90/90/90 
f 87/87/87 86/86/86 90/90/90 
f 87/87/87 90/90/90 91/91/91 
f 92/92/92 88/88/88 87/87/87 
f 92/92/92 87/87/87 91/91/91 
f 53/53/53 93/93/93 94/94/94 
f 53/53/53 94/94/94 54/54/54 
f 93/95/95 95/96/96 96/97/97 
f 93/95/95 96/97/97 94/98/98 
f 83/83/83 96/97/97 95/96/96 
f 83/83/83 95/96/96 84/84/84 
f 54/54/54 94/94/94 97/99/99 
f 54/54/54 97/99/99 61/61/61 
f 94/98/98 96/97/97 98/100/100 
f 94/98/98 98/100/100 97/101/101 
f 88/88/88 98/100/100 96/97/97 
f 88/88/88 96/97/97 83/83/83 
f 97/99/99 99/102/102 65/65/65 
f 97/99/99 65/65/65 61/61/61 
f 98/100/100 100/103/103 99/104/104 
f 98/100/100 99/104/104 97/101/101 
f 92/92/92 100/103/103 98/100/100 
f 92/92/92 98/100/100 88/88/88 
f 17/17/17 20/20/20 101/105/105 
f 17/17/17 101/105/105 102/106/106 
f 102/106/106 101/105/105 103/107/107 
f 102/106/106 103/107/107 104/108/108 
f 105/109/109 106/110/110 104/108/108 
f 105/109/109 104/108/108 103/107/107 
f 20/20/20 24/24/24 107/111/111 
f 20/20/20 107/111/111 101/105/105 
f 101/105/105 107/111/111 108/112/112 
f 101/105/105 108/112/112 103/107/107 
f 109/113/113 105/109/109 103/107/107 
f 109/113/113 103/107/107 108/112/112 
f 107/111/111 24/24/24 27/27/27 
f 107/111/111 27/27/27 110/114/114 
f 108/112/112 107/111/111 110/114/114 
f 108/112/112 110/114/114 111/115/115 
f 112/116/116 109/113/113 108/112/112 
f 112/116/116 108/112/112 111/115/115 
f 77/77/77 113/117/117 114/118/118 
f 77/77/77 114/118/118 78/78/78 
f 113/117/117 115/119/119 116/120/120 
f 113/117/117 116/120/120 114/118/118 
f 105/109/109 116/120/120 115/119/119 
f 105/109/109 115/119/119 106/110/110 
f 78/78/78 114/118/118 117/121/121 
f 78/78/78 117/121/121 85/85/85 
f 114/118/118 116/120/120 118/122/122 
f 114/118/118 118/122/122 117/121/121 
f 109/113/113 118/122/122 116/120/120 
f 109/113/113 116/120/120 105/109/109 
f 117/121/121 119/123/123 89/89/89 
f 117/121/121 89/89/89 85/85/85 
f 118/122/122 120/124/124 119/123/123 
f 118/122/122 119/123/123 117/121/121 
f 112/116/116 120/124/124 118/122/122 
f 112/116/116 118/122/122 109/113/113 
f 121/125/125 122/126/126 123/127/127 
f 121/125/125 123/127/127 124/128/128 
f 122/126/126 125/129/129 126/130/130 
f 122/126/126 126/130/130 123/127/127 
f 127/131/131 126/130/130 125/129/129 
f 127/131/131 125/129/129 128/132/132 
f 124/128/128 123/127/127 129/133/133 
f 124/128/128 129/133/133 130/134/134 
f 123/127/127 126/130/130 131/135/135 
f 123/127/127 131/135/135 129/133/133 
f 132/136/136 131/135/135 126/130/130 
f 132/136/136 126/130/130 127/131/131 
f 129/133/133 133/137/137 134/138/138 
f 129/133/133 134/138/138 130/134/134 
f 131/135/135 135/139/139 133/137/137 
f 131/135/135 133/137/137 129/133/133 
f 136/140/140 135/139/139 131/135/135 
f 136/140/140 131/135/135 132/136/136 
f 137/141/141 138/142/142 139/143/143 
f 137/141/141 139/143/143 140/144/144 
f 140/144/144 139/143/143 141/145/145 
f 140/144/144 141/145/145 142/146/146 
f 127/131/131 128/132/132 142/146/146 
f 127/131/131 142/146/146 141/145/145 
f 138/142/142 143/147/147 144/148/148 
f 138/142/142 144/148/148 139/143/143 
f 139/143/143 144/148/148 145/149/149 
f 139/143/143 145/149/149 141/145/145 
f 132/136/136 127/131/131 141/145/145 
f 132/136/136 141/145/145 145/149/149 
f 144/148/148 143/147/147 146/150/150 
f 144/148/148 146/150/150 147/151/151 
f 145/149/149 144/148/148 147/151/151 
f 145/149/149 147/151/151 148/152/152 
f 136/140/140 132/136/136 145/149/149 
f 136/140/140 145/149/149 148/152/152 
f 149/153/153 150/154/154 151/155/155 
f 149/153/153 151/155/155 152/156/156 
f 150/154/154 153/157/157 154/158/158 
f 150/154/154 154/158/158 151/155/155 
f 155/159/159 154/158/158 153/157/157 
f 155/159/159 153/157/157 156/160/160 
f 152/156/156 151/155/155 157/161/161 
f 152/156/156 157/161/161 158/162/162 
f 151/155/155 154/158/158 159/163/163 
f 151/155/155 159/163/163 157/161/161 
f 160/164/164 159/163/163 154/158/158 
f 160/164/164 154/158/158 155/159/159 
f 157/161/161 161/165/165 162/166/166 
f 157/161/161 162/166/166 158/162/162 
f 159/163/163 163/167/167 161/165/165 
f 159/163/163 161/165/165 157/161/161 
f 164/168/168 163/167/167 159/163/163 
f 164/168/168 159/163/163 160/164/164 
f 121/125/125 124/128/128 165/169/169 
f 121/125/125 165/169/169 166/170/170 
f 166/170/170 165/169/169 167/171/171 
f 166/170/170 167/171/171 168/172/172 
f 155/159/159 156/160/160 168/172/172 
f 155/159/159 168/172/172 167/171/171 
f 124/128/128 130/134/134 169/173/173 
f 124/128/128 169/173/173 165/169/169 
f 165/169/169 169/173/173 170/174/174 
f 165/169/169 170/174/174 167/171/171 
f 160/164/164 155/159/159 167/171/171 
f 160/164/164 167/171/171 170/174/174 
f 169/173/173 130/134/134 134/138/138 
f 169/173/173 134/138/138 171/175/175 
f 170/174/174 169/173/173 171/175/175 
f 170/174/174 171/175/175 172/176/176 
f 164/168/168 160/164/164 170/174/174 
f 164/168/168 170/174/174 172/176/176 
f 173/177/177 174/178/178 175/179/179 
f 173/177/177 175/179/179 176/180/180 
f 174/178/178 177/181/181 178/182/182 
f 174/178/178 178/182/182 175/179/179 
f 179/183/183 178/182/182 177/181/181 
f 179/183/183 177/181/181 180/184/184 
f 176/180/180 175/179/179 181/185/185 
f 176/180/180 181/185/185 182/186/186 
f 175/179/179 178/182/182 183/187/187 
f 175/179/179 183/187/187 181/185/185 
f 184/188/188 183/187/187 178/182/182 
f 184/188/188 178/182/182 179/183/183 
f 181/185/185 185/189/189 186/190/190 
f 181/185/185 186/190/190 182/186/186 
f 183/187/187 187/191/191 185/189/189 
f 183/187/187 185/189/189 181/185/185 
f 188/192/192 187/191/191 183/187/187 
f 188/192/192 183/187/187 184/188/188 
f 149/153/153 152/156/156 189/193/193 
f 149/153/153 189/193/193 190/194/194 
f 190/194/194 189/193/193 191/195/195 
f 190/194/194 191/195/195 192/196/196 
f 179/183/183 180/184/184 192/196/196 
f 179/183/183 192/196/196 191/195/195 
f 152/156/156 158/162/162 193/197/197 
f 152/156/156 193/197/197 189/193/193 
f 189/193/193 193/197/197 194/198/198 
f 189/193/193 194/198/198 191/195/195 
f 184/188/188 179/183/183 191/195/195 
f 184/188/188 191/195/195 194/198/198 
f 193/197/197 158/162/162 162/166/166 
f 193/197/197 162/166/166 195/199/199 
f 194/198/198 193/197/197 195/199/199 
f 194/198/198 195/199/199 196/200/200 
f 188/192/192 184/188/188 194/198/198 
f 188/192/192 194/198/198 196/200/200 
f 197/201/201 198/202/202 199/203/203 
f 197/201/201 199/203/203 200/204/204 
f 198/202/202 201/205/205 202/206/206 
f 198/202/202 202/206/206 199/203/203 
f 203/207/207 202/206/206 201/205/205 
f 203/207/207 201/205/205 204/208/208 
f 200/204/204 199/203/203 205/209/209 
f 200/204/204 205/209/209 206/210/210 
f 199/203/203 202/206/206 207/211/211 
f 199/203/203 207/211/211 205/209/209 
f 208/212/212 207/211/211 202/206/206 
f 208/212/212 202/206/206 203/207/207 
f 205/209/209 209/213/213 210/214/214 
f 205/209/209 210/214/214 206/210/210 
f 207/211/211 211/215/215 209/213/213 
f 207/211/211 209/213/213 205/209/209 
f 212/216/216 211/215/215 207/211/211 
f 212/216/216 207/211/211 208/212/212 
f 173/177/177 176/180/180 213/217/217 
f 173/177/177 213/217/217 214/218/218 
f 214/219/219 213/220/220 215/221/221 
f 214/219/219 215/221/221 216/222/222 
f 203/207/207 204/208/208 216/222/222 
f 203/207/207 216/222/222 215/221/221 
f 176/180/180 182/186/186 217/223/223 
f 176/180/180 217/223/223 213/217/217 
f 213/220/220 217/224/224 218/225/225 
f 213/220/220 218/225/225 215/221/221 
f 208/212/212 203/207/207 215/221/221 
f 208/212/212 215/221/221 218/225/225 
f 217/223/223 182/186/186 186/190/190 
f 217/223/223 186/190/190 219/226/226 
f 218/225/225 217/224/224 219/227/227 
f 218/225/225 219/227/227 220/228/228 
f 212/216/216 208/212/212 218/225/225 
f 212/216/216 218/225/225 220/228/228 
f 137/141/141 221/229/229 222/230/230 
f 137/141/141 222/230/230 138/142/142 
f 221/229/229 223/231/231 224/232/232 
f 221/229/229 224/232/232 222/230/230 
f 225/233/233 224/232/232 223/231/231 
f 225/233/233 223/231/231 226/234/234 
f 138/142/142 222/230/230 227/235/235 
f 138/142/142 227/235/235 143/147/147 
f 222/230/230 224/232/232 228/236/236 
f 222/230/230 228/236/236 227/235/235 
f 229/237/237 228/236/236 224/232/232 
f 229/237/237 224/232/232 225/233/233 
f 227/235/235 230/238/238 146/150/150 
f 227/235/235 146/150/150 143/147/147 
f 228/236/236 231/239/239 230/238/238 
f 228/236/236 230/238/238 227/235/235 
f 232/240/240 231/239/239 228/236/236 
f 232/240/240 228/236/236 229/237/237 
f 197/201/201 200/204/204 233/241/241 
f 197/201/201 233/241/241 234/242/242 
f 234/242/242 233/241/241 235/243/243 
f 234/242/242 235/243/243 236/244/244 
f 225/233/233 226/234/234 236/244/244 
f 225/233/233 236/244/244 235/243/243 
f 200/204/204 206/210/210 237/245/245 
f 200/204/204 237/245/245 233/241/241 
f 233/241/241 237/245/245 238/246/246 
f 233/241/241 238/246/246 235/243/243 
f 229/237/237 225/233/233 235/243/243 
f 229/237/237 235/243/243 238/246/246 
f 237/245/245 206/210/210 210/214/214 
f 237/245/245 210/214/214 239/247/247 
f 238/246/246 237/245/245 239/247/247 
f 238/246/246 239/247/247 240/248/248 
f 232/240/240 229/237/237 238/246/246 
f 232/240/240 238/246/246 240/248/248 
f 4/4/4 122/126/126 121/125/125 
f 4/4/4 121/125/125 1/1/1 
f 6/6/6 125/129/129 122/126/126 
f 6/6/6 122/126/126 4/4/4 
f 8/8/8 128/132/132 125/129/129 
f 8/8/8 125/129/129 6/6/6 
f 18/18/18 17/17/17 137/141/141 
f 18/18/18 137/141/141 140/144/144 
f 21/21/21 18/18/18 140/144/144 
f 21/21/21 140/144/144 142/146/146 
f 8/8/8 21/21/21 142/146/146 
f 8/8/8 142/146/146 128/132/132 
f 32/32/32 150/154/154 149/153/153 
f 32/32/32 149/153/153 29/29/29 
f 34/34/34 153/157/157 150/154/154 
f 34/34/34 150/154/154 32/32/32 
f 36/36/36 156/160/160 153/157/157 
f 36/36/36 153/157/157 34/34/34 
f 45/45/45 1/1/1 121/125/125 
f 45/45/45 121/125/125 166/170/170 
f 47/47/47 45/45/45 166/170/170 
f 47/47/47 166/170/170 168/172/172 
f 36/36/36 47/47/47 168/172/172 
f 36/36/36 168/172/172 156/160/160 
f 56/56/56 174/178/178 173/177/177 
f 56/56/56 173/177/177 53/53/53 
f 58/58/58 177/181/181 174/178/178 
f 58/58/58 174/178/178 56/56/56 
f 60/60/60 180/184/184 177/181/181 
f 60/60/60 177/181/181 58/58/58 
f 69/69/69 29/29/29 149/153/153 
f 69/69/69 149/153/153 190/194/194 
f 71/71/71 69/69/69 190/194/194 
f 71/71/71 190/194/194 192/196/196 
f 60/60/60 71/71/71 192/196/196 
f 60/60/60 192/196/196 180/184/184 
f 80/80/80 198/202/202 197/201/201 
f 80/80/80 197/201/201 77/77/77 
f 82/82/82 201/205/205 198/202/202 
f 82/82/82 198/202/202 80/80/80 
f 84/84/84 204/208/208 201/205/205 
f 84/84/84 201/205/205 82/82/82 
f 93/93/93 53/53/53 173/177/177 
f 93/93/93 173/177/177 214/218/218 
f 95/96/96 93/95/95 214/219/219 
f 95/96/96 214/219/219 216/222/222 
f 84/84/84 95/96/96 216/222/222 
f 84/84/84 216/222/222 204/208/208 
f 102/106/106 221/229/229 137/141/141 
f 102/106/106 137/141/141 17/17/17 
f 104/108/108 223/231/231 221/229/229 
f 104/108/108 221/229/229 102/106/106 
f 106/110/110 226/234/234 223/231/231 
f 106/110/110 223/231/231 104/108/108 
f 113/117/117 77/77/77 197/201/201 
f 113/117/117 197/201/201 234/242/242 
f 115/119/119 113/117/117 234/242/242 
f 115/119/119 234/242/242 236/244/244 
f 106/110/110 115/119/119 236/244/244 
f 106/110/110 236/244/244 226/234/234 
f 241/249/249 242/250/250 243/251/251 
f 241/249/249 243/251/251 244/252/252 
f 242/250/250 245/253/253 246/254/254 
f 242/250/250 246/254/254 243/251/251 
f 245/253/253 247/255/255 248/256/256 
f 245/253/253 248/256/256 246/254/254 
f 247/255/255 249/257/257 250/258/258 
f 247/255/255 250/258/258 248/256/256 
f 249/257/257 251/259/259 252/260/260 
f 249/257/257 252/260/260 250/258/258 
f 251/259/259 241/249/249 244/252/252 
f 251/259/259 244/252/252 252/260/260 
f 248/256/256 243/251/251 246/254/254 
f 253/261/261 254/262/261 255/263/261 
f 253/261/261 255/263/261 256/264/261 
f 254/262/262 257/265/262 258/266/262 
f 254/262/262 258/266/262 255/263/262 
f 257/265/263 259/267/264 260/259/263 
f 257/265/263 260/259/263 258/266/263 
f 259/267/265 261/268/265 262/269/265 
f 259/267/265 262/269/265 260/259/265 
f 261/268/266 263/270/266 264/271/266 
f 261/268/266 264/271/266 262/269/266 
f 263/270/267 253/272/268 256/273/267 
f 263/270/267 256/273/267 264/271/269 
f 260/274/270 256/275/271 255/276/271 
f 260/274/270 255/276/271 258/277/272 
f 264/278/270 256/275/271 260/274/270 
f 264/278/270 260/274/270 262/279/273 
f 265/249/249 266/250/250 267/251/274 
f 265/249/249 267/251/274 268/252/275 
f 266/250/250 269/253/253 270/254/254 
f 266/250/250 270/254/254 267/251/274 
f 269/253/253 271/255/255 272/256/256 
f 269/253/253 272/256/256 270/254/254 
f 271/255/255 273/257/276 274/258/277 
f 271/255/255 274/258/277 272/256/256 
f 273/257/276 275/259/278 276/260/279 
f 273/257/276 276/260/279 274/258/277 
f 275/259/278 265/249/249 268/252/275 
f 275/259/278 268/252/275 276/260/279 
f 272/256/256 267/251/274 270/254/254 
f 277/261/261 278/262/261 279/263/261 
f 277/261/261 279/263/261 280/264/261 
f 278/262/280 281/265/280 282/266/280 
f 278/262/280 282/266/280 279/263/280 
f 281/265/263 283/267/263 284/259/263 
f 281/265/263 284/259/263 282/266/263 
f 283/267/281 285/268/281 286/269/282 
f 283/267/281 286/269/282 284/259/283 
f 285/268/266 287/270/266 288/271/266 
f 285/268/266 288/271/266 286/269/266 
f 287/270/284 277/272/284 280/273/284 
f 287/270/284 280/273/284 288/271/284 
f 284/274/273 280/275/273 279/276/273 
f 284/274/273 279/276/273 282/277/285 
f 288/278/270 280/275/273 284/274/273 
f 288/278/270 284/274/273 286/279/270 
f 289/249/286 290/250/287 291/251/288 
f 289/249/286 291/251/288 292/252/289 
f 290/250/287 293/253/290 294/254/291 
f 290/250/287 294/254/291 291/251/288 
f 293/253/290 295/255/292 296/256/293 
f 293/253/290 296/256/293 294/254/291 
f 295/255/292 297/257/257 298/258/258 
f 295/255/292 298/258/258 296/256/293 
f 297/257/257 299/259/278 300/260/294 
f 297/257/257 300/260/294 298/258/258 
f 299/259/278 289/249/286 292/252/289 
f 299/259/278 292/252/289 300/260/294 
f 298/258/258 292/252/289 291/251/288 
f 298/258/258 291/251/288 296/256/293 
f 301/261/261 302/262/261 303/263/261 
f 301/261/261 303/263/261 304/264/261 
f 302/262/262 305/265/280 306/266/262 
f 302/262/262 306/266/262 303/263/262 
f 305/265/264 307/267/263 308/259/264 
f 305/265/264 308/259/264 306/266/295 
f 307/267/281 309/268/281 310/269/281 
f 307/267/281 310/269/281 308/259/281 
f 309/268/266 311/270/296 312/271/266 
f 309/268/266 312/271/266 310/269/266 
f 311/270/267 301/272/268 304/273/267 
f 311/270/267 304/273/267 312/271/269 
f 308/274/273 304/275/273 303/276/273 
f 308/274/273 303/276/273 306/277/273 
f 312/278/270 304/275/273 308/274/273 
f 312/278/270 308/274/273 310/279/270 
f 313/249/249 314/250/250 315/251/251 
f 313/249/249 315/251/251 316/252/297 
f 314/250/250 317/253/290 318/254/254 
f 314/250/250 318/254/254 315/251/251 
f 317/253/290 319/255/255 320/256/298 
f 317/253/290 320/256/298 318/254/254 
f 319/255/255 321/257/276 322/258/277 
f 319/255/255 322/258/277 320/256/298 
f 321/257/276 323/259/299 324/260/300 
f 321/257/276 324/260/300 322/258/277 
f 323/259/299 313/249/249 316/252/297 
f 323/259/299 316/252/297 324/260/300 
f 320/256/298 315/251/251 318/254/254 
f 325/261/261 326/262/261 327/263/261 
f 325/261/261 327/263/261 328/264/261 
f 326/262/262 329/265/262 330/266/301 
f 326/262/262 330/266/301 327/263/280 
f 329/265/264 331/267/264 332/259/264 
f 329/265/264 332/259/264 330/266/264 
f 331/267/265 333/268/281 334/269/265 
f 331/267/265 334/269/265 332/259/265 
f 333/268/266 335/270/266 336/271/302 
f 333/268/266 336/271/302 334/269/296 
f 335/270/267 325/272/268 328/273/267 
f 335/270/267 328/273/267 336/271/269 
f 332/274/273 328/275/271 327/276/273 
f 332/274/273 327/276/273 330/277/273 
f 336/278/271 328/275/271 332/274/273 
f 336/278/271 332/274/273 334/279/273 
f 337/249/249 338/250/303 339/251/288 
f 337/249/249 339/251/288 340/252/304 
f 338/250/303 341/253/290 342/254/254 
f 338/250/303 342/254/254 339/251/288 
f 341/253/290 343/255/292 344/256/305 
f 341/253/290 344/256/305 342/254/254 
f 343/255/292 345/257/257 346/258/258 
f 343/255/292 346/258/258 344/256/305 
f 345/257/257 347/259/278 348/260/300 
f 345/257/257 348/260/300 346/258/258 
f 347/259/278 337/249/249 340/252/304 
f 347/259/278 340/252/304 348/260/300 
f 344/256/305 339/251/288 342/254/254 
f 349/261/261 350/262/261 351/263/261 
f 349/261/261 351/263/261 352/264/261 
f 350/262/262 353/265/262 354/266/262 
f 350/262/262 354/266/262 351/263/262 
f 353/265/306 355/267/306 356/259/306 
f 353/265/306 356/259/306 354/266/306 
f 355/267/281 357/268/281 358/269/281 
f 355/267/281 358/269/281 356/259/281 
f 357/268/266 359/270/266 360/271/266 
f 357/268/266 360/271/266 358/269/266 
f 359/270/284 349/272/284 352/273/284 
f 359/270/284 352/273/284 360/271/269 
f 356/274/273 352/275/271 351/276/273 
f 356/274/273 351/276/273 354/277/273 
f 360/278/285 352/275/271 356/274/273 
f 360/278/285 356/274/273 358/279/307 
f 361/249/257 362/250/278 363/251/294 
f 361/249/257 363/251/294 364/252/258 
f 362/250/278 365/253/249 366/254/297 
f 362/250/278 366/254/297 363/251/294 
f 365/253/249 367/255/250 368/256/288 
f 365/253/249 368/256/288 366/254/297 
f 367/255/250 369/257/308 370/258/309 
f 367/255/250 370/258/309 368/256/288 
f 369/257/308 371/259/310 372/260/256 
f 369/257/308 372/260/256 370/258/309 
f 371/259/310 361/249/257 364/252/258 
f 371/259/310 364/252/258 372/260/256 
f 372/260/256 368/256/288 370/258/309 
f 373/261/296 374/262/296 375/263/302 
f 373/261/296 375/263/302 376/264/266 
f 374/262/269 377/265/269 378/266/269 
f 374/262/269 378/266/269 375/263/284 
f 377/265/311 379/267/311 380/259/311 
f 377/265/311 380/259/311 378/266/311 
f 379/267/262 381/268/262 382/269/262 
f 379/267/262 382/269/262 380/259/262 
f 381/268/295 383/270/295 384/271/295 
f 381/268/295 384/271/295 382/269/263 
f 383/270/265 373/272/265 376/273/265 
f 383/270/265 376/273/265 384/271/281 
f 380/274/271 376/275/271 375/276/271 
f 380/274/271 375/276/271 378/277/312 
f 384/278/270 376/275/271 380/274/271 
f 384/278/270 380/274/271 382/279/271 
f 385/280/313 386/280/314 387/281/315 
f 385/280/313 387/281/315 388/281/313 
f 386/280/314 389/252/316 390/282/317 
f 386/280/314 390/282/317 387/281/315 
f 389/252/316 391/252/311 392/282/311 
f 389/252/316 392/282/311 390/282/317 
f 391/252/311 393/283/318 394/284/319 
f 391/252/311 394/284/319 392/282/311 
f 393/283/318 395/283/320 396/284/321 
f 393/283/318 396/284/321 394/284/319 
f 395/283/320 397/285/322 398/286/323 
f 395/283/320 398/286/323 396/284/321 
f 397/285/322 399/285/324 400/286/325 
f 397/285/322 400/286/325 398/286/323 
f 399/285/324 401/285/326 402/286/327 
f 399/285/324 402/286/327 400/286/325 
f 401/285/326 403/287/328 404/253/329 
f 401/285/326 404/253/329 402/286/327 
f 403/287/328 405/287/330 406/253/331 
f 403/287/328 406/253/331 404/253/329 
f 405/287/330 407/288/265 408/289/265 
f 405/287/330 408/289/265 406/253/331 
f 407/288/265 409/288/332 410/289/333 
f 407/288/265 410/289/333 408/289/265 
f 409/288/332 411/290/334 412/291/335 
f 409/288/332 412/291/335 410/289/333 
f 411/290/334 413/290/336 414/291/337 
f 411/290/334 414/291/337 412/291/335 
f 413/290/336 415/290/338 416/291/339 
f 413/290/336 416/291/339 414/291/337 
f 415/290/338 385/258/340 388/292/340 
f 415/290/338 388/292/340 416/291/339 
f 401/293/341 399/294/341 397/295/341 
f 411/296/342 409/297/342 389/298/342 
f 411/296/342 389/298/342 386/299/342 
f 402/300/271 398/301/273 400/302/343 
f 405/303/342 403/304/341 395/305/342 
f 405/303/342 395/305/342 393/306/342 
f 403/304/341 401/293/341 397/295/341 
f 403/304/341 397/295/341 395/305/342 
f 391/307/342 389/298/342 409/297/342 
f 391/307/342 409/297/342 407/308/342 
f 415/309/341 413/310/341 385/311/342 
f 385/311/342 413/310/341 411/296/342 
f 385/311/342 411/296/342 386/299/342 
f 391/307/342 407/308/342 405/303/342 
f 391/307/342 405/303/342 393/306/342 
f 406/312/273 394/313/273 396/314/273 
f 406/312/273 396/314/273 404/315/273 
f 404/315/273 396/314/273 398/301/273 
f 404/315/273 398/301/273 402/300/271 
f 410/316/273 390/317/273 392/318/273 
f 410/316/273 392/318/273 408/319/273 
f 408/319/273 392/318/273 394/313/273 
f 408/319/273 394/313/273 406/312/273 
f 416/320/271 388/321/271 414/322/271 
f 412/323/273 387/324/271 390/317/273 
f 412/323/273 390/317/273 410/316/273 
f 414/322/271 388/321/271 387/324/271 
f 414/322/271 387/324/271 412/323/273 
f 276/260/279 268/252/275 274/258/277 
f 274/258/277 268/252/275 267/251/274 
f 274/258/277 267/251/274 272/256/256 
f 296/256/293 291/251/288 294/254/291 
f 300/260/294 292/252/289 298/258/258 
f 366/254/297 364/252/258 363/251/294 
f 372/260/256 364/252/258 366/254/297 
f 372/260/256 366/254/297 368/256/288 
f 324/260/300 316/252/297 322/258/277 
f 322/258/277 316/252/297 315/251/251 
f 322/258/277 315/251/251 320/256/298 
f 250/258/258 244/252/252 243/251/251 
f 250/258/258 243/251/251 248/256/256 
f 252/260/260 244/252/252 250/258/258 
f 346/258/258 340/252/304 339/251/288 
f 346/258/258 339/251/288 344/256/305 
f 348/260/300 340/252/304 346/258/258 
# 672 faces

#
# object DrawCall_0314
#

v  3.3800 2.9676 -2.3062
v  3.3524 2.9421 -2.3973
v  2.7033 3.5207 -2.4027
v  2.7250 3.5514 -2.3116
v  3.8994 2.2602 -2.3016
v  3.8671 2.2411 -2.3928
v  4.2249 1.4483 -2.3892
v  4.2604 1.4603 -2.2980
v  4.4522 -0.2751 -2.2945
v  4.2744 -1.1346 -2.2948
v  4.2388 -1.1233 -2.3860
v  4.4149 -0.2714 -2.3858
v  4.4474 0.6027 -2.2957
v  4.4102 0.5985 -2.3869
v  3.9220 -1.9384 -2.2963
v  3.8896 -1.9199 -2.3875
v  3.4103 -2.6513 -2.2991
v  3.3825 -2.6264 -2.3902
v  2.7397 -3.2119 -2.3941
v  2.7617 -3.2422 -2.3030
v  1.1718 -3.9609 -2.3135
v  0.3001 -4.0573 -2.3196
v  0.3001 -4.0198 -2.4105
v  1.1641 -3.9242 -2.4045
v  2.0045 -3.6852 -2.3079
v  1.9893 -3.6509 -2.3989
v  -0.5727 -3.9703 -2.3259
v  -0.5648 -3.9335 -2.4169
v  -1.4083 -3.7036 -2.3322
v  -1.3929 -3.6691 -2.4231
v  -2.1480 -3.2383 -2.4290
v  -2.1702 -3.2688 -2.3382
v  -3.3446 -1.9776 -2.3482
v  -3.7056 -1.1776 -2.3518
v  -3.6696 -1.1659 -2.4424
v  -3.3118 -1.9587 -2.4389
v  -2.8252 -2.6849 -2.3436
v  -2.7971 -2.6597 -2.4344
v  -3.8926 -0.3200 -2.3541
v  -3.8549 -0.3160 -2.4448
v  -3.8974 0.5577 -2.3553
v  -3.8596 0.5539 -2.4459
v  -3.6835 1.4057 -2.4457
v  -3.7197 1.4173 -2.3550
v  -2.8556 2.9340 -2.3507
v  -2.2069 3.5248 -2.3468
v  -2.1844 3.4943 -2.4375
v  -2.8272 2.9088 -2.4414
v  -3.3672 2.2211 -2.3535
v  -3.3343 2.2023 -2.4442
v  -1.4497 3.9678 -2.3420
v  -1.4340 3.9333 -2.4327
v  -0.6171 4.2435 -2.3363
v  -0.6088 4.2066 -2.4272
v  0.2552 4.3022 -2.4211
v  0.2547 4.3400 -2.3302
v  1.9631 3.9862 -2.3176
v  1.9482 3.9516 -2.4086
v  1.1275 4.2530 -2.3239
v  1.1201 4.2159 -2.4148
v  3.0937 2.7070 -2.2720
v  2.4992 3.2369 -2.2769
v  3.5652 2.0649 -2.2679
v  3.6567 1.8622 -2.2670
v  3.8929 1.3387 -2.2647
v  3.0774 2.6923 -2.2409
v  2.4863 3.2192 -2.2458
v  3.5462 2.0538 -2.2368
v  3.6378 1.8499 -2.2294
v  3.8215 1.3152 -2.1948
v  3.6246 1.7811 -2.1704
v  3.8597 1.3278 -2.2324
v  3.5790 1.7197 -2.0997
v  3.4002 1.6513 -1.9623
v  3.8678 0.8461 -2.0965
v  3.6834 0.7948 -1.9592
v  3.9057 -1.0169 -2.2617
v  4.0670 -0.2366 -2.2615
v  4.0627 0.5602 -2.2625
v  4.0154 0.7775 -2.2631
v  3.9928 0.7762 -2.2255
v  3.9411 0.8239 -2.1670
v  3.8847 -1.0102 -2.2306
v  4.0451 -0.2344 -2.2304
v  4.0408 0.5578 -2.2314
v  3.5858 -1.7465 -2.2631
v  3.1213 -2.3937 -2.2656
v  2.9569 -2.5435 -2.2666
v  2.5325 -2.9301 -2.2691
v  3.5667 -1.7357 -2.2320
v  3.1048 -2.3791 -2.2345
v  2.9393 -2.5293 -2.2289
v  2.4878 -2.8694 -2.1992
v  2.8696 -2.5382 -2.1705
v  2.5117 -2.9019 -2.2368
v  2.7971 -2.5138 -2.1001
v  2.6763 -2.3650 -1.9626
v  2.0561 -3.0587 -2.1047
v  1.9499 -2.8992 -1.9671
v  0.2979 -3.6700 -2.2842
v  1.0892 -3.5825 -2.2786
v  1.8451 -3.3322 -2.2735
v  2.0370 -3.2200 -2.2723
v  2.0287 -3.1989 -2.2346
v  2.0578 -3.1352 -2.1756
v  0.2977 -3.6481 -2.2530
v  1.0845 -3.5610 -2.2475
v  1.8360 -3.3122 -2.2424
v  -0.4944 -3.5910 -2.2900
v  -1.2529 -3.3489 -2.2957
v  -1.4460 -3.2387 -2.2972
v  -1.9446 -2.9542 -2.3011
v  -0.4900 -3.5695 -2.2587
v  -1.2442 -3.3288 -2.2644
v  -1.4381 -3.2176 -2.2594
v  -1.9010 -2.8931 -2.2306
v  -1.4683 -3.1542 -2.2008
v  -1.9243 -2.9258 -2.2685
v  -1.4678 -3.0777 -2.1298
v  -1.3641 -2.9171 -1.9908
v  -2.2146 -2.5408 -2.1358
v  -2.0963 -2.3907 -1.9966
v  -3.3384 -1.0559 -2.3134
v  -3.0106 -1.7821 -2.3101
v  -2.5391 -2.4242 -2.3060
v  -2.3732 -2.5722 -2.3046
v  -2.3559 -2.5578 -2.2668
v  -2.2865 -2.5660 -2.2074
v  -3.3177 -1.0490 -2.2820
v  -2.9918 -1.7710 -2.2788
v  -2.5230 -2.4094 -2.2747
v  -3.5081 -0.2774 -2.3156
v  -3.5124 0.5194 -2.3166
v  -3.4674 0.7372 -2.3165
v  -3.3511 1.2996 -2.3164
v  -3.4864 -0.2750 -2.2842
v  -3.4907 0.5172 -2.2852
v  -3.4450 0.7361 -2.2786
v  -3.2797 1.2769 -2.2455
v  -3.3943 0.7843 -2.2194
v  -3.3179 1.2891 -2.2836
v  -3.3216 0.8073 -2.1479
v  -3.1374 0.7580 -2.0079
v  -3.0422 1.6840 -2.1469
v  -2.8634 1.6175 -2.0071
v  -1.9779 3.2128 -2.3089
v  -2.5667 2.6764 -2.3125
v  -3.0312 2.0293 -2.3150
v  -3.1205 1.8256 -2.3154
v  -3.1017 1.8135 -2.2775
v  -3.0881 1.7449 -2.2184
v  -1.9650 3.1952 -2.2776
v  -2.5504 2.6619 -2.2811
v  -3.0123 2.0185 -2.2836
v  -1.2905 3.6149 -2.3045
v  -0.5347 3.8652 -2.2994
v  -0.3138 3.8897 -2.2979
v  0.2567 3.9528 -2.2938
v  -1.2816 3.5950 -2.2732
v  -0.5301 3.8439 -2.2681
v  -0.3080 3.8680 -2.2600
v  0.2569 3.8777 -2.2234
v  -0.2467 3.8345 -2.2006
v  0.2568 3.9179 -2.2613
v  -0.2026 3.7723 -2.1292
v  -0.1929 3.5814 -1.9904
v  0.7169 3.7773 -2.1227
v  0.7086 3.5863 -1.9840
v  1.8075 3.6316 -2.2824
v  1.0490 3.8738 -2.2881
v  0.8278 3.8959 -2.2897
v  0.8220 3.8741 -2.2520
v  0.7608 3.8399 -2.1935
v  1.7986 3.6116 -2.2512
v  1.0444 3.8524 -2.2569
v  0.2725 0.1435 -0.5931
v  -0.1726 0.7495 -0.5726
v  0.0363 0.8574 -0.5712
v  0.2683 0.8955 -0.5696
v  -0.3379 0.5822 -0.5735
v  -0.4435 0.3720 -0.5740
v  -0.4790 0.1394 -0.5740
v  -0.4410 -0.0928 -0.5735
v  -0.3331 -0.3018 -0.5724
v  -0.1660 -0.4673 -0.5710
v  0.0441 -0.5730 -0.5694
v  0.2765 -0.6085 -0.5677
v  0.5085 -0.5705 -0.5661
v  0.7174 -0.4625 -0.5647
v  0.8827 -0.2953 -0.5637
v  0.9883 -0.0850 -0.5632
v  1.0238 0.1475 -0.5633
v  0.9858 0.3797 -0.5638
v  0.8779 0.5888 -0.5649
v  0.7108 0.7542 -0.5663
v  0.5007 0.8599 -0.5679
# 196 vertices

vn 0.6855 0.6204 -0.3811
vn 0.6853 0.6206 -0.3811
vn 0.5413 0.7491 -0.3819
vn 0.5416 0.7488 -0.3820
vn 0.7994 0.4648 -0.3807
vn 0.7993 0.4650 -0.3807
vn 0.8785 0.2892 -0.3802
vn 0.8786 0.2891 -0.3802
vn 0.9207 -0.0918 -0.3794
vn 0.8817 -0.2805 -0.3794
vn 0.8816 -0.2807 -0.3794
vn 0.9207 -0.0919 -0.3794
vn 0.9196 0.1008 -0.3796
vn 0.9196 0.1009 -0.3796
vn 0.8044 -0.4571 -0.3795
vn 0.8043 -0.4573 -0.3795
vn 0.6921 -0.6139 -0.3797
vn 0.6919 -0.6141 -0.3797
vn 0.5494 -0.7441 -0.3802
vn 0.5496 -0.7439 -0.3802
vn 0.1999 -0.9026 -0.3812
vn 0.0079 -0.9242 -0.3818
vn 0.0075 -0.9242 -0.3818
vn 0.1995 -0.9027 -0.3812
vn 0.3832 -0.8416 -0.3806
vn 0.3828 -0.8418 -0.3806
vn -0.1844 -0.9053 -0.3826
vn -0.1849 -0.9052 -0.3826
vn -0.3687 -0.8469 -0.3833
vn -0.3691 -0.8467 -0.3833
vn -0.5371 -0.7511 -0.3839
vn -0.5368 -0.7513 -0.3839
vn -0.7960 -0.4672 -0.3848
vn -0.8756 -0.2910 -0.3855
vn -0.8757 -0.2908 -0.3855
vn -0.7962 -0.4669 -0.3848
vn -0.6813 -0.6229 -0.3845
vn -0.6815 -0.6226 -0.3845
vn -0.9169 -0.1021 -0.3859
vn -0.9179 0.0912 -0.3862
vn -0.8788 0.2804 -0.3861
vn -0.8787 0.2806 -0.3861
vn -0.6880 0.6145 -0.3862
vn -0.5448 0.7445 -0.3859
vn -0.5452 0.7442 -0.3859
vn -0.6882 0.6142 -0.3861
vn -0.8010 0.4576 -0.3861
vn -0.8011 0.4574 -0.3861
vn -0.3778 0.8419 -0.3853
vn -0.3782 0.8417 -0.3853
vn -0.1941 0.9023 -0.3848
vn -0.1946 0.9022 -0.3848
vn -0.0025 0.9233 -0.3842
vn -0.0020 0.9233 -0.3842
vn 0.3741 0.8447 -0.3827
vn 0.3737 0.8449 -0.3827
vn 0.1902 0.9037 -0.3835
vn 0.1898 0.9038 -0.3835
vn -0.1925 -0.2784 -0.9410
vn -0.2459 -0.2310 -0.9414
vn -0.4353 -0.4021 -0.8055
vn -0.3421 -0.4849 -0.8049
vn -0.2883 -0.1735 -0.9417
vn -0.5094 -0.3056 -0.8044
vn -0.5786 -0.2585 -0.7736
vn -0.3177 -0.1084 -0.9420
vn -0.4813 -0.1622 -0.8614
vn -0.6026 -0.5523 -0.5761
vn -0.4745 -0.6662 -0.5753
vn -0.7009 -0.4204 -0.5763
vn -0.7838 -0.3350 -0.5228
vn -0.6582 -0.2202 -0.7199
vn -0.7582 -0.2898 -0.5841
vn -0.6499 -0.2175 -0.7283
vn -0.6326 -0.2245 -0.7413
vn -0.5528 -0.1857 -0.8123
vn -0.6401 -0.2016 -0.7414
vn -0.5529 -0.1857 -0.8123
vn -0.3188 0.1026 -0.9422
vn -0.5626 0.1802 -0.8069
vn -0.5882 0.0582 -0.8066
vn -0.3333 0.0327 -0.9422
vn -0.5875 -0.0665 -0.8065
vn -0.3329 -0.0387 -0.9422
vn -0.6161 -0.1389 -0.7753
vn -0.8305 -0.1980 -0.5207
vn -0.7802 -0.2231 -0.5845
vn -0.7775 0.2484 -0.5777
vn -0.8127 0.0806 -0.5770
vn -0.8143 -0.0912 -0.5732
vn -0.2901 0.1680 -0.9421
vn -0.5127 0.2944 -0.8065
vn -0.2484 0.2259 -0.9420
vn -0.4431 0.3943 -0.8051
vn -0.4200 0.4745 -0.7736
vn -0.1955 0.2739 -0.9417
vn -0.3031 0.4115 -0.8596
vn -0.7091 0.4054 -0.5769
vn -0.6131 0.5391 -0.5774
vn -0.5578 0.6444 -0.5231
vn -0.4084 0.5614 -0.7197
vn -0.5062 0.6341 -0.5845
vn -0.4060 0.5487 -0.7308
vn -0.4043 0.5357 -0.7413
vn -0.3424 0.4725 -0.8121
vn -0.3850 0.5501 -0.7410
vn 0.0049 0.3399 -0.9405
vn 0.0026 0.5942 -0.8043
vn -0.1212 0.5807 -0.8050
vn -0.0660 0.3321 -0.9409
vn -0.2396 0.5420 -0.8055
vn -0.1338 0.3098 -0.9413
vn -0.3140 0.5517 -0.7726
vn -0.4318 0.7325 -0.5263
vn -0.4497 0.6756 -0.5842
vn -0.0005 0.8181 -0.5751
vn -0.1708 0.7995 -0.5758
vn -0.3348 0.7484 -0.5726
vn 0.0759 0.3327 -0.9400
vn 0.1265 0.5816 -0.8036
vn 0.1438 0.3110 -0.9395
vn 0.2428 0.5465 -0.8015
vn 0.3257 0.5489 -0.7698
vn 0.2057 0.2756 -0.9390
vn 0.3047 0.4142 -0.8577
vn 0.1699 0.8009 -0.5741
vn 0.3266 0.7512 -0.5736
vn 0.4431 0.7307 -0.5194
vn 0.4115 0.5645 -0.7156
vn 0.4497 0.6789 -0.5805
vn 0.4063 0.5571 -0.7242
vn 0.3885 0.5528 -0.7372
vn 0.3480 0.4751 -0.8082
vn 0.4082 0.5389 -0.7369
vn 0.3303 0.1058 -0.9379
vn 0.5698 0.1855 -0.8005
vn 0.5190 0.2988 -0.8008
vn 0.3010 0.1708 -0.9382
vn 0.4454 0.3988 -0.8016
vn 0.2588 0.2281 -0.9386
vn 0.4258 0.4741 -0.7707
vn 0.5609 0.6471 -0.5165
vn 0.5064 0.6380 -0.5800
vn 0.7802 0.2560 -0.5708
vn 0.7102 0.4119 -0.5709
vn 0.6108 0.5514 -0.5683
vn 0.3455 0.0363 -0.9377
vn 0.5962 0.0643 -0.8002
vn 0.3458 -0.0349 -0.9376
vn 0.5991 -0.0569 -0.7987
vn 0.6269 -0.1351 -0.7673
vn 0.3314 -0.1046 -0.9377
vn 0.4931 -0.1562 -0.8559
vn 0.8165 0.0891 -0.5704
vn 0.8181 -0.0748 -0.5702
vn 0.8345 -0.1920 -0.5165
vn 0.6682 -0.2122 -0.7131
vn 0.7878 -0.2138 -0.5777
vn 0.6596 -0.2095 -0.7219
vn 0.6501 -0.1938 -0.7347
vn 0.5642 -0.1790 -0.8060
vn 0.6428 -0.2167 -0.7347
vn 0.2086 -0.2757 -0.9383
vn 0.3580 -0.4799 -0.8010
vn 0.4497 -0.3961 -0.8006
vn 0.2613 -0.2277 -0.9380
vn 0.5220 -0.2951 -0.8003
vn 0.3028 -0.1699 -0.9378
vn 0.5871 -0.2534 -0.7688
vn 0.7918 -0.3297 -0.5141
vn 0.7665 -0.2803 -0.5778
vn 0.4885 -0.6597 -0.5710
vn 0.6148 -0.5444 -0.5706
vn 0.7166 -0.4066 -0.5667
vn 0.1471 -0.3118 -0.9387
vn 0.2507 -0.5429 -0.8015
vn 0.0795 -0.3342 -0.9391
vn 0.1362 -0.5833 -0.8007
vn 0.0700 -0.6345 -0.7697
vn 0.0086 -0.3422 -0.9396
vn 0.0090 -0.5131 -0.8583
vn 0.3410 -0.7463 -0.5716
vn 0.1853 -0.7988 -0.5723
vn 0.0785 -0.8513 -0.5188
vn 0.0088 -0.6979 -0.7162
vn 0.0436 -0.8132 -0.5804
vn 0.0089 -0.6890 -0.7247
vn 0.0210 -0.6750 -0.7375
vn 0.0089 -0.5879 -0.8089
vn -0.0031 -0.6750 -0.7378
vn -0.2337 -0.5465 -0.8042
vn -0.1305 -0.3137 -0.9405
vn -0.1149 -0.5840 -0.8036
vn -0.0624 -0.3352 -0.9401
vn -0.0552 -0.6334 -0.7719
vn -0.0662 -0.8534 -0.5171
vn -0.0265 -0.8136 -0.5809
vn -0.3256 -0.7510 -0.5745
vn -0.1627 -0.8052 -0.5702
vn 0.0071 -0.0012 -1.0000
vn -0.0122 0.0250 -0.9996
vn -0.0031 0.0297 -0.9996
vn 0.0070 0.0313 -0.9995
vn -0.0193 0.0178 -0.9997
vn -0.0239 0.0087 -0.9997
vn -0.0254 -0.0014 -0.9997
vn -0.0238 -0.0115 -0.9997
vn -0.0191 -0.0205 -0.9996
vn -0.0119 -0.0277 -0.9995
vn -0.0028 -0.0322 -0.9995
vn 0.0073 -0.0338 -0.9994
vn 0.0174 -0.0321 -0.9993
vn 0.0264 -0.0275 -0.9993
vn 0.0336 -0.0202 -0.9992
vn 0.0382 -0.0111 -0.9992
vn 0.0397 -0.0011 -0.9992
vn 0.0381 0.0090 -0.9992
vn 0.0334 0.0180 -0.9993
vn 0.0261 0.0252 -0.9993
vn 0.0171 0.0298 -0.9994
# 220 vertex normals

vt 0.0391 0.2562 0.0000
vt 0.0393 0.2561 0.0000
vt 0.0390 0.2564 0.0000
vt 0.0389 0.2566 0.0000
vt 0.0389 0.2570 0.0000
vt 0.0389 0.2572 0.0000
vt 0.0389 0.2568 0.0000
vt 0.0390 0.2574 0.0000
vt 0.0391 0.2576 0.0000
vt 0.0393 0.2577 0.0000
vt 0.0397 0.2579 0.0000
vt 0.0399 0.2579 0.0000
vt 0.0395 0.2579 0.0000
vt 0.0395 0.2578 0.0000
vt 0.0401 0.2579 0.0000
vt 0.0403 0.2579 0.0000
vt 0.0403 0.2578 0.0000
vt 0.0405 0.2577 0.0000
vt 0.0408 0.2574 0.0000
vt 0.0409 0.2572 0.0000
vt 0.0407 0.2576 0.0000
vt 0.0409 0.2570 0.0000
vt 0.0409 0.2568 0.0000
vt 0.0409 0.2566 0.0000
vt 0.0407 0.2562 0.0000
vt 0.0405 0.2561 0.0000
vt 0.0408 0.2564 0.0000
vt 0.0403 0.2560 0.0000
vt 0.0401 0.2559 0.0000
vt 0.0399 0.2559 0.0000
vt 0.0395 0.2560 0.0000
vt 0.0397 0.2559 0.0000
vt 0.0392 0.2563 0.0000
vt 0.0391 0.2564 0.0000
vt 0.0391 0.2565 0.0000
vt 0.0390 0.2566 0.0000
vt 0.0393 0.2562 0.0000
vt 0.0390 0.2567 0.0000
vt 0.0391 0.2567 0.0000
vt 0.0390 0.2572 0.0000
vt 0.0390 0.2570 0.0000
vt 0.0390 0.2568 0.0000
vt 0.0391 0.2574 0.0000
vt 0.0392 0.2575 0.0000
vt 0.0392 0.2576 0.0000
vt 0.0394 0.2576 0.0000
vt 0.0393 0.2576 0.0000
vt 0.0393 0.2575 0.0000
vt 0.0395 0.2577 0.0000
vt 0.0399 0.2578 0.0000
vt 0.0397 0.2578 0.0000
vt 0.0401 0.2578 0.0000
vt 0.0403 0.2577 0.0000
vt 0.0404 0.2576 0.0000
vt 0.0405 0.2576 0.0000
vt 0.0405 0.2575 0.0000
vt 0.0408 0.2572 0.0000
vt 0.0407 0.2574 0.0000
vt 0.0406 0.2575 0.0000
vt 0.0406 0.2576 0.0000
vt 0.0408 0.2570 0.0000
vt 0.0408 0.2568 0.0000
vt 0.0408 0.2566 0.0000
vt 0.0408 0.2567 0.0000
vt 0.0407 0.2565 0.0000
vt 0.0406 0.2563 0.0000
vt 0.0407 0.2564 0.0000
vt 0.0405 0.2562 0.0000
vt 0.0403 0.2561 0.0000
vt 0.0401 0.2560 0.0000
vt 0.0400 0.2560 0.0000
vt 0.0399 0.2560 0.0000
vt 0.0400 0.2561 0.0000
vt 0.0398 0.2560 0.0000
vt 0.0398 0.2561 0.0000
vt 0.0395 0.2561 0.0000
vt 0.0397 0.2560 0.0000
vt 0.0399 0.2569 0.0000
vt 0.0401 0.2567 0.0000
vt 0.0400 0.2566 0.0000
vt 0.0399 0.2566 0.0000
vt 0.0402 0.2568 0.0000
vt 0.0402 0.2569 0.0000
vt 0.0402 0.2570 0.0000
vt 0.0401 0.2571 0.0000
vt 0.0400 0.2572 0.0000
vt 0.0399 0.2572 0.0000
vt 0.0398 0.2572 0.0000
vt 0.0397 0.2571 0.0000
vt 0.0396 0.2570 0.0000
vt 0.0396 0.2569 0.0000
vt 0.0396 0.2568 0.0000
vt 0.0397 0.2567 0.0000
vt 0.0398 0.2566 0.0000
# 94 texture coords

o DrawCall_0314
g DrawCall_0314
usemtl 24fe1dbe_dds
s 1
f 417/325/344 418/325/345 419/326/346 
f 417/325/344 419/326/346 420/326/347 
f 421/327/348 422/327/349 418/325/345 
f 421/327/348 418/325/345 417/325/344 
f 423/328/350 422/327/349 421/327/348 
f 423/328/350 421/327/348 424/328/351 
f 425/329/352 426/330/353 427/330/354 
f 425/329/352 427/330/354 428/329/355 
f 429/331/356 425/329/352 428/329/355 
f 429/331/356 428/329/355 430/331/357 
f 423/328/350 424/328/351 429/331/356 
f 423/328/350 429/331/356 430/331/357 
f 431/332/358 432/332/359 427/330/354 
f 431/332/358 427/330/354 426/330/353 
f 433/333/360 434/333/361 432/332/359 
f 433/333/360 432/332/359 431/332/358 
f 435/334/362 434/333/361 433/333/360 
f 435/334/362 433/333/360 436/334/363 
f 437/335/364 438/336/365 439/336/366 
f 437/335/364 439/336/366 440/335/367 
f 441/337/368 437/335/364 440/335/367 
f 441/337/368 440/335/367 442/338/369 
f 435/334/362 436/334/363 441/337/368 
f 435/334/362 441/337/368 442/338/369 
f 443/339/370 444/339/371 439/336/366 
f 443/339/370 439/336/366 438/336/365 
f 445/340/372 446/341/373 444/339/371 
f 445/340/372 444/339/371 443/339/370 
f 447/342/374 446/341/373 445/340/372 
f 447/342/374 445/340/372 448/342/375 
f 449/343/376 450/344/377 451/344/378 
f 449/343/376 451/344/378 452/343/379 
f 453/345/380 449/343/376 452/343/379 
f 453/345/380 452/343/379 454/345/381 
f 447/342/374 448/342/375 453/345/380 
f 447/342/374 453/345/380 454/345/381 
f 455/346/382 456/346/382 451/344/378 
f 455/346/382 451/344/378 450/344/377 
f 457/347/383 458/347/383 456/346/382 
f 457/347/383 456/346/382 455/346/382 
f 459/348/384 458/347/383 457/347/383 
f 459/348/384 457/347/383 460/348/385 
f 461/349/386 462/350/387 463/350/388 
f 461/349/386 463/350/388 464/349/389 
f 465/351/390 461/349/386 464/349/389 
f 465/351/390 464/349/389 466/351/391 
f 459/348/384 460/348/385 465/351/390 
f 459/348/384 465/351/390 466/351/391 
f 467/352/392 468/352/393 463/350/388 
f 467/352/392 463/350/388 462/350/387 
f 469/353/394 470/353/395 468/352/393 
f 469/353/394 468/352/393 467/352/392 
f 471/354/396 470/353/395 469/353/394 
f 471/354/396 469/353/394 472/354/397 
f 473/355/398 420/326/347 419/326/346 
f 473/355/398 419/326/346 474/355/399 
f 475/356/400 473/355/398 474/355/399 
f 475/356/400 474/355/399 476/356/401 
f 471/354/396 472/354/397 475/356/400 
f 471/354/396 475/356/400 476/356/401 
f 419/326/402 418/325/403 477/357/404 
f 419/326/402 477/357/404 478/326/405 
f 418/325/403 422/327/406 479/358/407 
f 418/325/403 479/358/407 477/357/404 
f 480/359/408 422/327/406 423/328/409 
f 480/359/408 423/328/409 481/360/410 
f 477/357/404 482/357/411 483/361/412 
f 477/357/404 483/361/412 478/326/405 
f 479/358/407 484/358/413 482/357/411 
f 479/358/407 482/357/411 477/357/404 
f 485/359/414 484/358/413 479/358/407 
f 485/359/414 479/358/407 480/359/408 
f 486/360/415 487/359/416 485/359/414 
f 486/360/415 485/359/414 488/360/417 
f 489/359/418 487/359/416 486/360/415 
f 490/359/419 489/359/418 491/362/420 
f 490/359/419 491/362/420 492/363/421 
f 488/360/417 485/359/414 480/359/408 
f 488/360/417 480/359/408 481/360/410 
f 480/359/408 479/358/407 422/327/406 
f 427/330/422 493/364/423 494/365/424 
f 427/330/422 494/365/424 428/329/425 
f 428/329/425 494/365/424 495/366/426 
f 428/329/425 495/366/426 430/331/427 
f 496/366/428 481/360/410 423/328/409 
f 496/366/428 423/328/409 430/331/427 
f 486/360/415 488/360/417 497/366/429 
f 486/360/415 497/366/429 498/362/430 
f 494/365/424 493/364/423 499/364/431 
f 494/365/424 499/364/431 500/365/432 
f 495/366/426 494/365/424 500/365/432 
f 495/366/426 500/365/432 501/366/433 
f 496/366/428 495/366/426 501/366/433 
f 496/366/428 501/366/433 497/366/429 
f 488/360/417 481/360/410 496/366/428 
f 488/360/417 496/366/428 497/366/429 
f 496/366/428 430/331/427 495/366/426 
f 427/330/422 432/332/434 502/367/435 
f 427/330/422 502/367/435 493/364/423 
f 432/332/434 434/333/436 503/368/437 
f 432/332/434 503/368/437 502/367/435 
f 504/369/438 434/333/436 435/334/439 
f 504/369/438 435/334/439 505/334/440 
f 502/367/435 506/367/441 499/364/431 
f 502/367/435 499/364/431 493/364/423 
f 503/368/437 507/368/442 506/367/441 
f 503/368/437 506/367/441 502/367/435 
f 508/369/443 507/368/442 503/368/437 
f 508/369/443 503/368/437 504/369/438 
f 509/370/444 510/371/445 508/369/443 
f 509/370/444 508/369/443 511/334/446 
f 512/371/447 510/371/445 509/370/444 
f 513/372/448 512/371/447 514/373/449 
f 513/372/448 514/373/449 515/373/448 
f 511/334/446 508/369/443 504/369/438 
f 511/334/446 504/369/438 505/334/440 
f 504/369/438 503/368/437 434/333/436 
f 439/336/450 516/374/451 517/375/452 
f 439/336/450 517/375/452 440/335/453 
f 440/335/453 517/375/452 518/338/454 
f 440/335/453 518/338/454 442/338/455 
f 519/373/456 505/334/440 435/334/439 
f 519/373/456 435/334/439 442/338/455 
f 509/370/444 511/334/446 520/373/457 
f 509/370/444 520/373/457 521/373/458 
f 517/375/452 516/374/451 522/374/459 
f 517/375/452 522/374/459 523/375/460 
f 518/338/454 517/375/452 523/375/460 
f 518/338/454 523/375/460 524/338/461 
f 519/373/456 518/338/454 524/338/461 
f 519/373/456 524/338/461 520/373/457 
f 519/373/456 442/338/455 518/338/454 
f 439/336/450 444/339/462 525/376/463 
f 439/336/450 525/376/463 516/374/451 
f 444/339/462 446/341/464 526/341/465 
f 444/339/462 526/341/465 525/376/463 
f 527/377/466 446/341/464 447/342/467 
f 527/377/466 447/342/467 528/342/468 
f 525/376/463 529/376/469 522/374/459 
f 525/376/463 522/374/459 516/374/451 
f 526/341/465 530/341/470 529/376/469 
f 526/341/465 529/376/469 525/376/463 
f 531/377/471 530/341/470 526/341/465 
f 531/377/471 526/341/465 527/377/466 
f 532/378/472 533/377/473 531/377/471 
f 532/378/472 531/377/471 534/342/474 
f 535/377/475 533/377/473 532/378/472 
f 536/377/476 535/377/475 537/379/477 
f 536/377/476 537/379/477 538/380/476 
f 534/342/474 531/377/471 527/377/466 
f 534/342/474 527/377/466 528/342/468 
f 527/377/466 526/341/465 446/341/464 
f 451/344/478 539/381/479 540/382/480 
f 451/344/478 540/382/480 452/343/481 
f 452/343/481 540/382/480 541/383/482 
f 452/343/481 541/383/482 454/345/483 
f 542/384/484 528/342/468 447/342/467 
f 542/384/484 447/342/467 454/345/483 
f 532/378/472 534/342/474 543/384/485 
f 532/378/472 543/384/485 544/379/486 
f 540/382/480 539/381/479 545/381/487 
f 540/382/480 545/381/487 546/382/488 
f 541/383/482 540/382/480 546/382/488 
f 541/383/482 546/382/488 547/383/489 
f 542/384/484 541/383/482 547/383/489 
f 542/384/484 547/383/489 543/384/485 
f 534/342/474 528/342/468 542/384/484 
f 534/342/474 542/384/484 543/384/485 
f 542/384/484 454/345/483 541/383/482 
f 451/344/478 456/346/490 548/385/491 
f 451/344/478 548/385/491 539/381/479 
f 456/346/490 458/347/492 549/386/493 
f 456/346/490 549/386/493 548/385/491 
f 550/386/494 458/347/492 459/348/495 
f 550/386/494 459/348/495 551/387/496 
f 548/385/491 552/385/497 545/381/487 
f 548/385/491 545/381/487 539/381/479 
f 549/386/493 553/386/498 552/385/497 
f 549/386/493 552/385/497 548/385/491 
f 554/386/499 553/386/498 549/386/493 
f 554/386/499 549/386/493 550/386/494 
f 555/387/500 556/388/501 554/386/499 
f 555/387/500 554/386/499 557/387/502 
f 558/388/503 556/388/501 555/387/500 
f 559/388/504 558/388/503 560/389/505 
f 559/388/504 560/389/505 561/389/504 
f 557/387/502 554/386/499 550/386/494 
f 557/387/502 550/386/494 551/387/496 
f 550/386/494 549/386/493 458/347/492 
f 463/350/506 562/350/507 563/390/508 
f 463/350/506 563/390/508 464/349/509 
f 464/349/509 563/390/508 564/391/510 
f 464/349/509 564/391/510 466/351/511 
f 565/389/512 551/387/496 459/348/495 
f 565/389/512 459/348/495 466/351/511 
f 555/387/500 557/387/502 566/389/513 
f 555/387/500 566/389/513 567/389/514 
f 563/390/508 562/350/507 568/392/515 
f 563/390/508 568/392/515 569/390/516 
f 564/391/510 563/390/508 569/390/516 
f 564/391/510 569/390/516 570/391/517 
f 565/389/512 564/391/510 570/391/517 
f 565/389/512 570/391/517 566/389/513 
f 557/387/502 551/387/496 565/389/512 
f 557/387/502 565/389/512 566/389/513 
f 565/389/512 466/351/511 564/391/510 
f 463/350/506 468/352/518 571/393/519 
f 463/350/506 571/393/519 562/350/507 
f 468/352/518 470/353/520 572/394/521 
f 468/352/518 572/394/521 571/393/519 
f 573/395/522 470/353/520 471/354/523 
f 573/395/522 471/354/523 574/396/524 
f 571/393/519 575/393/525 568/392/515 
f 571/393/519 568/392/515 562/350/507 
f 572/394/521 576/394/526 575/393/525 
f 572/394/521 575/393/525 571/393/519 
f 577/395/527 576/394/526 572/394/521 
f 577/395/527 572/394/521 573/395/522 
f 578/396/528 579/395/529 577/395/527 
f 578/396/528 577/395/527 580/396/530 
f 581/395/531 579/395/529 578/396/528 
f 582/397/532 581/395/531 583/398/533 
f 582/397/532 583/398/533 584/399/532 
f 580/396/530 577/395/527 573/395/522 
f 580/396/530 573/395/522 574/396/524 
f 573/395/522 572/394/521 470/353/520 
f 419/326/402 478/326/405 585/400/534 
f 419/326/402 585/400/534 474/355/535 
f 474/355/535 585/400/534 586/401/536 
f 474/355/535 586/401/536 476/356/537 
f 587/398/538 574/396/524 471/354/523 
f 587/398/538 471/354/523 476/356/537 
f 578/396/528 580/396/530 588/398/539 
f 578/396/528 588/398/539 589/398/540 
f 585/400/534 478/326/405 483/361/412 
f 585/400/534 483/361/412 590/400/541 
f 586/401/536 585/400/534 590/400/541 
f 586/401/536 590/400/541 591/401/542 
f 587/398/538 586/401/536 591/401/542 
f 587/398/538 591/401/542 588/398/539 
f 580/396/530 574/396/524 587/398/538 
f 580/396/530 587/398/538 588/398/539 
f 587/398/538 476/356/537 586/401/536 
f 592/402/543 593/403/544 594/404/545 
f 592/402/543 594/404/545 595/405/546 
f 592/402/543 596/403/547 593/403/544 
f 592/402/543 597/406/548 596/403/547 
f 592/402/543 598/407/549 597/406/548 
f 592/402/543 599/408/550 598/407/549 
f 592/402/543 600/409/551 599/408/550 
f 592/402/543 601/409/552 600/409/551 
f 592/402/543 602/410/553 601/409/552 
f 592/402/543 603/411/554 602/410/553 
f 592/402/543 604/412/555 603/411/554 
f 592/402/543 605/413/556 604/412/555 
f 592/402/543 606/413/557 605/413/556 
f 592/402/543 607/414/558 606/413/557 
f 592/402/543 608/415/559 607/414/558 
f 592/402/543 609/416/560 608/415/559 
f 592/402/543 610/417/561 609/416/560 
f 592/402/543 611/417/562 610/417/561 
f 592/402/543 612/418/563 611/417/562 
f 592/402/543 595/405/546 612/418/563 
f 520/373/457 511/334/446 505/334/440 
f 520/373/457 505/334/440 519/373/456 
f 489/359/418 486/360/415 491/362/420 
f 491/362/420 486/360/415 498/362/430 
f 581/395/531 578/396/528 583/398/533 
f 583/398/533 578/396/528 589/398/540 
f 558/388/503 555/387/500 560/389/505 
f 560/389/505 555/387/500 567/389/514 
f 537/379/477 532/378/472 544/379/486 
f 535/377/475 532/378/472 537/379/477 
f 514/373/449 509/370/444 521/373/458 
f 512/371/447 509/370/444 514/373/449 
# 275 faces

#
# object DrawCall_0319
#

v  -0.1777 0.7547 0.0746
v  -0.4918 1.1825 0.0718
v  -0.1339 1.3675 0.0742
v  0.0328 0.8635 0.0760
v  -0.3442 0.5862 0.0736
v  -0.7750 0.8960 0.0701
v  -0.4506 0.3745 0.0731
v  -0.9560 0.5358 0.0693
v  -0.4864 0.1402 0.0731
v  -1.0168 0.1373 0.0693
v  -0.4481 -0.0937 0.0737
v  -0.9517 -0.2605 0.0703
v  -0.3394 -0.3043 0.0748
v  -0.7669 -0.6186 0.0721
v  -0.1711 -0.4710 0.0761
v  -0.4805 -0.9021 0.0745
v  0.0405 -0.5775 0.0778
v  -0.1206 -1.0832 0.0773
v  0.2747 -0.6133 0.0795
v  0.2775 -1.1441 0.0802
v  0.5084 -0.5749 0.0811
v  0.6750 -1.0789 0.0829
v  0.7188 -0.4662 0.0825
v  1.0329 -0.8940 0.0853
v  0.8853 -0.2977 0.0835
v  1.3162 -0.6074 0.0869
v  0.9917 -0.0859 0.0840
v  1.4971 -0.2473 0.0878
v  1.0275 0.1484 0.0840
v  1.5579 0.1512 0.0877
v  0.9892 0.3823 0.0834
v  1.4928 0.5490 0.0868
v  0.8805 0.5929 0.0823
v  1.3080 0.9072 0.0850
v  0.7122 0.7595 0.0809
v  1.0216 1.1907 0.0826
v  0.5006 0.8660 0.0793
v  0.6618 1.3718 0.0798
v  0.2665 0.9018 0.0776
v  0.2636 1.4327 0.0769
v  -0.4885 1.1811 -1.0742
v  -0.6484 1.3989 -1.0756
v  -0.2155 1.6226 -1.0728
v  -0.1306 1.3661 -1.0719
v  -0.7718 0.8945 -1.0759
v  -0.9911 1.0522 -1.0776
v  -0.9527 0.5344 -1.0767
v  -1.2100 0.6165 -1.0787
v  -1.0136 0.1359 -1.0767
v  -1.2836 0.1345 -1.0786
v  -0.9484 -0.2619 -1.0757
v  -1.2048 -0.3468 -1.0774
v  -0.7636 -0.6200 -1.0740
v  -0.9812 -0.7801 -1.0753
v  -0.4772 -0.9035 -1.0715
v  -0.6348 -1.1230 -1.0724
v  -0.1174 -1.0846 -1.0688
v  -0.1994 -1.3421 -1.0690
v  0.2808 -1.1455 -1.0658
v  0.2822 -1.4158 -1.0655
v  0.6783 -1.0803 -1.0631
v  0.7631 -1.3369 -1.0622
v  1.0362 -0.8954 -1.0608
v  1.1961 -1.1132 -1.0593
v  1.3194 -0.6088 -1.0591
v  1.5387 -0.7665 -1.0573
v  1.5003 -0.2487 -1.0582
v  1.7576 -0.3308 -1.0563
v  1.5612 0.1498 -1.0583
v  1.8312 0.1513 -1.0563
v  1.4960 0.5476 -1.0592
v  1.7524 0.6325 -1.0575
v  1.3112 0.9058 -1.0610
v  1.5289 1.0658 -1.0596
v  1.0249 1.1893 -1.0634
v  1.1824 1.4088 -1.0625
v  0.6650 1.3703 -1.0662
v  0.7471 1.6278 -1.0659
v  0.2669 1.4313 -1.0691
v  0.2654 1.7015 -1.0694
v  3.0735 2.6940 -0.8626
v  3.0660 2.6972 1.7858
v  2.4748 3.2242 1.8072
v  2.4824 3.2209 -0.8673
v  3.5423 2.0555 -0.8585
v  3.5347 2.0588 1.7899
v  4.0412 -0.2327 -0.8521
v  3.8808 -1.0085 -0.8521
v  3.8732 -1.0052 1.8224
v  4.0337 -0.2295 1.7963
v  4.0369 0.5595 -0.8531
v  4.0294 0.5628 1.7953
v  3.9932 0.7754 -0.8547
v  3.8606 1.3368 1.7931
v  3.5627 -1.7340 -0.8537
v  3.5552 -1.7307 1.7947
v  3.1009 -2.3774 -0.8562
v  3.0934 -2.3741 1.7922
v  1.0806 -3.5594 -0.8692
v  0.2938 -3.6464 -0.8745
v  0.2861 -3.6431 1.8000
v  1.0730 -3.5561 1.7792
v  1.8321 -3.3105 -0.8641
v  1.8246 -3.3072 1.7843
v  2.0238 -3.2022 -0.8639
v  2.5080 -2.9074 1.7887
v  -0.4939 -3.5678 -0.8804
v  -0.5015 -3.5646 1.7680
v  -1.2481 -3.3271 -0.8861
v  -1.2557 -3.3238 1.7623
v  -1.4409 -3.2209 -0.8887
v  -1.9434 -2.9314 1.7569
v  -2.9957 -1.7693 -0.9005
v  -3.3216 -1.0473 -0.9035
v  -3.3292 -1.0441 1.7710
v  -3.0032 -1.7661 1.7479
v  -2.5270 -2.4077 -0.8964
v  -2.5345 -2.4045 1.7520
v  -2.3648 -2.5567 -0.8961
v  -3.4904 -0.2733 -0.9059
v  -3.4979 -0.2701 1.7425
v  -3.4947 0.5189 -0.9069
v  -3.5022 0.5222 1.7415
v  -2.5544 2.6636 -0.9028
v  -1.9689 3.1969 -0.8991
v  -1.9766 3.2002 1.7754
v  -2.5619 2.6669 1.7456
v  -3.0162 2.0202 -0.9053
v  -3.0237 2.0234 1.7431
v  -3.1076 1.8198 -0.9068
v  -3.3418 1.2980 1.7417
v  -1.2855 3.5967 -0.8949
v  -1.2931 3.5999 1.7535
v  -0.5340 3.8456 -0.8898
v  -0.5415 3.8488 1.7586
v  1.7947 3.6133 -0.8729
v  1.7872 3.6166 1.7755
v  1.0405 3.8541 -0.8786
v  1.0330 3.8573 1.7698
v  0.8219 3.8792 -0.8812
v  0.2453 3.9359 1.7641
v  -0.1726 0.7495 -0.5725
v  -0.1780 0.7549 0.2007
v  0.0324 0.8636 0.2021
v  0.0363 0.8574 -0.5712
v  -0.3379 0.5822 -0.5735
v  -0.3446 0.5864 0.1997
v  -0.4435 0.3720 -0.5740
v  -0.4510 0.3747 0.1993
v  -0.4790 0.1394 -0.5740
v  -0.4867 0.1404 0.1993
v  -0.4410 -0.0928 -0.5734
v  -0.4484 -0.0935 0.1998
v  -0.3331 -0.3018 -0.5724
v  -0.3398 -0.3041 0.2009
v  -0.1660 -0.4673 -0.5710
v  -0.1714 -0.4708 0.2023
v  0.0441 -0.5730 -0.5694
v  0.0402 -0.5773 0.2039
v  0.2765 -0.6085 -0.5677
v  0.2743 -0.6131 0.2057
v  0.5085 -0.5705 -0.5661
v  0.5080 -0.5748 0.2073
v  0.7174 -0.4625 -0.5647
v  0.7184 -0.4660 0.2086
v  0.8827 -0.2953 -0.5637
v  0.8850 -0.2975 0.2096
v  0.9883 -0.0850 -0.5632
v  0.9914 -0.0858 0.2101
v  1.0238 0.1475 -0.5633
v  1.0271 0.1485 0.2101
v  0.9858 0.3797 -0.5638
v  0.9888 0.3824 0.2095
v  0.8779 0.5888 -0.5649
v  0.8802 0.5930 0.2085
v  0.7108 0.7542 -0.5662
v  0.7118 0.7597 0.2071
v  0.5007 0.8599 -0.5679
v  0.5002 0.8662 0.2054
v  0.2683 0.8955 -0.5696
v  0.2661 0.9020 0.2037
v  -0.4921 1.1827 0.1980
v  -0.1342 1.3676 0.2003
v  -0.7754 0.8961 0.1963
v  -0.9563 0.5360 0.1954
v  -1.0172 0.1375 0.1955
v  -0.9520 -0.2603 0.1965
v  -0.7672 -0.6185 0.1982
v  -0.4809 -0.9020 0.2006
v  -0.1210 -1.0830 0.2034
v  0.2772 -1.1440 0.2063
v  0.6747 -1.0788 0.2091
v  1.0325 -0.8938 0.2114
v  1.3158 -0.6073 0.2131
v  1.4967 -0.2471 0.2139
v  1.5576 0.1514 0.2139
v  1.4924 0.5492 0.2129
v  1.3076 0.9073 0.2112
v  1.0213 1.1908 0.2088
v  0.6614 1.3719 0.2060
v  0.2632 1.4328 0.2030
v  -0.6528 1.4008 0.4513
v  -0.2198 1.6245 0.4542
v  -0.9955 1.0541 0.4493
v  -1.2143 0.6184 0.4483
v  -1.2879 0.1364 0.4484
v  -1.2091 -0.3449 0.4495
v  -0.9856 -0.7782 0.4517
v  -0.6391 -1.1212 0.4545
v  -0.2038 -1.3402 0.4579
v  0.2779 -1.4139 0.4614
v  0.7588 -1.3350 0.4648
v  1.1917 -1.1113 0.4676
v  1.5344 -0.7646 0.4696
v  1.7533 -0.3289 0.4707
v  1.8269 0.1531 0.4706
v  1.7481 0.6344 0.4694
v  1.5245 1.0677 0.4673
v  1.1781 1.4107 0.4644
v  0.7427 1.6297 0.4610
v  0.2610 1.7034 0.4575
v  -0.7753 1.5677 0.4503
v  -0.2848 1.8211 0.4535
v  -1.1635 1.1749 0.4480
v  -1.4115 0.6813 0.4468
v  -1.4949 0.1352 0.4469
v  -1.4056 -0.4099 0.4482
v  -1.1523 -0.9008 0.4506
v  -0.7599 -1.2894 0.4539
v  -0.2667 -1.5375 0.4577
v  0.2790 -1.6210 0.4617
v  0.8238 -1.5316 0.4655
v  1.3143 -1.2782 0.4687
v  1.7025 -0.8854 0.4710
v  1.9504 -0.3918 0.4722
v  2.0338 0.1543 0.4721
v  1.9445 0.6994 0.4708
v  1.6913 1.1903 0.4683
v  1.2988 1.5788 0.4651
v  0.8056 1.8270 0.4612
v  0.2599 1.9105 0.4572
v  -0.7768 1.5683 0.9690
v  -0.2863 1.8218 0.9722
v  -1.1650 1.1756 0.9667
v  -1.4129 0.6820 0.9655
v  -1.4964 0.1359 0.9656
v  -1.4070 -0.4093 0.9669
v  -1.1538 -0.9002 0.9694
v  -0.7613 -1.2887 0.9726
v  -0.2681 -1.5369 0.9765
v  0.2775 -1.6203 0.9805
v  0.8223 -1.5310 0.9843
v  1.3128 -1.2775 0.9874
v  1.7010 -0.8848 0.9897
v  1.9489 -0.3912 0.9909
v  2.0323 0.1549 0.9908
v  1.9430 0.7001 0.9895
v  1.6898 1.1910 0.9871
v  1.2973 1.5795 0.9838
v  0.8041 1.8276 0.9800
v  0.2585 1.9111 0.9760
v  3.0774 2.6923 -2.2409
v  2.4863 3.2192 -2.2458
v  3.5462 2.0538 -2.2367
v  3.6359 1.8562 -0.8586
v  3.6378 1.8499 -2.2294
v  4.0451 -0.2344 -2.2304
v  3.8847 -1.0102 -2.2306
v  4.0408 0.5578 -2.2314
v  3.9928 0.7762 -2.2255
v  3.5667 -1.7357 -2.2319
v  3.1048 -2.3791 -2.2345
v  2.9404 -2.5281 -0.8582
v  2.9393 -2.5293 -2.2289
v  1.0845 -3.5610 -2.2475
v  0.2977 -3.6481 -2.2530
v  1.8360 -3.3122 -2.2424
v  2.0287 -3.1989 -2.2346
v  -0.4900 -3.5695 -2.2587
v  -1.2442 -3.3288 -2.2644
v  -1.4381 -3.2176 -2.2594
v  -2.9918 -1.7710 -2.2788
v  -3.3177 -1.0490 -2.2820
v  -2.5230 -2.4094 -2.2747
v  -2.3559 -2.5578 -2.2668
v  -3.4864 -0.2750 -2.2842
v  -3.4907 0.5172 -2.2852
v  -3.4533 0.7352 -0.9079
v  -3.4450 0.7361 -2.2786
v  -2.5504 2.6619 -2.2811
v  -1.9650 3.1952 -2.2775
v  -3.0123 2.0185 -2.2836
v  -3.1017 1.8135 -2.2775
v  -1.2816 3.5950 -2.2732
v  -0.5301 3.8439 -2.2681
v  -0.3156 3.8731 -0.8893
v  -0.3080 3.8680 -2.2600
v  1.7986 3.6116 -2.2512
v  1.0444 3.8524 -2.2568
v  0.8220 3.8741 -2.2519
v  3.6246 1.7811 -2.1704
v  3.6225 1.7832 -0.8310
v  3.5790 1.7197 -2.0997
v  3.5649 1.7179 -0.7862
v  3.4002 1.6513 -1.9623
v  3.9411 0.8239 -2.1670
v  3.9390 0.8261 -0.8276
v  3.8678 0.8461 -2.0965
v  3.8537 0.8443 -0.7830
v  3.6834 0.7948 -1.9592
v  2.8696 -2.5382 -2.1705
v  2.8669 -2.5379 -0.8311
v  2.7971 -2.5138 -2.1000
v  2.7868 -2.5034 -0.7865
v  2.6763 -2.3650 -1.9626
v  2.0578 -3.1352 -2.1756
v  2.0550 -3.1349 -0.8289
v  2.0561 -3.0587 -2.1047
v  2.0459 -3.0483 -0.7876
v  1.9499 -2.8992 -1.9671
v  -1.4683 -3.1542 -2.2008
v  -1.4731 -3.1540 -0.8613
v  -1.4678 -3.0777 -2.1298
v  -1.4651 -3.0672 -0.8162
v  -1.3641 -2.9171 -1.9908
v  -2.2865 -2.5660 -2.2073
v  -2.2913 -2.5657 -0.8679
v  -2.2146 -2.5408 -2.1358
v  -2.2120 -2.5303 -0.8222
v  -2.0963 -2.3907 -1.9966
v  -3.3943 0.7843 -2.2194
v  -3.3997 0.7865 -0.8800
v  -3.3216 0.8073 -2.1479
v  -3.3149 0.8056 -0.8342
v  -3.1374 0.7580 -2.0079
v  -3.0881 1.7449 -2.2184
v  -3.0936 1.7470 -0.8789
v  -3.0422 1.6840 -2.1469
v  -3.0355 1.6823 -0.8333
v  -2.8634 1.6175 -2.0070
v  -0.2467 3.8345 -2.2006
v  -0.2505 3.8378 -0.8612
v  -0.2026 3.7723 -2.1292
v  -0.2062 3.7630 -0.8156
v  -0.1929 3.5814 -1.9904
v  0.7608 3.8399 -2.1934
v  0.7569 3.8433 -0.8540
v  0.7169 3.7773 -2.1226
v  0.7133 3.7679 -0.8091
v  0.7086 3.5863 -1.9839
v  4.4404 -0.2700 1.8431
v  4.2626 -1.1295 1.8560
v  4.4356 0.6078 1.8420
v  4.2487 1.4654 1.8396
v  3.3682 2.9727 1.8314
v  2.7132 3.5565 1.8392
v  3.8876 2.2653 1.8360
v  1.1601 -3.9558 1.8242
v  0.2883 -4.0522 1.8312
v  1.9928 -3.6801 1.8298
v  2.7500 -3.2371 1.8346
v  3.9103 -1.9333 1.8413
v  3.3986 -2.6462 1.8386
v  -3.3563 -1.9725 1.7895
v  -3.7174 -1.1726 1.7990
v  -2.8370 -2.6799 1.7940
v  -2.1820 -3.2637 1.7994
v  -0.5845 -3.9652 1.8117
v  -1.4201 -3.6985 1.8054
v  -2.8673 2.9391 1.7869
v  -2.2188 3.5299 1.8040
v  -3.3790 2.2262 1.7841
v  -3.7314 1.4224 1.7826
v  -3.9044 -0.3150 1.7835
v  -3.9091 0.5628 1.7824
v  1.9513 3.9913 1.8200
v  1.1157 4.2580 1.8138
v  0.2429 4.3451 1.8074
v  -1.4615 3.9729 1.7957
v  -0.6288 4.2486 1.8013
v  -0.2121 -1.2981 0.4611
v  -0.9431 -0.7726 0.4552
v  -1.2505 0.1572 0.4519
v  -0.9770 1.0154 0.4528
v  1.4919 -0.7595 0.4727
v  0.7665 -1.2928 0.4717
v  1.5065 1.0288 0.4706
v  1.7892 0.1736 0.4736
v  -0.1884 1.5953 0.4577
v  0.7116 1.6002 0.4642
v  -0.9457 -0.7831 -0.8615
v  -0.2147 -1.3086 -0.8557
v  0.7768 -1.3033 -0.8486
v  1.5021 -0.7699 -0.8441
v  1.8034 0.1754 -0.8431
v  1.5206 1.0306 -0.8461
v  -0.9837 1.0171 -0.8640
v  -1.2572 0.1589 -0.8649
v  0.7153 1.6095 -0.8526
v  -0.1847 1.6047 -0.8590
# 400 vertices

vn 0.0072 -0.0012 -1.0000
vn 0.0072 -0.0013 -1.0000
vn 0.0071 -0.0012 -1.0000
vn 0.0071 -0.0013 -1.0000
vn -0.7397 -0.6730 -0.0013
vn -0.7392 -0.6735 -0.0013
vn -0.5839 -0.8118 -0.0007
vn -0.5835 -0.8121 -0.0007
vn -0.8597 -0.5108 -0.0018
vn -0.8633 -0.5046 -0.0024
vn -0.9951 0.0991 -0.0030
vn -0.9527 0.3037 -0.0031
vn -0.9528 0.3036 -0.0031
vn -0.9950 0.1001 -0.0030
vn -0.9947 -0.1025 -0.0027
vn -0.9940 -0.1094 -0.0033
vn -0.9682 -0.2502 0.0067
vn -0.9495 -0.3139 -0.0005
vn -0.8688 0.4952 -0.0031
vn -0.8695 0.4939 -0.0031
vn -0.7517 0.6595 -0.0029
vn -0.7474 0.6644 -0.0035
vn -0.2131 0.9770 -0.0018
vn -0.1100 0.9939 -0.0015
vn -0.2125 0.9772 -0.0018
vn -0.4050 0.9143 -0.0023
vn -0.4118 0.9113 -0.0029
vn -0.5375 0.8432 0.0065
vn -0.5926 0.8055 -0.0009
vn 0.2031 0.9792 -0.0006
vn 0.2014 0.9795 -0.0006
vn 0.0992 0.9951 -0.0009
vn 0.0993 0.9951 -0.0009
vn 0.3956 0.9184 -0.0000
vn 0.4015 0.9159 -0.0006
vn 0.5285 0.8489 0.0096
vn 0.5835 0.8121 0.0025
vn 0.8635 0.5043 0.0018
vn 0.9495 0.3139 0.0023
vn 0.9494 0.3140 0.0023
vn 0.8640 0.5036 0.0018
vn 0.7448 0.6673 0.0013
vn 0.7399 0.6727 0.0007
vn 0.6364 0.7713 0.0100
vn 0.9940 0.1098 0.0027
vn 0.9938 0.1109 0.0027
vn 0.9958 -0.0917 0.0029
vn 0.9951 -0.0987 0.0024
vn 0.7471 -0.6647 0.0029
vn 0.5926 -0.8055 0.0027
vn 0.5922 -0.8058 0.0027
vn 0.7461 -0.6658 0.0029
vn 0.8653 -0.5013 0.0031
vn 0.8686 -0.4955 0.0025
vn 0.9305 -0.3662 0.0122
vn 0.9527 -0.3037 0.0049
vn 0.4121 -0.9111 0.0023
vn 0.4127 -0.9109 0.0023
vn 0.2208 -0.9753 0.0018
vn 0.2134 -0.9770 0.0012
vn -0.4018 -0.9157 -0.0000
vn -0.4033 -0.9151 -0.0000
vn -0.2097 -0.9778 0.0006
vn -0.2034 -0.9791 -0.0000
vn -0.0610 -0.9981 0.0102
vn 0.0051 -1.0000 0.0030
vn -0.5927 0.8054 -0.0098
vn -0.5921 0.8058 -0.0098
vn -0.3139 0.9494 -0.0092
vn -0.3147 0.9492 -0.0092
vn -0.8125 0.5829 -0.0102
vn -0.8122 0.5833 -0.0102
vn -0.9528 0.3035 -0.0103
vn -0.9527 0.3038 -0.0102
vn -0.9999 -0.0054 -0.0100
vn -0.9494 -0.3138 -0.0095
vn -0.9493 -0.3141 -0.0095
vn -0.8061 -0.5917 -0.0087
vn -0.8058 -0.5921 -0.0087
vn -0.5839 -0.8118 -0.0078
vn -0.5834 -0.8122 -0.0078
vn -0.3044 -0.9525 -0.0069
vn -0.3037 -0.9528 -0.0069
vn -0.1512 -0.9885 -0.0063
vn 0.3140 -0.9494 -0.0051
vn 0.3148 -0.9492 -0.0051
vn 0.1619 -0.9868 -0.0054
vn 0.5921 -0.8058 -0.0045
vn 0.5927 -0.8054 -0.0045
vn 0.8122 -0.5833 -0.0041
vn 0.8125 -0.5829 -0.0041
vn 0.9527 -0.3038 -0.0041
vn 0.9528 -0.3035 -0.0041
vn 1.0000 0.0054 -0.0043
vn 0.9494 0.3140 -0.0049
vn 0.9495 0.3138 -0.0048
vn 0.8059 0.5920 -0.0056
vn 0.8062 0.5916 -0.0056
vn 0.5834 0.8121 -0.0065
vn 0.5840 0.8117 -0.0065
vn 0.3038 0.9527 -0.0075
vn 0.3045 0.9525 -0.0075
vn -0.0058 0.9999 -0.0084
vn -0.0049 1.0000 -0.0084
vn 0.5921 -0.8058 0.0027
vn 0.5927 -0.8054 0.0027
vn 0.3147 -0.9492 0.0021
vn 0.3140 -0.9494 0.0021
vn 0.8122 -0.5833 0.0030
vn 0.8125 -0.5829 0.0030
vn 0.9527 -0.3038 0.0031
vn 0.9528 -0.3035 0.0031
vn 1.0000 0.0054 0.0028
vn 0.9494 0.3141 0.0023
vn 0.9495 0.3138 0.0023
vn 0.8059 0.5921 0.0016
vn 0.8062 0.5917 0.0016
vn 0.5834 0.8122 0.0007
vn 0.5840 0.8118 0.0007
vn 0.3037 0.9528 -0.0003
vn 0.3045 0.9525 -0.0003
vn 0.1512 0.9885 -0.0008
vn -0.3147 0.9492 -0.0021
vn -0.3140 0.9494 -0.0021
vn -0.1619 0.9868 -0.0017
vn -0.5927 0.8054 -0.0027
vn -0.5921 0.8058 -0.0027
vn -0.8125 0.5829 -0.0030
vn -0.8122 0.5833 -0.0030
vn -0.9528 0.3035 -0.0031
vn -0.9527 0.3038 -0.0031
vn -1.0000 -0.0054 -0.0028
vn -0.9495 -0.3138 -0.0023
vn -0.9494 -0.3141 -0.0023
vn -0.8062 -0.5917 -0.0016
vn -0.8059 -0.5921 -0.0016
vn -0.5840 -0.8118 -0.0007
vn -0.5834 -0.8122 -0.0007
vn -0.3045 -0.9525 0.0003
vn -0.3037 -0.9528 0.0003
vn 0.0050 -1.0000 0.0012
vn 0.0058 -1.0000 0.0013
vn -0.3139 0.9494 -0.0021
vn -0.1512 -0.9885 0.0008
vn 0.1619 -0.9868 0.0017
vn -0.0058 1.0000 -0.0012
vn -0.0050 1.0000 -0.0012
vn 0.0073 -0.0013 -1.0000
vn -0.8059 -0.5921 -0.0015
vn -0.7396 -0.6730 -0.0013
vn -0.7399 -0.6727 -0.0013
vn -0.8630 -0.5052 -0.0006
vn -0.8597 -0.5109 -0.0018
vn -0.9954 -0.0962 -0.0019
vn -0.9782 -0.2077 -0.0004
vn -0.9940 -0.1090 -0.0015
vn -0.9948 -0.1022 -0.0027
vn -0.8567 -0.5158 -0.0010
vn -0.9090 -0.4168 0.0001
vn -0.8689 0.4949 -0.0031
vn -0.7474 0.6643 -0.0017
vn -0.7522 0.6590 -0.0029
vn -0.4000 0.9165 -0.0015
vn -0.4996 0.8663 -0.0003
vn -0.2130 0.9770 -0.0018
vn -0.0051 1.0000 -0.0012
vn -0.0057 1.0000 -0.0012
vn -0.2136 0.9769 -0.0018
vn -0.4109 0.9117 -0.0011
vn -0.4051 0.9143 -0.0023
vn -0.7606 0.6493 -0.0022
vn -0.6771 0.7359 -0.0007
vn 0.2025 0.9793 -0.0006
vn 0.4015 0.9158 0.0012
vn 0.3948 0.9188 -0.0000
vn 0.7485 0.6632 0.0021
vn 0.6699 0.7425 0.0031
vn 0.8634 0.5045 0.0018
vn 0.7405 0.6721 0.0025
vn 0.3890 0.9212 0.0008
vn 0.4913 0.8710 0.0025
vn 0.9939 0.1099 0.0027
vn 0.9952 -0.0982 0.0042
vn 0.9958 -0.0915 0.0029
vn 0.8619 -0.5070 0.0039
vn 0.9137 -0.4063 0.0052
vn 0.7469 -0.6650 0.0029
vn 0.8685 -0.4956 0.0043
vn 0.8650 -0.5018 0.0031
vn 0.9963 -0.0856 0.0037
vn 0.9804 -0.1970 0.0052
vn 0.4117 -0.9113 0.0023
vn 0.2144 -0.9767 0.0030
vn 0.2206 -0.9754 0.0018
vn -0.2168 -0.9762 0.0014
vn -0.1040 -0.9946 0.0031
vn -0.4023 -0.9155 -0.0000
vn -0.2034 -0.9791 0.0018
vn -0.2105 -0.9776 0.0006
vn 0.2258 -0.9742 0.0026
vn 0.1161 -0.9932 0.0037
vn -0.9538 0.3005 -0.0023
vn -0.8685 0.4957 -0.0053
vn -0.6969 0.7171 -0.0025
vn -0.7110 0.7032 -0.0067
vn -0.3591 0.9333 -0.0026
vn -0.5862 -0.8101 0.0002
vn -0.4016 -0.9158 -0.0022
vn -0.1313 -0.9913 0.0012
vn -0.1510 -0.9885 -0.0030
vn 0.2689 -0.9632 0.0016
vn -0.0085 1.0000 -0.0004
vn 0.2031 0.9792 -0.0028
vn 0.4673 0.8841 0.0006
vn 0.4495 0.8933 -0.0036
vn 0.7770 0.6295 0.0011
vn -0.9517 0.3070 -0.0023
vn -0.9958 0.0911 -0.0052
vn -0.9834 -0.1814 -0.0023
vn -0.9870 -0.1604 -0.0064
vn -0.8332 -0.5530 -0.0021
vn 0.9484 0.3171 0.0031
vn 0.9940 0.1090 0.0005
vn 0.9854 -0.1702 0.0033
vn 0.9885 -0.1514 -0.0008
vn 0.8392 -0.5439 0.0027
vn -0.0016 1.0000 -0.0004
vn -0.2149 0.9766 -0.0040
vn -0.4762 0.8794 -0.0021
vn -0.4595 0.8881 -0.0062
vn -0.7838 0.6210 -0.0034
vn 0.5954 -0.8034 0.0035
vn 0.4106 -0.9118 0.0001
vn 0.1428 -0.9897 0.0019
vn 0.1614 -0.9869 -0.0021
vn -0.2585 -0.9660 0.0001
vn 0.9506 0.3105 0.0031
vn 0.8629 0.5054 -0.0004
vn 0.6897 0.7241 0.0014
vn 0.7033 0.7109 -0.0026
vn 0.3490 0.9371 -0.0006
vn -0.5807 -0.8141 0.0002
vn -0.7407 -0.6718 -0.0035
vn -0.8975 -0.4410 -0.0017
vn -0.8889 -0.4581 -0.0057
vn -0.9986 -0.0528 -0.0032
vn 0.5898 -0.8076 0.0035
vn 0.7473 -0.6645 0.0007
vn 0.9023 -0.4312 0.0034
vn 0.8937 -0.4486 -0.0007
vn 0.9991 -0.0420 0.0025
vn -0.1065 0.0244 0.9940
vn -0.1115 0.0282 0.9934
vn -0.0884 0.0271 0.9957
vn -0.0784 0.0239 0.9966
vn -0.1130 -0.0105 0.9935
vn -0.1083 -0.0322 0.9936
vn -0.0730 -0.0766 0.9944
vn -0.0508 -0.0595 0.9969
vn -0.0569 -0.0680 0.9961
vn -0.0748 -0.0827 0.9938
vn -0.0991 -0.0525 0.9937
vn -0.0158 0.1028 0.9946
vn -0.0136 0.1088 0.9940
vn -0.0076 0.0865 0.9962
vn -0.0075 0.0760 0.9971
vn -0.0510 0.0983 0.9939
vn -0.0702 0.0870 0.9937
vn -0.1015 0.0398 0.9940
vn -0.1079 0.0396 0.9934
vn -0.0867 0.0721 0.9936
vn 0.0870 0.0409 0.9954
vn 0.0933 0.0407 0.9948
vn 0.0739 0.0280 0.9969
vn 0.0639 0.0247 0.9976
vn 0.0717 0.0730 0.9948
vn 0.0717 0.0729 0.9948
vn 0.0551 0.0877 0.9946
vn 0.0004 0.1029 0.9947
vn -0.0017 0.1089 0.9941
vn 0.0357 0.0988 0.9945
vn 0.0597 -0.0759 0.9953
vn 0.0615 -0.0820 0.9947
vn 0.0434 -0.0675 0.9968
vn 0.0372 -0.0590 0.9976
vn 0.0855 -0.0516 0.9950
vn 0.0855 -0.0515 0.9950
vn 0.0945 -0.0312 0.9950
vn 0.0921 0.0255 0.9954
vn 0.0971 0.0294 0.9948
vn 0.0991 -0.0094 0.9950
vn 0.0990 -0.0093 0.9950
vn -0.0599 -0.0860 0.9945
vn -0.0651 -0.0896 0.9938
vn -0.0287 -0.1031 0.9943
vn -0.0065 -0.1053 0.9944
vn 0.0466 -0.0855 0.9952
vn 0.0519 -0.0890 0.9947
vn 0.0156 -0.1028 0.9946
vn 0.4800 0.1618 0.8622
vn 0.4799 0.1618 0.8622
vn 0.5502 0.1849 0.8143
vn 0.5501 0.1848 0.8144
vn 0.3796 -0.5149 0.7686
vn 0.3428 -0.4698 0.8135
vn 0.2994 -0.4063 0.8633
vn 0.2895 -0.3954 0.8717
vn -0.3009 -0.4089 0.8615
vn -0.3040 -0.4133 0.8584
vn -0.3040 -0.4133 0.8583
vn -0.4871 0.1543 0.8596
vn -0.4921 0.1559 0.8564
vn -0.0089 0.5854 0.8107
vn -0.0089 0.5852 0.8108
vn -0.0089 0.6142 0.7891
vn -0.0089 0.6144 0.7889
vn 0.9708 -0.2397 0.0122
vn -0.5617 0.1782 0.8079
vn -0.5618 0.1782 0.8078
vn -0.5892 0.1869 0.7861
vn -0.5893 0.1870 0.7860
vn 0.2964 -0.4046 0.8651
vn 0.4132 -0.5600 0.7181
vn 0.3583 -0.4940 0.7922
vn -0.6446 0.7645 0.0064
vn 0.4748 0.1601 0.8654
vn 0.5779 0.1939 0.7927
vn 0.5777 0.1939 0.7929
vn -0.9265 -0.3763 0.0069
vn -0.0089 0.5064 0.8622
vn -0.0089 0.5119 0.8590
vn -0.0089 0.5118 0.8591
vn 0.0719 -0.9974 0.0105
vn 0.2952 0.4010 -0.8672
vn 0.8142 -0.5806 0.0008
vn 0.8172 -0.5764 -0.0034
vn 0.8158 -0.5784 -0.0014
vn 0.8126 -0.5828 0.0030
vn -0.8106 0.5856 -0.0052
vn -0.8122 0.5834 -0.0030
vn -0.8090 0.5878 -0.0075
vn -0.8075 0.5898 -0.0094
vn -0.2878 0.3987 -0.8707
vn 0.8042 0.5943 -0.0007
vn 0.8012 0.5984 -0.0049
vn 0.8026 0.5965 -0.0029
vn 0.8058 0.5921 0.0016
vn -0.8079 -0.5894 -0.0038
vn -0.8063 -0.5916 -0.0016
vn -0.8094 -0.5872 -0.0060
vn -0.8108 -0.5852 -0.0080
vn -0.4654 -0.1570 -0.8711
vn -0.4654 -0.1570 -0.8710
vn -0.3173 0.9483 -0.0043
vn -0.3221 0.9467 -0.0085
vn -0.3198 0.9474 -0.0065
vn 0.3114 -0.9503 -0.0002
vn 0.3088 -0.9511 -0.0024
vn 0.3065 -0.9518 -0.0044
vn 0.4778 -0.1514 -0.8653
vn -0.3011 -0.9536 -0.0019
vn -0.2962 -0.9551 -0.0061
vn -0.2985 -0.9544 -0.0041
vn -0.3038 -0.9527 0.0003
vn 0.3071 0.9517 -0.0025
vn 0.3044 0.9525 -0.0003
vn 0.3097 0.9508 -0.0047
vn 0.3120 0.9501 -0.0067
vn 0.0089 -0.4967 -0.8679
vn -1.0000 -0.0085 -0.0051
vn -0.9999 -0.0136 -0.0092
vn -0.9999 -0.0112 -0.0073
vn -1.0000 -0.0058 -0.0028
vn 1.0000 0.0023 0.0006
vn 1.0000 0.0051 0.0028
vn 1.0000 -0.0004 -0.0016
vn 1.0000 -0.0028 -0.0036
vn -0.3466 -0.4731 0.8099
vn -0.3634 -0.4968 0.7881
vn -0.3634 -0.4967 0.7882
# 380 vertex normals

vt 0.0396 0.2616 0.0000
vt 0.0395 0.2618 0.0000
vt 0.0396 0.2618 0.0000
vt 0.0396 0.2617 0.0000
vt 0.0395 0.2616 0.0000
vt 0.0395 0.2617 0.0000
vt 0.0395 0.2615 0.0000
vt 0.0394 0.2616 0.0000
vt 0.0395 0.2614 0.0000
vt 0.0394 0.2614 0.0000
vt 0.0394 0.2613 0.0000
vt 0.0395 0.2613 0.0000
vt 0.0395 0.2612 0.0000
vt 0.0396 0.2612 0.0000
vt 0.0395 0.2611 0.0000
vt 0.0396 0.2611 0.0000
vt 0.0397 0.2612 0.0000
vt 0.0397 0.2610 0.0000
vt 0.0397 0.2611 0.0000
vt 0.0398 0.2611 0.0000
vt 0.0398 0.2613 0.0000
vt 0.0398 0.2612 0.0000
vt 0.0398 0.2614 0.0000
vt 0.0399 0.2613 0.0000
vt 0.0399 0.2614 0.0000
vt 0.0398 0.2615 0.0000
vt 0.0399 0.2616 0.0000
vt 0.0398 0.2616 0.0000
vt 0.0398 0.2617 0.0000
vt 0.0397 0.2616 0.0000
vt 0.0398 0.2618 0.0000
vt 0.0397 0.2617 0.0000
vt 0.0397 0.2618 0.0000
vt 0.0397 0.2619 0.0000
vt 0.0395 0.2619 0.0000
vt 0.0396 0.2619 0.0000
vt 0.0394 0.2618 0.0000
vt 0.0394 0.2611 0.0000
vt 0.0395 0.2610 0.0000
vt 0.0396 0.2610 0.0000
vt 0.0396 0.2609 0.0000
vt 0.0397 0.2609 0.0000
vt 0.0398 0.2610 0.0000
vt 0.0399 0.2611 0.0000
vt 0.0399 0.2618 0.0000
vt 0.0398 0.2619 0.0000
vt 0.0397 0.2620 0.0000
vt 0.0408 0.2613 0.0000
vt 0.0408 0.2600 0.0000
vt 0.0407 0.2600 0.0000
vt 0.0407 0.2613 0.0000
vt 0.0409 0.2613 0.0000
vt 0.0409 0.2600 0.0000
vt 0.0412 0.2613 0.0000
vt 0.0412 0.2600 0.0000
vt 0.0411 0.2613 0.0000
vt 0.0411 0.2600 0.0000
vt 0.0410 0.2600 0.0000
vt 0.0413 0.2613 0.0000
vt 0.0413 0.2600 0.0000
vt 0.0414 0.2613 0.0000
vt 0.0414 0.2600 0.0000
vt 0.0417 0.2613 0.0000
vt 0.0418 0.2613 0.0000
vt 0.0418 0.2600 0.0000
vt 0.0417 0.2600 0.0000
vt 0.0416 0.2613 0.0000
vt 0.0416 0.2600 0.0000
vt 0.0415 0.2600 0.0000
vt 0.0393 0.2613 0.0000
vt 0.0393 0.2600 0.0000
vt 0.0392 0.2600 0.0000
vt 0.0392 0.2613 0.0000
vt 0.0394 0.2600 0.0000
vt 0.0395 0.2600 0.0000
vt 0.0397 0.2613 0.0000
vt 0.0397 0.2600 0.0000
vt 0.0396 0.2613 0.0000
vt 0.0396 0.2600 0.0000
vt 0.0398 0.2600 0.0000
vt 0.0399 0.2600 0.0000
vt 0.0402 0.2613 0.0000
vt 0.0402 0.2600 0.0000
vt 0.0401 0.2613 0.0000
vt 0.0401 0.2600 0.0000
vt 0.0400 0.2613 0.0000
vt 0.0400 0.2600 0.0000
vt 0.0403 0.2613 0.0000
vt 0.0403 0.2600 0.0000
vt 0.0404 0.2613 0.0000
vt 0.0404 0.2600 0.0000
vt 0.0406 0.2613 0.0000
vt 0.0406 0.2600 0.0000
vt 0.0405 0.2600 0.0000
vt 0.0400 0.2616 0.0000
vt 0.0401 0.2616 0.0000
vt 0.0402 0.2616 0.0000
vt 0.0403 0.2616 0.0000
vt 0.0391 0.2616 0.0000
vt 0.0391 0.2613 0.0000
vt 0.0392 0.2616 0.0000
vt 0.0393 0.2616 0.0000
vt 0.0395 0.2609 0.0000
vt 0.0394 0.2609 0.0000
vt 0.0393 0.2609 0.0000
vt 0.0392 0.2609 0.0000
vt 0.0391 0.2609 0.0000
vt 0.0402 0.2609 0.0000
vt 0.0403 0.2609 0.0000
vt 0.0401 0.2609 0.0000
vt 0.0400 0.2609 0.0000
vt 0.0399 0.2609 0.0000
vt 0.0398 0.2609 0.0000
vt 0.0398 0.2620 0.0000
vt 0.0399 0.2620 0.0000
vt 0.0399 0.2619 0.0000
vt 0.0400 0.2620 0.0000
vt 0.0400 0.2619 0.0000
vt 0.0401 0.2620 0.0000
vt 0.0401 0.2619 0.0000
vt 0.0402 0.2620 0.0000
vt 0.0402 0.2619 0.0000
vt 0.0403 0.2620 0.0000
vt 0.0403 0.2619 0.0000
vt 0.0391 0.2620 0.0000
vt 0.0391 0.2619 0.0000
vt 0.0392 0.2620 0.0000
vt 0.0392 0.2619 0.0000
vt 0.0393 0.2620 0.0000
vt 0.0393 0.2619 0.0000
vt 0.0394 0.2620 0.0000
vt 0.0394 0.2619 0.0000
vt 0.0395 0.2620 0.0000
vt 0.0396 0.2620 0.0000
vt 0.0397 0.2615 0.0000
vt 0.0399 0.2615 0.0000
vt 0.0400 0.2615 0.0000
vt 0.0394 0.2617 0.0000
vt 0.0399 0.2617 0.0000
vt 0.0400 0.2617 0.0000
vt 0.0400 0.2618 0.0000
vt 0.0394 0.2610 0.0000
vt 0.0399 0.2610 0.0000
vt 0.0400 0.2610 0.0000
vt 0.0400 0.2611 0.0000
vt 0.0397 0.2608 0.0000
vt 0.0396 0.2608 0.0000
vt 0.0395 0.2608 0.0000
vt 0.0394 0.2608 0.0000
vt 0.0398 0.2608 0.0000
vt 0.0399 0.2608 0.0000
vt 0.0400 0.2608 0.0000
vt 0.0396 0.2614 0.0000
vt 0.0397 0.2614 0.0000
vt 0.0394 0.2612 0.0000
vt 0.0399 0.2612 0.0000
vt 0.0400 0.2612 0.0000
vt 0.0400 0.2614 0.0000
vt 0.0396 0.2615 0.0000
vt 0.0394 0.2615 0.0000
vt 0.0393 0.2612 0.0000
vt 0.0393 0.2615 0.0000
vt 0.0393 0.2618 0.0000
vt 0.0396 0.2607 0.0000
vt 0.0393 0.2611 0.0000
vt 0.0397 0.2607 0.0000
vt 0.0396 0.2621 0.0000
vt 0.0397 0.2621 0.0000
vt 0.0393 0.2603 0.0000
vt 0.0392 0.2605 0.0000
vt 0.0394 0.2603 0.0000
vt 0.0391 0.2607 0.0000
vt 0.0401 0.2605 0.0000
vt 0.0400 0.2603 0.0000
vt 0.0402 0.2607 0.0000
vt 0.0399 0.2603 0.0000
vt 0.0403 0.2617 0.0000
vt 0.0402 0.2621 0.0000
vt 0.0403 0.2615 0.0000
vt 0.0390 0.2617 0.0000
vt 0.0390 0.2620 0.0000
vt 0.0390 0.2615 0.0000
vt 0.0391 0.2622 0.0000
vt 0.0396 0.2627 0.0000
vt 0.0397 0.2627 0.0000
vt 0.0395 0.2626 0.0000
vt 0.0399 0.2626 0.0000
# 187 texture coords

o DrawCall_0319
g DrawCall_0319
usemtl 24fe1dbe_dds
s 1
f 613/419/564 614/420/565 615/421/564 
f 613/419/564 615/421/564 616/422/566 
f 617/423/564 618/424/567 614/420/565 
f 617/423/564 614/420/565 613/419/564 
f 619/425/564 620/426/564 618/424/567 
f 619/425/564 618/424/567 617/423/564 
f 621/427/564 622/428/564 620/426/564 
f 621/427/564 620/426/564 619/425/564 
f 623/427/565 624/429/565 622/428/564 
f 623/427/565 622/428/564 621/427/564 
f 625/430/566 626/431/566 624/429/565 
f 625/430/566 624/429/565 623/427/565 
f 627/432/566 628/433/566 626/431/566 
f 627/432/566 626/431/566 625/430/566 
f 629/432/566 630/434/566 628/433/566 
f 629/432/566 628/433/566 627/432/566 
f 631/435/566 632/436/564 630/434/566 
f 631/435/566 630/434/566 629/432/566 
f 633/435/564 634/437/564 632/436/564 
f 633/435/564 632/436/564 631/435/566 
f 635/435/564 636/438/566 634/437/564 
f 635/435/564 634/437/564 633/435/564 
f 637/439/564 638/440/564 636/438/566 
f 637/439/564 636/438/566 635/435/564 
f 639/441/564 640/442/566 638/440/564 
f 639/441/564 638/440/564 637/439/564 
f 641/441/566 642/443/566 640/442/566 
f 641/441/566 640/442/566 639/441/564 
f 643/444/567 644/445/566 642/443/566 
f 643/444/567 642/443/566 641/441/566 
f 645/446/566 646/447/564 644/445/566 
f 645/446/566 644/445/566 643/444/567 
f 647/448/564 648/449/564 646/447/564 
f 647/448/564 646/447/564 645/446/566 
f 649/450/566 650/451/564 648/449/564 
f 649/450/566 648/449/564 647/448/564 
f 651/450/564 652/452/564 650/451/564 
f 651/450/564 650/451/564 649/450/566 
f 616/422/566 615/421/564 652/452/564 
f 616/422/566 652/452/564 651/450/564 
f 653/420/566 654/453/566 655/454/564 
f 653/420/566 655/454/564 656/454/564 
f 657/424/566 658/455/566 654/453/566 
f 657/424/566 654/453/566 653/420/566 
f 659/426/564 660/426/566 658/455/566 
f 659/426/564 658/455/566 657/424/566 
f 661/428/566 662/428/566 660/426/566 
f 661/428/566 660/426/566 659/426/564 
f 663/429/564 664/429/564 662/428/566 
f 663/429/564 662/428/566 661/428/566 
f 665/431/564 666/456/564 664/429/564 
f 665/431/564 664/429/564 663/429/564 
f 667/433/564 668/457/564 666/456/564 
f 667/433/564 666/456/564 665/431/564 
f 669/458/564 670/459/564 668/457/564 
f 669/458/564 668/457/564 667/433/564 
f 671/436/566 672/460/566 670/459/564 
f 671/436/566 670/459/564 669/458/564 
f 673/436/566 674/460/564 672/460/566 
f 673/436/566 672/460/566 671/436/566 
f 675/438/564 676/461/566 674/460/564 
f 675/438/564 674/460/564 673/436/566 
f 677/440/566 678/462/566 676/461/566 
f 677/440/566 676/461/566 675/438/564 
f 679/442/564 680/442/564 678/462/566 
f 679/442/564 678/462/566 677/440/566 
f 681/443/564 682/443/564 680/442/564 
f 681/443/564 680/442/564 679/442/564 
f 683/445/564 684/445/564 682/443/564 
f 683/445/564 682/443/564 681/443/564 
f 685/447/566 686/463/566 684/445/564 
f 685/447/566 684/445/564 683/445/564 
f 687/449/567 688/464/567 686/463/566 
f 687/449/567 686/463/566 685/447/566 
f 689/452/567 690/452/566 688/464/567 
f 689/452/567 688/464/567 687/449/567 
f 691/452/566 692/465/566 690/452/566 
f 691/452/566 690/452/566 689/452/567 
f 656/454/564 655/454/564 692/465/566 
f 656/454/564 692/465/566 691/452/566 
f 693/466/568 694/467/569 695/468/570 
f 693/466/568 695/468/570 696/469/571 
f 697/470/572 698/471/573 694/467/569 
f 697/470/572 694/467/569 693/466/568 
f 699/472/574 700/472/575 701/473/576 
f 699/472/574 701/473/576 702/473/577 
f 703/474/578 699/472/574 702/473/577 
f 703/474/578 702/473/577 704/475/579 
f 705/474/580 703/474/578 704/475/579 
f 705/474/580 704/475/579 706/476/581 
f 707/477/582 708/478/583 701/473/576 
f 707/477/582 701/473/576 700/472/575 
f 709/479/584 710/480/585 708/478/583 
f 709/479/584 708/478/583 707/477/582 
f 711/481/586 712/482/587 713/483/587 
f 711/481/586 713/483/587 714/484/588 
f 715/485/589 711/481/586 714/484/588 
f 715/485/589 714/484/588 716/486/590 
f 717/485/591 715/485/589 716/486/590 
f 717/485/591 716/486/590 718/487/592 
f 719/488/593 720/489/594 713/490/595 
f 719/488/593 713/490/595 712/491/596 
f 721/429/597 722/492/598 720/489/594 
f 721/429/597 720/489/594 719/488/593 
f 723/429/599 724/493/600 722/492/598 
f 723/429/599 722/492/598 721/429/597 
f 725/494/601 726/494/602 727/495/603 
f 725/494/601 727/495/603 728/495/604 
f 729/496/605 725/494/601 728/495/604 
f 729/496/605 728/495/604 730/497/606 
f 731/430/607 729/496/605 730/497/606 
f 731/430/607 730/497/606 724/493/600 
f 732/439/608 733/498/609 727/495/603 
f 732/439/608 727/495/603 726/494/602 
f 734/442/610 735/499/611 733/498/609 
f 734/442/610 733/498/609 732/439/608 
f 736/500/612 737/500/613 738/501/614 
f 736/500/612 738/501/614 739/501/615 
f 740/502/616 736/500/612 739/501/615 
f 740/502/616 739/501/615 741/503/617 
f 742/504/618 740/502/616 741/503/617 
f 742/504/618 741/503/617 743/505/619 
f 744/506/620 745/507/621 738/501/614 
f 744/506/620 738/501/614 737/500/613 
f 746/508/622 747/509/623 745/507/621 
f 746/508/622 745/507/621 744/506/620 
f 748/469/624 696/469/571 695/468/570 
f 748/469/624 695/468/570 749/468/625 
f 750/510/626 748/469/624 749/468/625 
f 750/510/626 749/468/625 751/511/627 
f 752/510/628 750/510/626 751/511/627 
f 752/510/628 751/511/627 753/512/629 
f 754/446/630 755/439/631 756/439/632 
f 754/446/630 756/439/632 757/446/633 
f 758/445/634 759/442/635 755/439/631 
f 758/445/634 755/439/631 754/446/630 
f 760/445/636 761/442/637 759/442/635 
f 760/445/636 759/442/635 758/445/634 
f 762/513/638 763/504/638 761/442/637 
f 762/513/638 761/442/637 760/445/636 
f 764/514/639 765/502/640 763/504/638 
f 764/514/639 763/504/638 762/513/638 
f 766/514/641 767/502/642 765/502/640 
f 766/514/641 765/502/640 764/514/639 
f 768/515/643 769/500/644 767/502/642 
f 768/515/643 767/502/642 766/514/641 
f 770/515/645 771/500/646 769/500/644 
f 770/515/645 769/500/644 768/515/643 
f 772/516/647 773/506/647 771/500/646 
f 772/516/647 771/500/646 770/515/645 
f 774/517/648 775/518/649 773/518/650 
f 774/517/648 773/518/650 772/517/650 
f 776/519/651 777/491/652 775/518/649 
f 776/519/651 775/518/649 774/517/648 
f 778/520/653 779/488/654 777/491/652 
f 778/520/653 777/491/652 776/519/651 
f 780/520/655 781/488/656 779/488/654 
f 780/520/655 779/488/654 778/520/653 
f 782/426/657 783/429/657 781/488/656 
f 782/426/657 781/488/656 780/520/655 
f 784/423/658 785/430/659 783/429/657 
f 784/423/658 783/429/657 782/426/657 
f 786/423/660 787/430/661 785/430/659 
f 786/423/660 785/430/659 784/423/658 
f 788/419/662 789/496/663 787/430/661 
f 788/419/662 787/430/661 786/423/660 
f 790/419/664 791/496/665 789/496/663 
f 790/419/664 789/496/663 788/419/662 
f 792/448/666 793/494/667 791/496/665 
f 792/448/666 791/496/665 790/419/664 
f 757/446/633 756/439/632 793/494/667 
f 757/446/633 793/494/667 792/448/666 
f 794/459/668 653/496/669 656/496/670 
f 794/459/668 656/496/670 795/459/671 
f 796/521/672 657/430/673 653/496/669 
f 796/521/672 653/496/669 794/459/668 
f 797/521/674 659/430/675 657/430/673 
f 797/521/674 657/430/673 796/521/672 
f 798/522/676 661/429/676 659/430/675 
f 798/522/676 659/430/675 797/521/674 
f 799/523/677 663/488/678 661/429/676 
f 799/523/677 661/429/676 798/522/676 
f 800/523/679 665/488/680 663/488/678 
f 800/523/679 663/488/678 799/523/677 
f 801/524/681 667/491/682 665/488/680 
f 801/524/681 665/488/680 800/523/679 
f 802/525/683 669/518/684 667/491/682 
f 802/525/683 667/491/682 801/524/681 
f 803/525/685 671/518/685 669/518/684 
f 803/525/685 669/518/684 802/525/683 
f 804/526/686 673/500/687 671/506/688 
f 804/526/686 671/506/688 803/527/688 
f 805/526/689 675/500/690 673/500/687 
f 805/526/689 673/500/687 804/526/686 
f 806/528/691 677/502/692 675/500/690 
f 806/528/691 675/500/690 805/526/689 
f 807/528/693 679/502/694 677/502/692 
f 807/528/693 677/502/692 806/528/691 
f 808/529/695 681/504/695 679/502/694 
f 808/529/695 679/502/694 807/528/693 
f 809/530/696 683/442/697 681/504/695 
f 809/530/696 681/504/695 808/529/695 
f 810/530/698 685/442/699 683/442/697 
f 810/530/698 683/442/697 809/530/696 
f 811/531/700 687/439/701 685/442/699 
f 811/531/700 685/442/699 810/530/698 
f 812/531/702 689/439/703 687/439/701 
f 812/531/702 687/439/701 811/531/700 
f 813/460/704 691/494/705 689/439/703 
f 813/460/704 689/439/703 812/531/702 
f 795/459/671 656/496/670 691/494/705 
f 795/459/671 691/494/705 813/460/704 
f 654/532/689 814/464/690 815/452/706 
f 654/532/689 815/452/706 655/465/686 
f 658/533/691 816/534/692 814/464/690 
f 658/533/691 814/464/690 654/532/689 
f 660/533/693 817/534/694 816/534/692 
f 660/533/693 816/534/692 658/533/691 
f 662/535/695 818/536/695 817/534/694 
f 662/535/695 817/534/694 660/533/693 
f 664/537/696 819/538/697 818/536/695 
f 664/537/696 818/536/695 662/535/695 
f 666/537/698 820/538/699 819/538/697 
f 666/537/698 819/538/697 664/537/696 
f 668/539/700 821/540/701 820/538/699 
f 668/539/700 820/538/699 666/537/698 
f 670/539/702 822/540/703 821/540/701 
f 670/539/702 821/540/701 668/539/700 
f 672/541/707 823/542/707 822/540/703 
f 672/541/707 822/540/703 670/539/702 
f 674/543/671 824/544/670 823/544/708 
f 674/543/671 823/544/708 672/543/708 
f 676/545/668 825/546/669 824/544/670 
f 676/545/668 824/544/670 674/543/671 
f 678/547/672 826/548/673 825/546/669 
f 678/547/672 825/546/669 676/545/668 
f 680/547/674 827/548/675 826/548/673 
f 680/547/674 826/548/673 678/547/672 
f 682/549/676 828/550/676 827/548/675 
f 682/549/676 827/548/675 680/547/674 
f 684/549/677 829/550/678 828/550/676 
f 684/549/677 828/550/676 682/549/676 
f 686/551/679 830/453/680 829/550/678 
f 686/551/679 829/550/678 684/549/677 
f 688/552/681 831/454/682 830/453/680 
f 688/552/681 830/453/680 686/551/679 
f 690/552/683 832/454/684 831/454/682 
f 690/552/683 831/454/682 688/552/681 
f 692/465/709 833/452/710 832/454/684 
f 692/465/709 832/454/684 690/552/683 
f 655/465/686 815/452/706 833/452/710 
f 655/465/686 833/452/710 692/465/709 
f 814/464/566 834/464/566 835/452/566 
f 814/464/566 835/452/566 815/452/566 
f 816/534/566 836/534/566 834/464/566 
f 816/534/566 834/464/566 814/464/566 
f 817/534/566 837/534/566 836/534/566 
f 817/534/566 836/534/566 816/534/566 
f 818/536/566 838/536/566 837/534/566 
f 818/536/566 837/534/566 817/534/566 
f 819/538/564 839/538/564 838/536/566 
f 819/538/564 838/536/566 818/536/566 
f 820/538/564 840/538/564 839/538/564 
f 820/538/564 839/538/564 819/538/564 
f 821/540/567 841/540/567 840/538/564 
f 821/540/567 840/538/564 820/538/564 
f 822/540/566 842/540/566 841/540/567 
f 822/540/566 841/540/567 821/540/567 
f 823/542/566 843/542/564 842/540/566 
f 823/542/566 842/540/566 822/540/566 
f 824/544/566 844/544/564 843/544/564 
f 824/544/566 843/544/564 823/544/564 
f 825/546/565 845/546/565 844/544/564 
f 825/546/565 844/544/564 824/544/566 
f 826/548/711 846/548/711 845/546/565 
f 826/548/711 845/546/565 825/546/565 
f 827/548/564 847/548/566 846/548/711 
f 827/548/564 846/548/711 826/548/711 
f 828/550/566 848/550/566 847/548/566 
f 828/550/566 847/548/566 827/548/564 
f 829/550/567 849/550/567 848/550/566 
f 829/550/567 848/550/566 828/550/566 
f 830/453/566 850/453/564 849/550/567 
f 830/453/566 849/550/567 829/550/567 
f 831/454/564 851/454/564 850/453/564 
f 831/454/564 850/453/564 830/453/566 
f 832/454/564 852/454/564 851/454/564 
f 832/454/564 851/454/564 831/454/564 
f 833/452/566 853/452/566 852/454/564 
f 833/452/566 852/454/564 832/454/564 
f 815/452/566 835/452/566 853/452/566 
f 815/452/566 853/452/566 833/452/566 
f 834/464/689 854/446/690 855/448/706 
f 834/464/689 855/448/706 835/452/686 
f 836/534/691 856/445/692 854/446/690 
f 836/534/691 854/446/690 834/464/689 
f 837/534/576 857/445/694 856/445/692 
f 837/534/576 856/445/692 836/534/691 
f 838/536/695 858/513/695 857/445/694 
f 838/536/695 857/445/694 837/534/576 
f 839/538/696 859/514/697 858/513/695 
f 839/538/696 858/513/695 838/536/695 
f 840/538/698 860/514/712 859/514/697 
f 840/538/698 859/514/697 839/538/696 
f 841/540/700 861/515/701 860/514/712 
f 841/540/700 860/514/712 840/538/698 
f 842/540/702 862/515/703 861/515/701 
f 842/540/702 861/515/701 841/540/700 
f 843/542/707 863/516/707 862/515/703 
f 843/542/707 862/515/703 842/540/702 
f 844/544/671 864/517/670 863/517/708 
f 844/544/671 863/517/708 843/544/708 
f 845/546/668 865/519/669 864/517/670 
f 845/546/668 864/517/670 844/544/671 
f 846/548/672 866/520/673 865/519/669 
f 846/548/672 865/519/669 845/546/668 
f 847/548/674 867/520/675 866/520/673 
f 847/548/674 866/520/673 846/548/672 
f 848/550/676 868/426/676 867/520/675 
f 848/550/676 867/520/675 847/548/674 
f 849/550/677 869/426/678 868/426/676 
f 849/550/677 868/426/676 848/550/676 
f 850/453/679 870/423/680 869/426/678 
f 850/453/679 869/426/678 849/550/677 
f 851/454/681 871/419/682 870/423/680 
f 851/454/681 870/423/680 850/453/679 
f 852/454/683 872/419/684 871/419/682 
f 852/454/683 871/419/682 851/454/681 
f 853/452/709 873/448/710 872/419/684 
f 853/452/709 872/419/684 852/454/683 
f 835/452/686 855/448/706 873/448/710 
f 835/452/686 873/448/710 853/452/709 
f 874/446/713 693/444/714 696/553/570 
f 874/446/713 696/553/570 875/448/571 
f 876/445/715 697/554/716 693/444/714 
f 876/445/715 693/444/714 874/446/713 
f 877/555/717 697/554/716 876/445/715 
f 877/555/717 876/445/715 878/513/718 
f 879/421/574 880/451/575 700/450/576 
f 879/421/574 700/450/576 699/422/574 
f 881/420/719 879/421/574 699/422/574 
f 881/420/719 699/422/574 703/424/720 
f 705/556/721 882/455/722 881/420/719 
f 705/556/721 881/420/719 703/424/720 
f 883/449/582 707/447/723 700/450/576 
f 883/449/582 700/450/576 880/451/575 
f 884/463/724 709/557/725 707/447/723 
f 884/463/724 707/447/723 883/449/582 
f 885/558/726 709/557/725 884/463/724 
f 885/558/726 884/463/724 886/559/727 
f 887/434/728 888/437/729 712/436/730 
f 887/434/728 712/436/730 711/458/731 
f 889/433/732 887/434/728 711/458/731 
f 889/433/732 711/458/731 715/457/733 
f 717/560/734 890/456/735 889/433/732 
f 717/560/734 889/433/732 715/457/733 
f 891/438/593 719/461/736 712/436/730 
f 891/438/593 712/436/730 888/437/729 
f 892/462/737 721/561/738 719/461/736 
f 892/462/737 719/461/736 891/438/593 
f 723/562/739 721/561/738 892/462/737 
f 723/562/739 892/462/737 893/563/740 
f 894/459/601 895/460/678 726/564/603 
f 894/459/601 726/564/603 725/565/741 
f 896/521/742 894/459/601 725/565/741 
f 896/521/742 725/565/741 729/566/605 
f 731/567/743 897/522/744 896/521/742 
f 731/567/743 896/521/742 729/566/605 
f 898/531/608 732/568/745 726/564/603 
f 898/531/608 726/564/603 895/460/678 
f 899/530/746 734/569/747 732/568/745 
f 899/530/746 732/568/745 898/531/608 
f 900/570/748 734/569/747 899/530/746 
f 900/570/748 899/530/746 901/529/749 
f 902/571/612 903/572/613 737/435/614 
f 902/571/612 737/435/614 736/432/750 
f 904/427/751 902/571/612 736/432/750 
f 904/427/751 736/432/750 740/431/752 
f 742/573/753 905/428/754 904/427/751 
f 742/573/753 904/427/751 740/431/752 
f 906/441/620 744/440/755 737/435/614 
f 906/441/620 737/435/614 903/572/613 
f 907/443/756 746/574/757 744/440/755 
f 907/443/756 744/440/755 906/441/620 
f 908/575/758 746/574/757 907/443/756 
f 908/575/758 907/443/756 909/576/759 
f 910/419/624 875/448/571 696/553/570 
f 910/419/624 696/553/570 748/577/760 
f 911/423/761 910/419/624 748/577/760 
f 911/423/761 748/577/760 750/425/762 
f 752/578/763 912/426/764 911/423/761 
f 752/578/763 911/423/761 750/425/762 
f 913/513/765 914/555/766 877/555/717 
f 913/513/765 877/555/717 878/513/718 
f 915/513/767 916/555/768 914/555/766 
f 915/513/767 914/555/766 913/513/765 
f 916/555/768 915/513/767 917/513/769 
f 918/455/770 882/455/722 705/556/721 
f 918/455/770 705/556/721 919/556/771 
f 920/455/772 918/455/770 919/556/771 
f 920/455/772 919/556/771 921/556/773 
f 921/556/773 922/455/774 920/455/772 
f 923/559/775 924/558/776 885/558/726 
f 923/559/775 885/558/726 886/559/727 
f 925/559/777 926/558/778 924/558/776 
f 925/559/777 924/558/776 923/559/775 
f 926/558/778 925/559/777 927/559/779 
f 928/456/780 890/456/735 717/560/734 
f 928/456/780 717/560/734 929/560/781 
f 930/456/782 928/456/780 929/560/781 
f 930/456/782 929/560/781 931/560/783 
f 931/560/783 932/456/784 930/456/782 
f 933/563/785 934/562/786 723/562/739 
f 933/563/785 723/562/739 893/563/740 
f 935/563/787 936/562/788 934/562/786 
f 935/563/787 934/562/786 933/563/785 
f 936/562/788 935/563/787 937/563/789 
f 938/522/790 897/522/744 731/567/743 
f 938/522/790 731/567/743 939/567/791 
f 940/522/792 938/522/790 939/567/791 
f 940/522/792 939/567/791 941/567/793 
f 941/567/793 942/522/794 940/522/792 
f 943/529/795 944/570/796 900/570/748 
f 943/529/795 900/570/748 901/529/749 
f 945/529/797 946/570/798 944/570/796 
f 945/529/797 944/570/796 943/529/795 
f 946/570/798 945/529/797 947/529/799 
f 948/428/800 905/428/754 742/573/753 
f 948/428/800 742/573/753 949/573/801 
f 950/428/802 948/428/800 949/573/801 
f 950/428/802 949/573/801 951/573/803 
f 951/573/803 952/428/804 950/428/802 
f 953/576/805 954/575/806 908/575/758 
f 953/576/805 908/575/758 909/576/759 
f 955/576/807 956/575/808 954/575/806 
f 955/576/807 954/575/806 953/576/805 
f 956/575/808 955/576/807 957/576/809 
f 958/426/810 912/426/764 752/578/763 
f 958/426/810 752/578/763 959/578/811 
f 960/426/812 958/426/810 959/578/811 
f 960/426/812 959/578/811 961/578/813 
f 961/578/813 962/426/814 960/426/812 
f 963/488/815 702/488/816 701/579/817 
f 963/488/815 701/579/817 964/579/818 
f 965/580/819 704/580/819 702/488/816 
f 965/580/819 702/488/816 963/488/815 
f 966/520/820 706/520/820 704/580/819 
f 966/520/820 704/580/819 965/580/819 
f 967/550/821 968/549/822 695/453/823 
f 967/550/821 695/453/823 694/455/824 
f 969/581/825 967/550/821 694/455/824 
f 969/581/825 694/455/824 698/556/825 
f 966/520/820 969/581/825 698/556/825 
f 966/520/820 698/556/825 706/520/820 
f 970/582/826 714/565/827 713/565/828 
f 970/582/826 713/565/828 971/582/829 
f 972/566/830 716/566/830 714/565/827 
f 972/566/830 714/565/827 970/582/826 
f 973/522/831 718/521/831 716/566/830 
f 973/522/831 716/566/830 972/566/830 
f 974/583/832 964/579/818 701/579/817 
f 974/583/832 701/579/817 708/456/833 
f 975/560/834 974/583/832 708/456/833 
f 975/560/834 708/456/833 710/560/834 
f 973/522/831 975/560/834 710/560/834 
f 973/522/831 710/560/834 718/521/831 
f 976/563/835 728/462/836 727/575/837 
f 976/563/835 727/575/837 977/575/838 
f 978/561/839 730/561/840 728/462/836 
f 978/561/839 728/462/836 976/563/835 
f 979/530/841 724/531/841 730/561/840 
f 979/530/841 730/561/840 978/561/839 
f 980/584/842 971/582/829 713/565/828 
f 980/584/842 713/565/828 720/564/843 
f 981/568/844 980/584/842 720/564/843 
f 981/568/844 720/564/843 722/568/844 
f 979/530/841 981/568/844 722/568/844 
f 979/530/841 722/568/844 724/531/841 
f 982/534/845 739/463/846 738/464/847 
f 982/534/845 738/464/847 983/533/848 
f 984/559/849 741/557/850 739/463/846 
f 984/559/849 739/463/846 982/534/845 
f 985/513/851 743/513/851 741/557/850 
f 985/513/851 741/557/850 984/559/849 
f 986/504/852 977/575/838 727/575/837 
f 986/504/852 727/575/837 733/504/853 
f 987/555/854 986/504/852 733/504/853 
f 987/555/854 733/504/853 735/555/855 
f 985/513/851 987/555/854 735/555/855 
f 985/513/851 735/555/855 743/513/851 
f 988/551/856 749/551/857 695/453/823 
f 988/551/856 695/453/823 968/549/822 
f 989/585/858 751/552/858 749/551/857 
f 989/585/858 749/551/857 988/551/856 
f 990/585/859 753/552/859 751/552/858 
f 990/585/859 751/552/858 989/585/858 
f 991/532/860 983/533/848 738/464/847 
f 991/532/860 738/464/847 745/532/861 
f 992/586/862 991/532/860 745/532/861 
f 992/586/862 745/532/861 747/465/862 
f 990/585/859 992/586/862 747/465/862 
f 990/585/859 747/465/862 753/552/859 
f 916/426/863 921/578/864 919/578/865 
f 916/426/863 919/578/865 914/426/866 
f 929/521/867 924/560/868 926/457/869 
f 929/521/867 926/457/869 931/457/870 
f 993/435/871 994/494/871 941/461/872 
f 993/435/871 941/461/872 936/461/873 
f 995/431/874 996/430/874 951/571/875 
f 995/431/874 951/571/875 946/494/875 
f 954/452/876 959/454/877 752/454/878 
f 954/452/876 752/454/878 908/452/879 
f 900/442/880 743/505/619 735/499/611 
f 900/442/880 735/499/611 734/442/610 
f 743/505/619 900/442/880 742/504/618 
f 946/494/875 951/571/875 949/571/881 
f 946/494/875 949/571/881 944/494/882 
f 944/494/882 949/571/881 742/571/883 
f 944/494/882 742/571/883 900/494/884 
f 931/457/870 926/457/869 997/496/885 
f 931/457/870 997/496/885 998/432/885 
f 717/521/886 885/560/887 924/560/868 
f 717/521/886 924/560/868 929/521/867 
f 885/479/888 718/487/592 710/480/585 
f 885/479/888 710/480/585 709/479/584 
f 718/487/592 885/479/888 717/485/591 
f 724/493/600 723/429/599 731/430/607 
f 999/577/889 1000/427/889 921/578/864 
f 999/577/889 921/578/864 916/426/863 
f 914/426/866 919/578/865 705/578/890 
f 914/426/866 705/578/890 877/556/891 
f 877/470/892 706/476/581 698/471/573 
f 877/470/892 698/471/573 697/470/572 
f 706/476/581 877/470/892 705/474/580 
f 1001/448/893 1002/419/893 961/454/894 
f 1001/448/893 961/454/894 956/452/895 
f 956/452/895 961/454/894 959/454/877 
f 956/452/895 959/454/877 954/452/876 
f 753/512/629 908/508/896 752/510/628 
f 908/508/896 753/512/629 747/509/623 
f 908/508/896 747/509/623 746/508/622 
f 1003/456/897 1004/459/897 937/587/897 
f 1003/456/897 937/587/897 942/588/897 
f 993/565/898 936/589/899 937/587/900 
f 993/565/898 937/587/900 1004/459/901 
f 994/579/902 1003/456/903 942/588/904 
f 994/579/902 942/588/904 941/590/905 
f 1005/531/906 1006/462/906 927/591/906 
f 1005/531/906 927/591/906 932/592/906 
f 997/575/907 926/593/908 927/591/909 
f 997/575/907 927/591/909 1006/462/910 
f 998/564/911 1005/531/912 932/592/913 
f 998/564/911 932/592/913 931/594/914 
f 1007/555/915 1008/463/916 917/541/915 
f 1007/555/915 917/541/915 922/595/915 
f 999/534/917 916/596/918 917/541/919 
f 999/534/917 917/541/919 1008/463/686 
f 1000/504/920 1007/555/671 922/595/921 
f 1000/504/920 922/595/921 921/597/922 
f 1009/455/923 1010/578/923 947/598/923 
f 1009/455/923 947/598/923 952/599/923 
f 995/488/924 946/600/925 947/598/926 
f 995/488/924 947/598/926 1010/578/927 
f 996/549/928 1009/455/929 952/599/930 
f 996/549/928 952/599/930 951/601/931 
f 1011/532/932 1012/552/932 957/602/932 
f 1011/532/932 957/602/932 962/603/932 
f 1001/551/933 956/604/934 957/602/935 
f 1001/551/933 957/602/935 1012/552/936 
f 1002/533/937 1011/532/938 962/603/939 
f 1002/533/937 962/603/939 961/605/940 
f 936/461/873 941/461/872 939/461/941 
f 936/461/873 939/461/941 934/531/941 
f 934/531/941 939/461/941 731/561/942 
f 934/531/941 731/561/942 723/531/943 
# 575 faces

